timestamp,hour,day_of_week,is_weekend,ambient_temp,humidity,irradiance_wm2,solar_kw,load_kw,price,grid_voltage,grid_freq,grid_status,solar_fc_1h,load_fc_1h,solar_fc_4h,load_fc_4h,batt_temp
2026-01-01T00:00:00,0.0,3,0,18.21,72.95,0.0,0.0,1.322,4.5,232.57,50.0,1,0.127,1.027,0.0,1.067,21.14
2026-01-01T00:15:00,0.25,3,0,17.08,79.3,0.0,0.0,1.302,4.5,221.88,50.13,1,0.0,1.003,0.0,1.168,20.14
2026-01-01T00:30:00,0.5,3,0,19.33,73.44,0.0,0.0,1.368,4.5,226.49,49.98,1,0.173,0.805,0.475,1.521,21.37
2026-01-01T00:45:00,0.75,3,0,19.32,68.65,0.0,0.0,1.23,4.5,232.42,50.17,1,0.0,1.54,0.197,1.009,21.35
2026-01-01T01:00:00,1.0,3,0,18.44,74.15,0.0,0.0,0.977,4.5,225.51,49.99,1,0.063,1.658,0.45,1.418,21.05
2026-01-01T01:15:00,1.25,3,0,15.7,81.68,0.0,0.0,0.95,4.5,228.05,49.96,1,0.0,1.18,0.607,2.316,18.24
2026-01-01T01:30:00,1.5,3,0,18.4,76.16,0.0,0.0,1.125,4.5,230.68,50.13,1,0.065,0.774,0.0,2.014,20.68
2026-01-01T01:45:00,1.75,3,0,16.71,79.03,0.0,0.0,1.348,4.5,234.64,49.96,1,0.0,1.319,0.0,1.387,19.3
2026-01-01T02:00:00,2.0,3,0,15.79,83.43,0.0,0.0,1.161,4.5,230.25,49.94,1,0.185,0.995,0.133,1.651,18.2
2026-01-01T02:15:00,2.25,3,0,16.08,81.97,0.0,0.0,1.485,4.5,229.93,50.01,1,0.0,1.607,0.915,2.61,18.25
2026-01-01T02:30:00,2.5,3,0,16.46,79.46,0.0,0.0,1.013,4.5,224.74,50.06,1,0.0,1.785,0.684,2.29,19.38
2026-01-01T02:45:00,2.75,3,0,19.2,76.32,0.0,0.0,1.203,4.5,235.62,50.01,1,0.0,1.546,1.931,2.989,21.4
2026-01-01T03:00:00,3.0,3,0,16.63,74.71,0.0,0.0,1.207,4.5,231.98,50.09,1,0.0,1.261,1.145,2.889,19.39
2026-01-01T03:15:00,3.25,3,0,17.21,73.41,0.0,0.0,1.308,4.5,229.49,49.86,1,0.0,1.481,2.433,3.086,18.99
2026-01-01T03:30:00,3.5,3,0,16.88,79.03,0.0,0.0,1.636,4.5,233.88,49.88,1,0.0,1.166,2.776,4.258,19.28
2026-01-01T03:45:00,3.75,3,0,19.4,72.57,0.0,0.0,1.569,4.5,222.53,49.99,1,0.039,1.326,3.088,4.796,22.45
2026-01-01T04:00:00,4.0,3,0,18.12,74.12,0.0,0.0,1.449,4.5,233.17,50.17,1,0.125,1.331,2.733,4.46,21.12
2026-01-01T04:15:00,4.25,3,0,17.75,72.38,0.0,0.0,1.258,4.5,228.58,49.98,1,0.04,2.17,3.686,3.668,20.52
2026-01-01T04:30:00,4.5,3,0,17.59,73.95,0.0,0.0,1.039,4.5,228.28,49.98,1,0.0,1.913,3.401,4.977,20.39
2026-01-01T04:45:00,4.75,3,0,20.65,71.12,0.0,0.0,1.223,4.5,235.15,49.93,1,0.0,2.133,3.853,4.939,24.33
2026-01-01T05:00:00,5.0,3,0,19.24,73.06,0.0,0.0,1.497,4.5,234.9,49.91,1,0.029,2.345,4.771,5.204,22.37
2026-01-01T05:15:00,5.25,3,0,19.57,69.29,0.0,0.0,1.541,4.5,233.6,50.01,1,0.221,2.204,4.399,4.17,22.4
2026-01-01T05:30:00,5.5,3,0,22.37,69.91,0.0,0.0,1.633,4.5,234.0,50.06,1,0.766,2.795,5.148,4.87,24.29
2026-01-01T05:45:00,5.75,3,0,21.61,64.7,0.0,0.0,1.793,4.5,227.51,50.09,1,1.009,2.932,5.144,4.871,24.46
2026-01-01T06:00:00,6.0,3,0,22.14,67.08,26.05,0.234,2.053,7.0,232.43,49.92,1,1.479,2.829,5.786,3.945,24.3
2026-01-01T06:15:00,6.25,3,0,22.26,65.5,27.62,0.249,2.187,7.0,220.22,50.13,1,2.09,3.649,6.161,3.377,24.23
2026-01-01T06:30:00,6.5,3,0,21.56,69.09,84.4,0.76,2.463,7.0,224.77,49.86,1,2.697,4.234,5.559,3.81,24.56
2026-01-01T06:45:00,6.75,3,0,22.91,67.13,113.7,1.023,2.859,7.0,230.66,50.02,1,3.085,4.861,6.317,3.05,25.32
2026-01-01T07:00:00,7.0,3,0,23.75,65.61,167.9,1.511,2.982,7.0,230.59,50.01,1,3.073,4.78,6.32,3.24,26.05
2026-01-01T07:15:00,7.25,3,0,21.52,64.85,237.58,2.138,3.415,7.0,231.3,49.78,1,3.356,4.243,6.162,2.587,24.52
2026-01-01T07:30:00,7.5,3,0,23.62,64.99,268.8,2.419,3.821,7.0,227.7,50.04,1,4.028,4.81,6.802,2.433,26.11
2026-01-01T07:45:00,7.75,3,0,22.88,72.28,327.72,2.949,4.689,7.0,231.92,50.01,1,3.843,4.983,6.726,1.898,25.1
2026-01-01T08:00:00,8.0,3,0,28.1,57.69,354.88,3.194,4.713,7.0,230.05,50.04,1,4.898,5.185,6.093,1.372,30.25
2026-01-01T08:15:00,8.25,3,0,23.67,62.37,388.68,3.498,4.211,7.0,229.97,49.89,1,4.763,4.764,5.948,1.565,25.49
2026-01-01T08:30:00,8.5,3,0,25.62,64.95,435.53,3.92,5.165,7.0,231.42,50.06,1,4.925,5.169,5.968,1.753,28.67
2026-01-01T08:45:00,8.75,3,0,26.51,60.6,452.73,4.075,5.013,7.0,230.84,49.99,1,5.605,4.34,5.874,2.117,28.73
2026-01-01T09:00:00,9.0,3,0,28.37,60.61,532.41,4.792,5.157,7.0,224.11,50.3,1,5.491,3.443,5.741,2.647,30.88
2026-01-01T09:15:00,9.25,3,0,26.94,61.8,511.93,4.607,4.683,7.0,232.13,49.95,1,5.718,3.527,5.664,2.828,30.15
2026-01-01T09:30:00,9.5,3,0,29.85,54.36,572.29,5.151,4.829,7.0,231.19,50.01,1,5.486,3.648,5.465,2.447,32.5
2026-01-01T09:45:00,9.75,3,0,29.98,56.06,599.56,5.396,4.324,7.0,233.75,50.21,1,6.194,2.675,6.218,2.382,33.5
2026-01-01T10:00:00,10.0,3,0,30.13,53.13,611.94,5.507,3.841,7.0,229.33,50.06,1,6.148,2.826,4.938,2.101,32.91
2026-01-01T10:15:00,10.25,3,0,29.56,56.24,626.91,5.642,3.299,7.0,228.65,50.04,1,6.437,2.552,5.55,2.742,32.44
2026-01-01T10:30:00,10.5,3,0,30.19,55.62,618.93,5.57,3.561,7.0,231.62,50.21,1,6.283,2.48,5.425,3.01,33.34
2026-01-01T10:45:00,10.75,3,0,28.93,55.15,685.34,6.168,2.503,7.0,230.85,50.02,1,6.339,1.829,5.152,2.095,32.21
2026-01-01T11:00:00,11.0,3,0,31.41,47.9,690.97,6.219,3.083,7.0,233.42,50.01,1,6.481,1.805,4.406,1.692,33.56
2026-01-01T11:15:00,11.25,3,0,30.14,58.73,698.56,6.287,2.588,7.0,233.32,50.07,1,6.443,2.048,4.547,3.379,33.06
2026-01-01T11:30:00,11.5,3,0,32.99,47.63,707.59,6.368,2.607,7.0,232.53,49.87,1,6.693,2.333,3.6,2.157,35.06
2026-01-01T11:45:00,11.75,3,0,31.74,55.77,707.35,6.366,2.271,7.0,225.59,50.08,1,5.967,2.123,3.427,3.419,33.31
2026-01-01T12:00:00,12.0,3,0,30.15,55.7,720.72,6.486,1.729,7.0,230.79,49.97,1,5.821,2.386,2.978,2.512,31.59
2026-01-01T12:15:00,12.25,3,0,33.18,49.37,680.22,6.122,2.165,7.0,230.81,50.14,1,5.898,2.699,3.177,1.781,35.45
2026-01-01T12:30:00,12.5,3,0,31.58,51.47,724.94,6.524,2.426,7.0,225.92,50.14,1,5.824,2.628,2.336,3.881,34.18
2026-01-01T12:45:00,12.75,3,0,31.17,51.33,670.73,6.037,2.076,7.0,230.17,49.95,1,5.817,2.601,1.651,3.616,33.69
2026-01-01T13:00:00,13.0,3,0,34.0,50.97,667.58,6.008,2.448,7.0,230.02,50.09,1,5.677,2.338,1.127,3.161,36.84
2026-01-01T13:15:00,13.25,3,0,34.52,43.95,653.48,5.881,2.607,7.0,221.93,50.02,1,5.512,2.745,1.338,4.366,36.7
2026-01-01T13:30:00,13.5,3,0,33.39,50.78,657.61,5.918,2.391,7.0,229.06,50.12,1,5.045,2.64,1.151,4.363,36.2
2026-01-01T13:45:00,13.75,3,0,33.82,50.51,638.31,5.745,2.775,7.0,224.17,50.07,1,5.061,1.943,0.0,5.285,36.24
2026-01-01T14:00:00,14.0,3,0,33.05,47.95,628.32,5.655,2.365,7.0,222.74,49.98,1,4.173,2.216,0.0,4.356,35.63
2026-01-01T14:15:00,14.25,3,0,35.48,44.38,595.02,5.355,2.745,7.0,237.03,50.12,1,4.077,2.974,0.236,4.668,37.95
2026-01-01T14:30:00,14.5,3,0,34.38,42.34,544.75,4.903,2.466,7.0,229.53,49.95,1,4.263,2.516,0.0,5.622,36.08
2026-01-01T14:45:00,14.75,3,0,31.93,47.18,521.64,4.695,1.8,7.0,234.27,50.08,1,3.548,2.643,0.0,6.057,35.44
2026-01-01T15:00:00,15.0,3,0,32.82,44.05,506.83,4.561,2.297,7.0,230.48,50.1,1,2.874,2.478,0.0,5.759,34.9
2026-01-01T15:15:00,15.25,3,0,34.67,42.96,465.8,4.192,2.971,7.0,225.82,50.07,1,2.908,2.624,0.0,6.862,36.06
2026-01-01T15:30:00,15.5,3,0,31.15,52.94,457.24,4.115,2.601,7.0,224.79,49.96,1,1.838,3.663,0.226,7.45,33.11
2026-01-01T15:45:00,15.75,3,0,33.88,51.11,382.81,3.445,2.701,7.0,225.16,49.89,1,2.009,3.376,0.0,6.498,36.42
2026-01-01T16:00:00,16.0,3,0,30.36,52.86,318.65,2.868,2.381,7.0,233.96,49.96,1,1.663,3.056,0.0,5.114,32.02
2026-01-01T16:15:00,16.25,3,0,30.25,61.01,312.55,2.813,2.526,7.0,234.08,49.9,1,1.504,3.422,0.0,6.36,32.39
2026-01-01T16:30:00,16.5,3,0,33.36,54.95,252.11,2.269,3.588,7.0,220.38,50.06,1,0.905,3.934,0.0,5.964,36.22
2026-01-01T16:45:00,16.75,3,0,30.72,55.43,227.96,2.052,3.587,7.0,234.91,50.14,1,0.284,4.976,0.011,6.193,33.3
2026-01-01T17:00:00,17.0,3,0,29.6,55.17,167.39,1.506,3.174,7.0,228.95,50.02,1,0.0,5.347,0.058,4.674,33.26
2026-01-01T17:15:00,17.25,3,0,29.88,51.93,159.02,1.431,3.647,7.0,228.93,50.02,1,0.032,4.247,0.0,5.129,32.3
2026-01-01T17:30:00,17.5,3,0,31.58,45.69,73.27,0.659,4.207,7.0,223.08,50.0,1,0.0,5.37,0.0,4.907,34.62
2026-01-01T17:45:00,17.75,3,0,32.22,51.46,28.17,0.253,4.995,7.0,227.98,49.87,1,0.0,6.068,0.408,4.71,34.51
2026-01-01T18:00:00,18.0,3,0,29.99,50.19,0.0,0.0,5.233,11.5,230.89,50.08,1,0.0,5.838,0.0,4.273,32.55
2026-01-01T18:15:00,18.25,3,0,27.52,59.1,0.0,0.0,4.477,11.5,236.53,50.02,1,0.0,6.804,0.312,3.575,29.17
2026-01-01T18:30:00,18.5,3,0,29.76,55.92,0.0,0.0,5.501,11.5,233.76,50.02,1,0.0,6.803,0.0,2.756,32.56
2026-01-01T18:45:00,18.75,3,0,29.57,53.51,0.0,0.0,6.028,11.5,228.94,49.95,1,0.159,6.376,0.104,3.934,32.72
2026-01-01T19:00:00,19.0,3,0,24.76,67.14,0.0,0.0,5.765,11.5,230.98,49.96,1,0.196,6.301,0.0,2.855,28.11
2026-01-01T19:15:00,19.25,3,0,29.07,58.53,0.0,0.0,6.752,11.5,226.36,49.9,1,0.0,6.188,0.0,2.136,31.94
2026-01-01T19:30:00,19.5,3,0,27.56,57.39,0.0,0.0,6.638,11.5,227.23,50.03,1,0.0,6.443,0.0,2.352,29.68
2026-01-01T19:45:00,19.75,3,0,25.53,65.14,0.0,0.0,6.408,11.5,230.22,50.08,1,0.0,6.23,0.0,2.681,28.06
2026-01-01T20:00:00,20.0,3,0,24.12,60.02,0.0,0.0,6.109,11.5,234.85,49.96,1,0.0,5.688,0.599,1.251,27.05
2026-01-01T20:15:00,20.25,3,0,21.3,66.83,0.0,0.0,6.068,11.5,230.51,50.05,1,0.024,4.749,0.0,1.3,24.4
2026-01-01T20:30:00,20.5,3,0,22.99,61.78,0.0,0.0,6.448,11.5,231.72,50.03,1,0.0,5.08,0.075,0.965,24.67
2026-01-01T20:45:00,20.75,3,0,22.71,68.53,0.0,0.0,6.154,11.5,224.94,49.9,1,0.097,5.18,0.0,0.752,26.11
2026-01-01T21:00:00,21.0,3,0,23.06,64.52,0.0,0.0,5.496,11.5,222.22,49.88,1,0.132,4.608,0.0,1.721,26.72
2026-01-01T21:15:00,21.25,3,0,21.77,63.19,0.0,0.0,4.702,11.5,231.96,49.92,1,0.124,4.035,0.0,1.421,24.11
2026-01-01T21:30:00,21.5,3,0,20.16,66.43,0.0,0.0,5.002,11.5,231.23,50.05,1,0.237,3.358,0.252,0.426,22.64
2026-01-01T21:45:00,21.75,3,0,22.1,68.84,0.0,0.0,4.917,11.5,222.59,49.93,1,0.05,3.345,0.0,1.21,24.99
2026-01-01T22:00:00,22.0,3,0,19.23,68.03,0.0,0.0,4.506,4.5,225.87,49.97,1,0.0,2.936,0.566,2.169,22.23
2026-01-01T22:15:00,22.25,3,0,20.62,76.15,0.0,0.0,4.229,4.5,230.73,49.93,1,0.191,3.134,0.0,0.536,23.06
2026-01-01T22:30:00,22.5,3,0,21.55,72.46,0.0,0.0,3.372,4.5,224.02,50.15,1,0.238,2.14,0.0,1.703,24.09
2026-01-01T22:45:00,22.75,3,0,18.31,77.92,0.0,0.0,3.329,4.5,224.85,49.89,1,0.0,2.209,0.0,1.245,20.56
2026-01-01T23:00:00,23.0,3,0,19.64,77.04,0.0,0.0,3.154,4.5,236.12,50.07,1,0.111,1.073,0.377,2.238,21.54
2026-01-01T23:15:00,23.25,3,0,21.62,69.38,0.0,0.0,2.708,4.5,229.4,49.96,1,0.172,1.04,0.0,0.74,23.54
2026-01-01T23:30:00,23.5,3,0,18.62,76.95,0.0,0.0,2.276,4.5,233.34,50.03,1,0.0,0.43,0.632,1.597,20.82
2026-01-01T23:45:00,23.75,3,0,18.26,78.34,0.0,0.0,2.158,4.5,227.59,50.05,1,0.0,1.323,0.396,1.166,20.07
2026-01-02T00:00:00,0.0,4,0,19.53,70.4,0.0,0.0,1.405,4.5,229.84,50.07,1,0.113,1.501,0.0,1.471,21.96
2026-01-02T00:15:00,0.25,4,0,17.06,79.28,0.0,0.0,1.161,4.5,233.41,49.96,1,0.056,0.931,0.0,1.316,19.38
2026-01-02T00:30:00,0.5,4,0,17.57,75.1,0.0,0.0,0.4,4.5,232.89,49.91,1,0.0,0.644,0.364,1.025,19.92
2026-01-02T00:45:00,0.75,4,0,14.46,80.38,0.0,0.0,1.53,4.5,230.97,50.11,1,0.0,1.044,0.048,0.952,16.79
2026-01-02T01:00:00,1.0,4,0,16.78,83.52,0.0,0.0,1.552,4.5,224.64,49.92,1,0.294,1.754,0.0,0.987,19.31
2026-01-02T01:15:00,1.25,4,0,18.02,76.93,0.0,0.0,1.239,4.5,234.64,50.05,1,0.09,0.675,0.0,1.832,19.54
2026-01-02T01:30:00,1.5,4,0,16.14,80.77,0.0,0.0,0.819,4.5,231.05,49.87,1,0.0,1.148,0.0,1.662,18.34
2026-01-02T01:45:00,1.75,4,0,14.92,82.42,0.0,0.0,0.926,4.5,229.82,49.98,1,0.278,0.988,0.0,1.742,17.38
2026-01-02T02:00:00,2.0,4,0,15.78,79.45,0.0,0.0,1.602,4.5,231.42,50.24,1,0.038,1.53,0.12,3.561,18.32
2026-01-02T02:15:00,2.25,4,0,17.97,75.31,0.0,0.0,1.163,4.5,231.84,50.1,1,0.0,0.69,0.696,2.235,21.19
2026-01-02T02:30:00,2.5,4,0,16.69,78.83,0.0,0.0,1.632,4.5,224.67,50.08,1,0.021,1.514,0.914,2.472,19.71
2026-01-02T02:45:00,2.75,4,0,17.86,74.17,0.0,0.0,0.761,4.5,229.78,49.88,1,0.007,1.043,0.989,3.522,20.27
2026-01-02T03:00:00,3.0,4,0,14.63,79.51,0.0,0.0,1.655,4.5,223.34,50.08,1,0.034,1.633,2.01,3.664,16.78
2026-01-02T03:15:00,3.25,4,0,18.28,77.78,0.0,0.0,0.973,4.5,232.54,50.1,1,0.065,1.6,2.253,3.502,20.54
2026-01-02T03:30:00,3.5,4,0,15.51,84.97,0.0,0.0,1.373,4.5,231.92,50.06,1,0.008,0.96,3.073,3.783,18.76
2026-01-02T03:45:00,3.75,4,0,18.45,77.36,0.0,0.0,0.998,4.5,231.59,50.14,1,0.133,0.941,3.302,3.79,20.79
2026-01-02T04:00:00,4.0,4,0,17.61,70.49,0.0,0.0,1.416,4.5,228.57,50.09,1,0.223,0.907,4.047,5.201,20.75
2026-01-02T04:15:00,4.25,4,0,18.98,68.82,0.0,0.0,1.521,4.5,226.61,49.79,1,0.0,2.203,4.089,4.868,20.72
2026-01-02T04:30:00,4.5,4,0,19.73,71.26,0.0,0.0,0.938,4.5,236.3,50.08,1,0.17,1.617,5.102,6.045,23.03
2026-01-02T04:45:00,4.75,4,0,19.5,72.6,0.0,0.0,1.246,4.5,230.22,49.87,1,0.032,2.144,5.136,4.776,22.11
2026-01-02T05:00:00,5.0,4,0,20.53,74.38,0.0,0.0,1.19,4.5,222.81,50.18,1,0.023,1.831,6.029,4.199,23.22
2026-01-02T05:15:00,5.25,4,0,19.82,79.89,0.0,0.0,1.839,4.5,225.14,50.01,1,0.788,2.365,5.792,3.871,22.16
2026-01-02T05:30:00,5.5,4,0,18.96,76.35,0.0,0.0,1.393,4.5,226.75,50.03,1,0.649,2.457,6.107,4.097,21.51
2026-01-02T05:45:00,5.75,4,0,20.2,72.51,0.0,0.0,1.988,4.5,226.96,50.14,1,1.66,3.421,6.8,3.871,22.02
2026-01-02T06:00:00,6.0,4,0,19.02,76.77,0.0,0.0,2.192,7.0,226.41,50.03,1,1.91,3.55,6.893,4.506,21.1
2026-01-02T06:15:00,6.25,4,0,20.98,69.51,81.53,0.734,2.514,7.0,230.09,50.09,1,2.282,3.414,7.36,3.993,23.68
2026-01-02T06:30:00,6.5,4,0,23.68,68.24,93.98,0.846,2.495,7.0,232.93,50.07,1,3.087,4.324,7.624,3.244,26.99
2026-01-02T06:45:00,6.75,4,0,22.93,59.06,170.35,1.533,3.332,7.0,238.42,49.75,1,3.334,4.421,7.206,2.706,25.61
2026-01-02T07:00:00,7.0,4,0,22.31,68.28,218.23,1.964,3.432,7.0,232.75,49.84,1,3.833,4.494,7.552,1.814,24.52
2026-01-02T07:15:00,7.25,4,0,24.84,65.19,261.28,2.351,3.377,7.0,230.06,50.12,1,4.126,4.582,7.472,2.524,27.66
2026-01-02T07:30:00,7.5,4,0,22.69,66.91,339.71,3.057,4.166,7.0,231.93,49.85,1,4.572,5.465,7.762,1.513,25.91
2026-01-02T07:45:00,7.75,4,0,22.99,63.04,375.08,3.376,4.235,7.0,232.72,50.11,1,5.199,4.763,7.506,1.807,25.68
2026-01-02T08:00:00,8.0,4,0,25.3,63.72,429.22,3.863,4.59,7.0,231.65,50.07,1,5.597,4.295,7.227,2.26,27.88
2026-01-02T08:15:00,8.25,4,0,25.54,54.56,477.87,4.301,4.772,7.0,230.36,49.94,1,5.823,4.76,7.968,2.686,27.18
2026-01-02T08:30:00,8.5,4,0,26.73,60.96,522.91,4.706,5.31,7.0,227.39,50.15,1,6.465,4.357,7.762,2.603,28.81
2026-01-02T08:45:00,8.75,4,0,28.07,57.86,576.7,5.19,4.658,7.0,230.35,49.84,1,6.448,4.211,7.626,1.782,31.01
2026-01-02T09:00:00,9.0,4,0,27.83,52.85,637.53,5.738,4.438,7.0,236.82,49.9,1,6.662,3.381,7.213,1.659,30.23
2026-01-02T09:15:00,9.25,4,0,27.54,53.89,632.54,5.693,4.575,7.0,227.5,50.0,1,7.328,4.26,7.565,2.689,30.25
2026-01-02T09:30:00,9.5,4,0,27.2,59.56,693.31,6.24,4.19,7.0,224.8,50.16,1,7.079,3.217,7.046,2.616,29.77
2026-01-02T09:45:00,9.75,4,0,26.66,62.02,716.95,6.453,4.166,7.0,226.42,49.93,1,7.27,3.234,7.254,2.625,29.88
2026-01-02T10:00:00,10.0,4,0,29.69,51.26,765.05,6.885,3.464,7.0,234.51,49.95,1,7.73,2.386,6.165,2.684,32.05
2026-01-02T10:15:00,10.25,4,0,31.02,48.17,798.13,7.183,3.937,7.0,228.28,49.97,1,7.688,1.949,6.142,2.887,33.69
2026-01-02T10:30:00,10.5,4,0,29.45,55.36,815.06,7.336,3.271,7.0,228.01,50.06,1,7.723,2.312,6.57,1.793,32.12
2026-01-02T10:45:00,10.75,4,0,29.18,54.08,810.2,7.292,2.995,7.0,223.27,49.96,1,7.882,1.691,5.664,2.497,32.28
2026-01-02T11:00:00,11.0,4,0,29.49,56.53,845.23,7.607,2.38,7.0,227.7,49.93,1,7.638,2.305,5.587,2.434,32.15
2026-01-02T11:15:00,11.25,4,0,32.03,53.26,851.51,7.664,2.248,7.0,233.93,50.02,1,7.902,2.524,4.777,1.546,34.18
2026-01-02T11:30:00,11.5,4,0,30.67,57.3,855.74,7.702,2.156,7.0,232.22,49.89,1,7.452,2.462,5.301,2.204,33.26
2026-01-02T11:45:00,11.75,4,0,30.81,52.88,866.98,7.803,1.976,7.0,236.05,50.04,1,7.202,1.957,4.642,3.41,32.23
2026-01-02T12:00:00,12.0,4,0,33.26,52.57,855.81,7.702,2.271,7.0,225.47,50.03,1,7.683,2.758,4.228,2.9,35.44
2026-01-02T12:15:00,12.25,4,0,33.94,45.93,875.69,7.881,2.309,7.0,233.44,49.98,1,7.319,2.378,3.732,2.491,37.08
2026-01-02T12:30:00,12.5,4,0,32.78,49.23,840.04,7.56,2.603,7.0,227.45,50.01,1,7.367,2.869,3.309,2.893,34.93
2026-01-02T12:45:00,12.75,4,0,33.82,47.73,835.64,7.521,2.129,7.0,228.45,49.66,1,6.838,1.921,2.011,2.459,36.98
2026-01-02T13:00:00,13.0,4,0,33.56,52.43,840.82,7.567,2.572,7.0,238.4,49.96,1,6.758,2.34,3.135,4.835,35.99
2026-01-02T13:15:00,13.25,4,0,34.65,45.9,828.24,7.454,2.407,7.0,225.22,49.97,1,6.351,2.573,0.854,3.44,36.99
2026-01-02T13:30:00,13.5,4,0,35.12,46.9,792.65,7.134,2.96,7.0,228.26,50.14,1,6.121,2.326,0.938,4.874,38.09
2026-01-02T13:45:00,13.75,4,0,30.63,57.09,768.8,6.919,1.935,7.0,231.57,50.06,1,5.859,2.724,0.0,4.595,34.04
2026-01-02T14:00:00,14.0,4,0,32.79,48.85,733.97,6.606,2.177,7.0,231.94,50.05,1,5.102,2.664,0.0,5.291,35.66
2026-01-02T14:15:00,14.25,4,0,34.97,46.68,730.48,6.574,2.557,7.0,232.49,50.08,1,5.175,2.003,0.265,4.739,37.18
2026-01-02T14:30:00,14.5,4,0,32.45,52.46,686.24,6.176,2.053,7.0,239.13,49.94,1,4.906,2.449,0.488,5.753,35.78
2026-01-02T14:45:00,14.75,4,0,32.82,43.52,632.74,5.695,2.445,7.0,228.48,50.08,1,4.327,2.83,0.0,6.108,35.46
2026-01-02T15:00:00,15.0,4,0,32.75,50.57,615.29,5.538,2.364,7.0,229.19,49.95,1,3.984,2.858,0.042,5.84,35.36
2026-01-02T15:15:00,15.25,4,0,33.9,51.14,576.91,5.192,2.157,7.0,235.32,50.03,1,3.525,2.652,0.0,6.302,36.25
2026-01-02T15:30:00,15.5,4,0,32.44,47.43,557.74,5.02,2.355,7.0,230.33,50.16,1,2.71,3.754,0.0,5.466,34.24
2026-01-02T15:45:00,15.75,4,0,33.58,47.42,480.0,4.32,2.793,7.0,228.17,50.16,1,2.401,2.794,0.0,7.055,35.66
2026-01-02T16:00:00,16.0,4,0,31.84,54.42,418.35,3.765,2.745,7.0,233.78,50.08,1,2.434,3.757,0.374,7.146,34.46
2026-01-02T16:15:00,16.25,4,0,30.33,52.4,404.96,3.645,2.651,7.0,228.11,50.14,1,1.161,3.496,0.0,5.826,33.43
2026-01-02T16:30:00,16.5,4,0,32.14,50.13,340.48,3.064,3.628,7.0,232.71,49.92,1,1.2,4.764,0.0,6.861,34.72
2026-01-02T16:45:00,16.75,4,0,30.81,50.85,275.46,2.479,3.061,7.0,231.1,49.94,1,0.151,4.546,0.0,5.481,33.45
2026-01-02T17:00:00,17.0,4,0,32.15,53.91,235.02,2.115,3.903,7.0,223.88,49.78,1,0.048,5.223,0.0,5.648,34.44
2026-01-02T17:15:00,17.25,4,0,29.84,56.57,145.37,1.308,3.283,7.0,232.86,50.05,1,0.0,4.977,0.0,5.371,31.81
2026-01-02T17:30:00,17.5,4,0,31.74,52.63,120.38,1.083,4.647,7.0,233.62,50.07,1,0.024,5.712,0.402,4.876,33.84
2026-01-02T17:45:00,17.75,4,0,29.14,60.67,29.36,0.264,4.559,7.0,228.38,50.09,1,0.144,5.278,0.275,5.669,31.76
2026-01-02T18:00:00,18.0,4,0,30.43,50.55,14.18,0.128,5.303,11.5,232.17,49.93,1,0.014,6.49,0.0,4.246,33.42
2026-01-02T18:15:00,18.25,4,0,28.84,56.6,0.0,0.0,4.848,11.5,234.05,49.98,1,0.0,6.26,0.0,4.213,31.86
2026-01-02T18:30:00,18.5,4,0,28.68,58.94,0.0,0.0,5.49,11.5,236.92,50.06,1,0.0,5.763,0.574,2.932,30.83
2026-01-02T18:45:00,18.75,4,0,27.8,56.54,0.0,0.0,5.86,11.5,229.46,50.11,1,0.1,5.994,0.098,3.107,30.07
2026-01-02T19:00:00,19.0,4,0,27.67,58.48,0.0,0.0,6.191,11.5,231.15,50.02,1,0.0,6.307,0.277,3.282,30.33
2026-01-02T19:15:00,19.25,4,0,27.02,59.42,0.0,0.0,6.248,11.5,227.53,49.91,1,0.0,5.984,0.201,3.126,29.66
2026-01-02T19:30:00,19.5,4,0,25.41,66.11,0.0,0.0,5.763,11.5,228.65,50.09,1,0.232,6.601,0.0,2.397,28.63
2026-01-02T19:45:00,19.75,4,0,25.45,66.72,0.0,0.0,6.115,11.5,232.53,50.17,1,0.021,6.199,0.0,2.144,28.65
2026-01-02T20:00:00,20.0,4,0,25.91,59.37,0.0,0.0,6.496,11.5,228.98,49.96,1,0.007,5.759,0.127,2.006,28.97
2026-01-02T20:15:00,20.25,4,0,23.08,69.91,0.0,0.0,6.123,11.5,234.54,50.13,1,0.145,5.328,0.0,1.037,25.34
2026-01-02T20:30:00,20.5,4,0,25.19,64.21,0.0,0.0,6.248,11.5,225.95,50.12,1,0.0,4.432,0.0,2.12,27.11
2026-01-02T20:45:00,20.75,4,0,22.41,67.43,0.0,0.0,6.082,11.5,224.28,50.03,1,0.116,5.25,0.043,2.072,24.19
2026-01-02T21:00:00,21.0,4,0,22.14,64.5,0.0,0.0,5.751,11.5,224.08,50.01,1,0.0,4.021,0.192,0.969,25.15
2026-01-02T21:15:00,21.25,4,0,23.38,67.1,0.0,0.0,5.435,11.5,224.48,49.98,1,0.0,3.806,0.241,1.668,25.41
2026-01-02T21:30:00,21.5,4,0,20.92,72.2,0.0,0.0,4.703,11.5,231.07,50.1,1,0.0,3.495,0.08,1.559,23.4
2026-01-02T21:45:00,21.75,4,0,19.34,78.35,0.0,0.0,4.99,11.5,230.14,50.08,1,0.098,2.754,0.0,2.202,21.53
2026-01-02T22:00:00,22.0,4,0,19.93,71.03,0.0,0.0,4.103,4.5,228.34,50.12,1,0.0,2.902,0.376,2.272,22.47
2026-01-02T22:15:00,22.25,4,0,21.31,70.89,0.0,0.0,3.849,4.5,230.36,49.94,1,0.0,2.825,0.0,1.265,22.81
2026-01-02T22:30:00,22.5,4,0,17.62,80.12,0.0,0.0,3.352,4.5,222.9,49.92,1,0.056,2.273,0.0,1.48,19.42
2026-01-02T22:45:00,22.75,4,0,19.64,73.89,0.0,0.0,3.231,4.5,231.48,50.11,1,0.0,2.217,0.0,1.266,22.08
2026-01-02T23:00:00,23.0,4,0,20.87,71.92,0.0,0.0,3.055,4.5,231.38,49.86,1,0.004,1.638,0.0,1.742,24.45
2026-01-02T23:15:00,23.25,4,0,19.01,75.42,0.0,0.0,2.709,4.5,233.45,50.08,1,0.191,1.893,0.0,1.654,22.06
2026-01-02T23:30:00,23.5,4,0,18.49,68.5,0.0,0.0,2.154,4.5,227.39,50.06,1,0.0,1.812,0.0,1.646,20.61
2026-01-02T23:45:00,23.75,4,0,17.75,77.14,0.0,0.0,2.289,4.5,234.33,50.0,1,0.113,1.516,0.0,1.295,20.7
2026-01-03T00:00:00,0.0,5,1,15.46,84.21,0.0,0.0,1.757,4.5,233.7,49.96,1,0.049,1.432,0.331,2.002,18.38
2026-01-03T00:15:00,0.25,5,1,19.42,75.76,0.0,0.0,1.605,4.5,237.16,49.96,1,0.016,1.795,0.0,1.728,21.81
2026-01-03T00:30:00,0.5,5,1,19.15,77.41,0.0,0.0,1.673,4.5,231.28,50.06,1,0.081,1.557,0.0,1.506,21.37
2026-01-03T00:45:00,0.75,5,1,17.59,71.92,0.0,0.0,1.611,4.5,231.33,50.04,1,0.092,1.606,0.47,1.491,19.14
2026-01-03T01:00:00,1.0,5,1,16.74,78.77,0.0,0.0,1.473,4.5,228.82,49.99,1,0.0,1.846,0.0,1.586,19.58
2026-01-03T01:15:00,1.25,5,1,16.14,84.25,0.0,0.0,1.695,4.5,226.09,50.1,1,0.0,1.412,0.0,1.737,19.18
2026-01-03T01:30:00,1.5,5,1,18.12,78.8,0.0,0.0,1.429,4.5,227.91,50.02,1,0.121,1.798,0.502,1.992,20.78
2026-01-03T01:45:00,1.75,5,1,18.1,77.12,0.0,0.0,1.48,4.5,224.16,49.93,1,0.093,2.029,0.511,2.298,21.17
2026-01-03T02:00:00,2.0,5,1,16.55,78.59,0.0,0.0,1.735,4.5,234.25,49.95,1,0.091,1.014,0.0,2.671,19.85
2026-01-03T02:15:00,2.25,5,1,15.78,75.55,0.0,0.0,1.587,4.5,230.95,49.99,1,0.0,1.427,0.566,3.005,18.96
2026-01-03T02:30:00,2.5,5,1,16.91,76.24,0.0,0.0,1.565,4.5,226.37,49.99,1,0.0,1.601,0.844,1.981,19.56
2026-01-03T02:45:00,2.75,5,1,18.36,74.49,0.0,0.0,1.849,4.5,227.21,50.02,1,0.127,1.594,1.059,3.699,20.81
2026-01-03T03:00:00,3.0,5,1,17.27,80.16,0.0,0.0,1.489,4.5,228.73,50.08,1,0.214,1.455,1.523,3.902,19.77
2026-01-03T03:15:00,3.25,5,1,16.79,78.77,0.0,0.0,1.68,4.5,226.19,50.19,1,0.132,1.836,1.784,4.004,19.19
2026-01-03T03:30:00,3.5,5,1,18.54,74.68,0.0,0.0,1.752,4.5,236.65,49.98,1,0.13,1.893,2.5,4.517,20.93
2026-01-03T03:45:00,3.75,5,1,17.71,78.61,0.0,0.0,1.652,4.5,227.89,50.21,1,0.062,1.37,2.446,5.369,20.31
2026-01-03T04:00:00,4.0,5,1,18.99,68.82,0.0,0.0,1.63,4.5,232.52,50.07,1,0.358,1.975,3.139,4.031,21.87
2026-01-03T04:15:00,4.25,5,1,19.4,68.5,0.0,0.0,1.729,4.5,221.65,50.0,0,0.172,1.278,3.331,4.949,21.62
2026-01-03T04:30:00,4.5,5,1,18.56,72.03,0.0,0.0,1.802,4.5,227.0,49.99,1,0.048,2.409,4.082,4.849,19.76
2026-01-03T04:45:00,4.75,5,1,18.83,75.98,0.0,0.0,1.481,4.5,227.29,50.09,1,0.0,2.125,3.249,3.869,21.22
2026-01-03T05:00:00,5.0,5,1,18.56,75.39,0.0,0.0,1.936,4.5,226.23,49.96,1,0.0,2.72,5.852,4.758,21.08
2026-01-03T05:15:00,5.25,5,1,17.89,76.83,0.0,0.0,1.507,4.5,235.36,50.22,1,0.854,2.384,5.37,5.374,20.93
2026-01-03T05:30:00,5.5,5,1,20.48,69.6,0.0,0.0,2.353,4.5,230.29,50.23,1,0.738,2.336,5.342,4.791,23.13
2026-01-03T05:45:00,5.75,5,1,19.53,71.94,0.0,0.0,2.057,4.5,233.97,50.0,1,1.529,3.596,5.653,4.363,22.08
2026-01-03T06:00:00,6.0,5,1,21.87,61.48,5.31,0.048,2.653,7.0,221.51,50.03,1,1.711,3.622,5.786,4.499,24.7
2026-01-03T06:15:00,6.25,5,1,22.78,63.61,71.51,0.644,2.414,7.0,220.11,49.95,1,2.02,4.065,6.481,3.346,25.69
2026-01-03T06:30:00,6.5,5,1,22.12,73.76,84.43,0.76,2.428,7.0,229.4,50.06,1,2.789,4.645,6.073,4.127,24.54
2026-01-03T06:45:00,6.75,5,1,21.83,70.77,152.34,1.371,3.745,7.0,225.92,49.98,1,2.54,4.837,6.389,3.615,24.75
2026-01-03T07:00:00,7.0,5,1,23.64,69.94,186.95,1.683,3.688,7.0,234.82,49.85,1,3.634,4.068,6.996,3.623,26.21
2026-01-03T07:15:00,7.25,5,1,23.94,69.1,241.65,2.175,3.989,7.0,229.32,49.98,1,3.447,4.337,6.054,2.691,27.0
2026-01-03T07:30:00,7.5,5,1,22.68,65.69,317.66,2.859,4.581,7.0,232.11,50.02,1,3.623,5.498,6.147,2.955,24.93
2026-01-03T07:45:00,7.75,5,1,23.31,67.38,311.2,2.801,4.946,7.0,231.0,50.05,1,4.421,4.842,7.0,3.109,26.16
2026-01-03T08:00:00,8.0,5,1,25.74,61.24,399.37,3.594,4.157,7.0,231.04,50.06,1,4.978,4.825,6.675,2.718,28.37
2026-01-03T08:15:00,8.25,5,1,24.48,61.82,378.3,3.405,4.485,7.0,232.92,49.85,1,4.875,5.705,6.371,2.914,26.63
2026-01-03T08:30:00,8.5,5,1,27.03,61.51,445.04,4.005,5.297,7.0,229.84,50.19,1,5.548,4.896,6.857,2.861,28.97
2026-01-03T08:45:00,8.75,5,1,24.01,65.15,464.94,4.184,4.858,7.0,229.03,49.97,1,5.384,4.765,6.642,3.351,26.3
2026-01-03T09:00:00,9.0,5,1,26.41,62.15,549.41,4.945,4.839,7.0,223.47,50.14,1,5.555,4.149,6.437,2.708,28.66
2026-01-03T09:15:00,9.25,5,1,27.69,61.17,547.44,4.927,5.536,7.0,229.0,50.14,1,6.397,3.698,6.59,2.523,30.2
2026-01-03T09:30:00,9.5,5,1,27.31,55.57,598.43,5.386,5.07,7.0,237.82,50.02,1,6.179,3.524,6.384,2.835,30.24
2026-01-03T09:45:00,9.75,5,1,27.57,60.06,611.43,5.503,4.504,7.0,229.79,50.12,1,6.602,3.5,6.86,1.772,30.27
2026-01-03T10:00:00,10.0,5,1,28.84,52.9,628.94,5.66,4.143,7.0,225.84,49.98,1,6.342,3.315,6.008,3.183,31.79
2026-01-03T10:15:00,10.25,5,1,28.03,57.38,694.96,6.255,3.516,7.0,229.25,49.9,1,6.683,2.47,4.942,3.027,30.47
2026-01-03T10:30:00,10.5,5,1,29.19,56.52,685.06,6.166,3.584,7.0,231.51,49.89,1,6.736,2.99,5.342,3.338,32.02
2026-01-03T10:45:00,10.75,5,1,28.83,56.28,713.68,6.423,3.45,7.0,225.15,50.07,1,6.721,3.457,4.203,2.911,31.13
2026-01-03T11:00:00,11.0,5,1,30.1,56.88,717.4,6.457,3.414,7.0,229.04,49.96,1,6.66,3.017,5.404,2.858,32.28
2026-01-03T11:15:00,11.25,5,1,30.18,57.24,730.4,6.574,2.779,7.0,237.71,49.96,1,6.668,2.89,3.741,3.32,32.61
2026-01-03T11:30:00,11.5,5,1,32.37,49.29,741.89,6.677,2.859,7.0,232.67,50.01,1,6.297,3.186,4.171,2.27,33.99
2026-01-03T11:45:00,11.75,5,1,33.5,47.92,762.24,6.86,3.078,7.0,241.71,49.82,1,6.552,3.021,3.088,2.813,35.58
2026-01-03T12:00:00,12.0,5,1,32.32,51.59,749.25,6.743,3.001,7.0,229.98,50.0,1,6.393,3.222,2.223,3.012,35.08
2026-01-03T12:15:00,12.25,5,1,32.46,49.55,735.01,6.615,2.657,7.0,223.58,50.26,1,6.516,2.177,3.677,2.991,34.92
2026-01-03T12:30:00,12.5,5,1,33.18,48.46,715.48,6.439,2.967,7.0,234.97,49.99,1,5.866,2.658,2.905,2.508,35.22
2026-01-03T12:45:00,12.75,5,1,34.66,48.01,728.52,6.557,2.928,7.0,237.4,49.89,1,6.213,2.237,1.552,4.216,37.08
2026-01-03T13:00:00,13.0,5,1,33.19,48.46,694.85,6.254,2.972,7.0,230.94,50.04,1,5.639,2.046,1.089,4.499,34.93
2026-01-03T13:15:00,13.25,5,1,32.25,47.37,705.99,6.354,2.28,7.0,232.76,50.1,1,5.563,3.124,1.554,4.261,35.11
2026-01-03T13:30:00,13.5,5,1,33.95,44.36,673.86,6.065,2.813,7.0,227.17,50.0,1,5.599,3.044,1.305,4.036,36.35
2026-01-03T13:45:00,13.75,5,1,32.62,49.07,698.35,6.285,2.497,7.0,228.99,49.96,1,5.099,2.973,0.558,5.005,35.42
2026-01-03T14:00:00,14.0,5,1,33.88,42.19,644.6,5.801,2.727,7.0,221.16,50.0,1,5.086,3.045,0.169,4.369,36.22
2026-01-03T14:15:00,14.25,5,1,34.12,46.52,597.24,5.375,2.989,7.0,223.73,49.91,1,4.284,2.659,0.0,4.814,35.99
2026-01-03T14:30:00,14.5,5,1,36.07,40.79,616.33,5.547,3.035,7.0,232.4,50.16,1,4.134,2.219,0.46,5.324,38.75
2026-01-03T14:45:00,14.75,5,1,33.77,50.13,553.32,4.98,2.778,7.0,229.73,50.08,0,3.655,3.243,0.0,5.556,36.22
2026-01-03T15:00:00,15.0,5,1,33.2,46.87,542.35,4.881,3.067,7.0,221.99,50.01,1,2.932,2.733,0.0,6.452,36.06
2026-01-03T15:15:00,15.25,5,1,33.35,48.74,468.64,4.218,2.703,7.0,225.06,50.04,1,2.825,2.927,0.596,6.568,36.37
2026-01-03T15:30:00,15.5,5,1,29.25,54.58,475.61,4.281,2.226,7.0,230.44,49.95,1,2.604,2.806,0.303,6.538,31.03
2026-01-03T15:45:00,15.75,5,1,32.67,43.79,409.72,3.687,2.988,7.0,230.79,49.95,1,2.119,3.755,0.525,7.514,36.16
2026-01-03T16:00:00,16.0,5,1,31.9,46.04,347.11,3.124,2.953,7.0,235.45,49.96,1,1.921,3.898,0.066,6.447,34.35
2026-01-03T16:15:00,16.25,5,1,32.09,50.31,327.69,2.949,3.164,7.0,230.22,49.83,1,1.154,4.533,0.497,6.373,34.36
2026-01-03T16:30:00,16.5,5,1,29.37,57.38,302.93,2.726,3.052,7.0,229.35,49.98,1,0.765,4.428,0.0,6.572,31.65
2026-01-03T16:45:00,16.75,5,1,30.79,50.92,239.52,2.156,4.01,7.0,231.07,50.03,1,0.313,4.923,0.054,5.939,33.33
2026-01-03T17:00:00,17.0,5,1,28.44,59.68,187.81,1.69,4.136,7.0,230.78,50.08,1,0.094,4.969,0.0,6.396,30.55
2026-01-03T17:15:00,17.25,5,1,32.0,48.3,134.79,1.213,4.308,7.0,237.53,49.86,1,0.182,5.438,0.0,6.007,34.51
2026-01-03T17:30:00,17.5,5,1,28.67,55.63,84.49,0.76,4.745,7.0,233.47,49.84,1,0.22,5.565,0.0,5.762,30.37
2026-01-03T17:45:00,17.75,5,1,32.09,46.97,30.05,0.27,4.91,7.0,233.46,49.82,1,0.0,5.414,0.148,5.784,34.56
2026-01-03T18:00:00,18.0,5,1,28.18,53.96,15.52,0.14,5.046,11.5,228.32,49.99,1,0.0,6.579,0.211,4.245,31.61
2026-01-03T18:15:00,18.25,5,1,26.73,60.14,0.0,0.0,5.044,11.5,233.39,50.2,1,0.106,6.344,0.0,4.092,29.05
2026-01-03T18:30:00,18.5,5,1,27.61,58.35,0.0,0.0,5.521,11.5,221.09,49.84,1,0.0,6.846,0.343,3.347,29.72
2026-01-03T18:45:00,18.75,5,1,26.68,55.74,0.0,0.0,5.647,11.5,237.74,49.98,1,0.0,6.243,0.0,3.851,28.58
2026-01-03T19:00:00,19.0,5,1,28.07,57.37,0.0,0.0,6.367,11.5,227.82,50.04,1,0.0,6.572,0.0,3.853,30.46
2026-01-03T19:15:00,19.25,5,1,25.59,61.47,0.0,0.0,6.45,11.5,230.7,50.18,1,0.0,6.285,0.0,3.185,28.17
2026-01-03T19:30:00,19.5,5,1,26.71,59.86,0.0,0.0,6.604,11.5,228.13,50.01,1,0.558,6.229,0.0,2.429,29.12
2026-01-03T19:45:00,19.75,5,1,26.69,61.0,0.0,0.0,6.558,11.5,230.29,50.04,1,0.183,5.935,0.0,2.129,29.42
2026-01-03T20:00:00,20.0,5,1,24.26,69.5,0.0,0.0,6.364,11.5,228.5,49.83,1,0.0,5.836,0.253,0.589,26.85
2026-01-03T20:15:00,20.25,5,1,24.26,62.34,0.0,0.0,6.286,11.5,232.08,50.07,1,0.428,5.692,0.159,1.827,26.96
2026-01-03T20:30:00,20.5,5,1,23.0,61.59,0.0,0.0,6.34,11.5,230.56,49.85,1,0.035,5.831,0.0,1.415,24.94
2026-01-03T20:45:00,20.75,5,1,24.11,67.13,0.0,0.0,6.009,11.5,231.33,50.13,1,0.0,5.235,0.0,1.546,26.75
2026-01-03T21:00:00,21.0,5,1,21.96,68.78,0.0,0.0,5.846,11.5,235.58,50.13,1,0.04,4.299,0.333,2.01,24.5
2026-01-03T21:15:00,21.25,5,1,22.68,69.29,0.0,0.0,5.537,11.5,226.54,50.04,1,0.0,4.394,0.0,1.237,25.68
2026-01-03T21:30:00,21.5,5,1,20.38,74.04,0.0,0.0,5.559,11.5,233.01,50.0,1,0.056,3.698,0.0,1.649,22.77
2026-01-03T21:45:00,21.75,5,1,23.11,62.03,0.0,0.0,5.12,11.5,231.63,49.87,1,0.0,3.64,0.098,0.4,25.47
2026-01-03T22:00:00,22.0,5,1,22.04,66.07,0.0,0.0,4.442,4.5,236.27,49.82,1,0.0,3.3,0.0,1.94,23.72
2026-01-03T22:15:00,22.25,5,1,20.24,69.42,0.0,0.0,4.536,4.5,231.55,49.97,1,0.232,2.61,0.073,1.639,22.95
2026-01-03T22:30:00,22.5,5,1,20.76,71.59,0.0,0.0,3.874,4.5,227.57,49.99,1,0.145,3.155,0.0,1.228,22.35
2026-01-03T22:45:00,22.75,5,1,21.11,67.98,0.0,0.0,3.645,4.5,230.82,49.93,1,0.0,2.654,0.893,1.841,23.27
2026-01-03T23:00:00,23.0,5,1,18.18,75.63,0.0,0.0,3.349,4.5,232.66,50.01,1,0.0,1.328,0.0,2.005,20.26
2026-01-03T23:15:00,23.25,5,1,22.08,72.99,0.0,0.0,2.491,4.5,225.34,50.15,1,0.095,1.71,0.092,1.552,25.0
2026-01-03T23:30:00,23.5,5,1,18.27,76.58,0.0,0.0,3.153,4.5,225.69,50.0,1,0.092,1.032,0.0,1.475,20.97
2026-01-03T23:45:00,23.75,5,1,21.61,69.31,0.0,0.0,2.551,4.5,226.43,49.93,1,0.051,1.757,0.0,1.949,24.38
2026-01-04T00:00:00,0.0,6,1,17.45,74.74,0.0,0.0,1.3,4.5,231.98,50.07,1,0.0,2.329,0.384,1.984,19.77
2026-01-04T00:15:00,0.25,6,1,17.36,77.63,0.0,0.0,1.843,4.5,223.7,49.91,1,0.0,1.961,0.271,1.863,19.74
2026-01-04T00:30:00,0.5,6,1,18.73,80.37,0.0,0.0,1.072,4.5,233.09,50.09,1,0.108,2.002,0.0,1.557,22.02
2026-01-04T00:45:00,0.75,6,1,17.01,80.28,0.0,0.0,1.503,4.5,228.47,49.6,1,0.0,1.021,0.219,1.592,19.5
2026-01-04T01:00:00,1.0,6,1,17.04,74.93,0.0,0.0,2.003,4.5,234.51,50.11,1,0.203,1.984,0.028,2.098,18.98
2026-01-04T01:15:00,1.25,6,1,16.48,77.12,0.0,0.0,1.724,4.5,233.89,50.11,1,0.029,1.951,0.0,2.298,18.67
2026-01-04T01:30:00,1.5,6,1,17.0,77.46,0.0,0.0,1.683,4.5,231.66,49.98,1,0.0,1.872,0.223,2.035,19.93
2026-01-04T01:45:00,1.75,6,1,17.89,78.77,0.0,0.0,1.165,4.5,225.9,49.92,1,0.0,1.587,0.477,2.283,20.5
2026-01-04T02:00:00,2.0,6,1,16.81,76.87,0.0,0.0,1.701,4.5,221.64,50.03,1,0.068,1.851,0.499,2.413,19.66
2026-01-04T02:15:00,2.25,6,1,16.59,78.84,0.0,0.0,1.789,4.5,238.07,49.95,1,0.0,1.075,0.0,2.255,18.05
2026-01-04T02:30:00,2.5,6,1,17.06,78.41,0.0,0.0,1.659,4.5,230.53,50.19,1,0.0,1.791,0.819,3.181,19.28
2026-01-04T02:45:00,2.75,6,1,16.79,73.32,0.0,0.0,1.429,4.5,222.37,49.91,1,0.104,1.554,0.757,2.806,19.24
2026-01-04T03:00:00,3.0,6,1,19.2,68.46,0.0,0.0,1.492,4.5,232.52,49.97,1,0.099,1.718,1.877,3.366,22.84
2026-01-04T03:15:00,3.25,6,1,17.52,78.12,0.0,0.0,1.509,4.5,225.44,50.03,1,0.0,1.51,1.767,4.122,18.9
2026-01-04T03:30:00,3.5,6,1,21.63,71.81,0.0,0.0,1.787,4.5,227.05,49.82,1,0.0,1.286,2.062,3.525,23.59
2026-01-04T03:45:00,3.75,6,1,17.89,76.31,0.0,0.0,1.79,4.5,230.88,49.93,1,0.001,1.658,2.413,5.093,20.28
2026-01-04T04:00:00,4.0,6,1,19.5,73.76,0.0,0.0,1.74,4.5,219.69,49.91,1,0.245,1.863,3.847,5.319,22.73
2026-01-04T04:15:00,4.25,6,1,17.11,80.63,0.0,0.0,1.531,4.5,231.37,50.01,1,0.058,2.065,3.601,5.604,19.35
2026-01-04T04:30:00,4.5,6,1,18.08,74.47,0.0,0.0,1.182,4.5,234.18,49.88,1,0.0,2.278,4.277,5.376,20.03
2026-01-04T04:45:00,4.75,6,1,18.48,76.23,0.0,0.0,1.658,4.5,236.6,49.92,1,0.0,2.248,4.225,5.064,20.41
2026-01-04T05:00:00,5.0,6,1,17.33,73.31,0.0,0.0,2.275,4.5,234.22,49.98,1,0.413,2.817,4.689,5.447,20.4
2026-01-04T05:15:00,5.25,6,1,21.05,70.74,0.0,0.0,1.871,4.5,222.54,50.0,1,0.567,2.857,4.691,4.854,23.08
2026-01-04T05:30:00,5.5,6,1,20.26,73.69,0.0,0.0,2.256,4.5,229.01,49.87,1,1.109,3.276,5.555,4.671,22.75
2026-01-04T05:45:00,5.75,6,1,21.55,67.06,0.0,0.0,2.254,4.5,232.77,49.89,1,0.979,3.918,5.606,4.258,24.0
2026-01-04T06:00:00,6.0,6,1,19.08,76.91,11.43,0.103,2.655,7.0,228.51,49.99,1,1.71,3.43,6.348,4.452,20.74
2026-01-04T06:15:00,6.25,6,1,20.0,76.62,57.4,0.517,2.679,7.0,223.9,50.05,1,2.037,4.473,6.32,3.893,23.0
2026-01-04T06:30:00,6.5,6,1,22.36,66.96,110.08,0.991,3.227,7.0,234.04,50.14,1,2.571,4.048,6.054,5.111,25.06
2026-01-04T06:45:00,6.75,6,1,19.98,73.97,117.05,1.053,3.706,7.0,228.95,49.92,1,3.191,4.661,6.37,3.352,22.91
2026-01-04T07:00:00,7.0,6,1,25.3,60.98,203.11,1.828,3.441,7.0,230.01,49.8,1,2.987,5.028,6.423,2.376,27.49
2026-01-04T07:15:00,7.25,6,1,23.83,62.1,224.6,2.021,4.413,7.0,232.93,50.07,1,3.815,5.622,7.142,3.69,26.55
2026-01-04T07:30:00,7.5,6,1,22.15,69.26,287.86,2.591,3.922,7.0,235.03,50.31,1,4.006,5.678,6.428,3.231,23.93
2026-01-04T07:45:00,7.75,6,1,22.95,62.75,340.22,3.062,4.844,7.0,230.81,50.17,1,4.588,5.154,6.95,3.564,25.67
2026-01-04T08:00:00,8.0,6,1,26.03,57.1,377.4,3.397,5.123,7.0,231.18,50.07,1,4.673,5.408,6.597,2.486,28.31
2026-01-04T08:15:00,8.25,6,1,25.89,59.51,413.37,3.72,5.468,7.0,230.35,50.01,1,5.03,5.262,6.946,2.855,28.52
2026-01-04T08:30:00,8.5,6,1,26.61,63.55,473.73,4.264,5.646,7.0,230.12,49.98,1,5.536,4.734,7.18,2.027,28.86
2026-01-04T08:45:00,8.75,6,1,26.49,54.97,507.19,4.565,4.985,7.0,233.46,50.14,1,5.398,4.779,6.624,2.931,29.25
2026-01-04T09:00:00,9.0,6,1,27.74,58.57,514.76,4.633,5.352,7.0,227.01,49.91,1,5.995,4.346,6.893,3.38,29.76
2026-01-04T09:15:00,9.25,6,1,27.83,60.15,550.71,4.956,4.816,7.0,228.33,49.96,1,5.848,3.9,6.571,2.17,30.04
2026-01-04T09:30:00,9.5,6,1,30.22,53.12,596.54,5.369,4.783,7.0,230.43,49.93,1,6.638,4.296,6.214,2.179,32.81
2026-01-04T09:45:00,9.75,6,1,27.5,60.31,617.6,5.558,4.974,7.0,229.56,50.17,1,6.586,3.216,5.898,2.642,30.19
2026-01-04T10:00:00,10.0,6,1,28.92,54.98,669.28,6.024,4.31,7.0,222.4,49.99,1,6.198,3.33,6.354,2.258,31.0
2026-01-04T10:15:00,10.25,6,1,30.56,58.55,696.6,6.269,4.15,7.0,232.97,50.09,1,6.88,3.1,6.614,2.798,32.69
2026-01-04T10:30:00,10.5,6,1,32.22,53.55,708.26,6.374,4.543,7.0,230.37,50.09,1,6.791,2.88,4.949,2.764,35.47
2026-01-04T10:45:00,10.75,6,1,29.56,51.78,743.61,6.692,3.141,7.0,225.24,50.1,1,7.202,3.192,5.062,1.967,31.89
2026-01-04T11:00:00,11.0,6,1,30.72,52.13,717.23,6.455,3.324,7.0,226.09,50.08,1,6.584,2.578,4.758,2.391,32.89
2026-01-04T11:15:00,11.25,6,1,31.24,53.67,761.25,6.851,3.238,7.0,235.7,49.86,1,6.65,2.423,4.508,3.048,33.97
2026-01-04T11:30:00,11.5,6,1,31.9,52.71,747.07,6.724,2.765,7.0,229.68,49.98,1,6.463,2.486,3.767,3.608,34.01
2026-01-04T11:45:00,11.75,6,1,33.63,48.79,772.1,6.949,3.452,7.0,238.35,49.82,1,6.394,3.09,3.494,3.125,36.44
2026-01-04T12:00:00,12.0,6,1,31.69,51.91,759.16,6.832,2.571,7.0,229.44,50.03,1,6.851,2.279,3.892,2.9,33.55
2026-01-04T12:15:00,12.25,6,1,31.66,51.48,759.04,6.831,2.571,7.0,221.08,50.09,1,6.209,2.668,2.58,3.485,33.83
2026-01-04T12:30:00,12.5,6,1,31.25,52.21,737.69,6.639,2.34,7.0,227.6,49.91,1,6.297,2.129,2.433,3.827,33.43
2026-01-04T12:45:00,12.75,6,1,34.35,47.67,728.62,6.558,3.163,7.0,227.17,50.05,1,5.969,3.27,1.325,2.991,37.17
2026-01-04T13:00:00,13.0,6,1,30.21,53.8,762.66,6.864,2.228,7.0,225.71,50.02,1,6.116,2.159,1.534,3.648,33.03
2026-01-04T13:15:00,13.25,6,1,32.43,44.11,720.02,6.48,2.547,7.0,227.84,49.97,1,5.731,3.298,1.066,4.296,33.92
2026-01-04T13:30:00,13.5,6,1,33.27,52.76,692.84,6.236,2.227,7.0,231.11,49.95,1,5.533,2.743,1.046,4.476,36.03
2026-01-04T13:45:00,13.75,6,1,34.58,43.97,687.66,6.189,3.149,7.0,226.75,50.02,1,4.834,2.448,0.751,4.82,38.09
2026-01-04T14:00:00,14.0,6,1,30.91,49.94,687.5,6.187,2.111,7.0,228.25,49.83,1,5.017,2.743,0.0,4.63,34.16
2026-01-04T14:15:00,14.25,6,1,34.26,40.73,648.95,5.841,3.336,7.0,234.39,49.9,1,4.253,2.942,0.0,5.722,37.52
2026-01-04T14:30:00,14.5,6,1,29.87,57.86,607.91,5.471,2.628,7.0,226.11,49.98,1,4.182,3.225,0.083,5.106,32.92
2026-01-04T14:45:00,14.75,6,1,33.84,55.19,545.1,4.906,2.579,7.0,235.34,50.15,1,3.665,3.507,0.427,6.155,36.3
2026-01-04T15:00:00,15.0,6,1,33.18,51.65,550.66,4.956,2.75,7.0,229.65,50.01,1,3.199,3.313,0.172,7.034,35.6
2026-01-04T15:15:00,15.25,6,1,33.68,49.13,489.66,4.407,3.153,7.0,232.91,50.14,1,3.12,3.699,0.0,6.295,36.22
2026-01-04T15:30:00,15.5,6,1,32.97,51.31,444.12,3.997,3.013,7.0,226.93,49.96,1,2.65,3.92,0.0,7.622,35.22
2026-01-04T15:45:00,15.75,6,1,34.25,47.75,399.25,3.593,3.471,7.0,227.97,50.11,1,2.136,3.356,0.0,7.158,36.5
2026-01-04T16:00:00,16.0,6,1,32.25,46.57,378.13,3.403,3.036,7.0,216.3,49.97,1,1.544,3.448,0.037,6.906,34.88
2026-01-04T16:15:00,16.25,6,1,32.63,50.17,336.35,3.027,3.817,7.0,229.35,49.97,1,1.212,4.164,0.314,6.6,35.42
2026-01-04T16:30:00,16.5,6,1,29.26,58.35,299.81,2.698,3.804,7.0,222.73,50.02,1,1.141,3.971,0.084,6.813,32.09
2026-01-04T16:45:00,16.75,6,1,29.67,58.39,208.76,1.879,3.142,7.0,226.99,49.94,1,0.538,4.421,0.56,5.895,32.43
2026-01-04T17:00:00,17.0,6,1,29.81,55.89,187.91,1.691,3.368,7.0,236.57,49.99,1,0.0,4.597,0.0,5.853,32.27
2026-01-04T17:15:00,17.25,6,1,31.23,48.7,139.77,1.258,4.195,7.0,232.68,49.98,1,0.049,5.376,0.014,5.147,33.24
2026-01-04T17:30:00,17.5,6,1,29.43,56.27,106.63,0.96,4.302,7.0,232.92,50.04,1,0.127,5.651,0.0,4.826,32.19
2026-01-04T17:45:00,17.75,6,1,29.08,60.18,60.92,0.548,4.547,7.0,228.52,50.04,1,0.0,5.787,0.0,5.579,31.33
2026-01-04T18:00:00,18.0,6,1,28.25,62.87,0.0,0.0,4.817,11.5,218.97,49.95,1,0.209,6.746,0.0,3.958,30.77
2026-01-04T18:15:00,18.25,6,1,27.81,54.03,0.0,0.0,5.39,11.5,229.74,50.16,1,0.0,6.918,0.086,3.711,30.51
2026-01-04T18:30:00,18.5,6,1,27.58,57.44,0.0,0.0,5.72,11.5,232.17,50.03,1,0.239,7.367,0.0,4.006,30.01
2026-01-04T18:45:00,18.75,6,1,27.09,56.5,0.0,0.0,5.813,11.5,232.77,49.87,1,0.0,6.679,0.359,2.747,29.52
2026-01-04T19:00:00,19.0,6,1,28.29,58.86,0.0,0.0,6.585,11.5,227.26,49.84,1,0.0,6.751,0.0,2.584,30.17
2026-01-04T19:15:00,19.25,6,1,28.56,57.02,0.0,0.0,6.8,11.5,230.29,50.0,1,0.0,6.909,0.0,2.971,31.75
2026-01-04T19:30:00,19.5,6,1,26.6,60.27,0.0,0.0,7.084,11.5,232.07,49.96,1,0.0,6.271,0.0,2.616,27.65
2026-01-04T19:45:00,19.75,6,1,27.16,61.21,0.0,0.0,6.843,11.5,232.23,50.01,1,0.0,6.112,0.737,2.602,29.68
2026-01-04T20:00:00,20.0,6,1,24.54,62.58,0.0,0.0,6.899,11.5,229.52,49.9,1,0.0,5.743,0.302,1.816,28.13
2026-01-04T20:15:00,20.25,6,1,22.62,62.72,0.0,0.0,6.893,11.5,233.78,49.87,1,0.0,6.034,0.559,1.175,24.68
2026-01-04T20:30:00,20.5,6,1,25.09,65.24,0.0,0.0,6.464,11.5,230.34,50.11,1,0.111,5.756,0.0,1.521,28.47
2026-01-04T20:45:00,20.75,6,1,24.48,65.59,0.0,0.0,6.199,11.5,224.4,50.05,1,0.093,5.128,0.0,0.651,27.45
2026-01-04T21:00:00,21.0,6,1,23.62,64.43,0.0,0.0,5.636,11.5,227.46,50.05,1,0.051,4.736,0.0,0.803,25.62
2026-01-04T21:15:00,21.25,6,1,21.49,69.41,0.0,0.0,6.06,11.5,227.93,49.97,1,0.036,4.572,0.259,1.068,23.72
2026-01-04T21:30:00,21.5,6,1,19.84,72.53,0.0,0.0,5.518,11.5,226.51,49.91,1,0.0,3.825,0.0,1.564,22.34
2026-01-04T21:45:00,21.75,6,1,21.03,75.71,0.0,0.0,4.938,11.5,231.4,50.05,1,0.031,3.288,0.178,1.835,23.07
2026-01-04T22:00:00,22.0,6,1,19.2,73.19,0.0,0.0,4.582,4.5,230.98,50.05,1,0.0,2.901,0.321,0.826,21.49
2026-01-04T22:15:00,22.25,6,1,19.63,75.57,0.0,0.0,4.325,4.5,227.79,50.17,1,0.0,2.787,0.0,0.918,21.75
2026-01-04T22:30:00,22.5,6,1,21.17,69.83,0.0,0.0,3.954,4.5,232.42,49.9,1,0.0,2.424,0.0,1.326,23.94
2026-01-04T22:45:00,22.75,6,1,21.57,67.53,0.0,0.0,3.275,4.5,236.27,49.92,1,0.389,2.131,0.103,2.132,24.5
2026-01-04T23:00:00,23.0,6,1,20.0,65.97,0.0,0.0,3.178,4.5,233.86,50.01,1,0.0,1.231,0.201,1.434,22.16
2026-01-04T23:15:00,23.25,6,1,16.99,77.65,0.0,0.0,2.825,4.5,228.56,49.89,1,0.0,1.038,0.0,0.98,19.75
2026-01-04T23:30:00,23.5,6,1,15.57,77.43,0.0,0.0,2.696,4.5,236.67,50.03,1,0.0,1.47,0.372,1.642,17.59
2026-01-04T23:45:00,23.75,6,1,18.86,76.44,0.0,0.0,2.365,4.5,228.6,50.06,1,0.209,0.988,0.0,2.018,21.78
2026-01-05T00:00:00,0.0,0,0,20.7,69.43,0.0,0.0,1.228,4.5,229.8,49.97,1,0.0,0.894,0.549,1.567,23.63
2026-01-05T00:15:00,0.25,0,0,16.67,78.46,0.0,0.0,1.064,4.5,227.97,50.09,1,0.141,1.311,0.729,0.965,19.2
2026-01-05T00:30:00,0.5,0,0,17.47,77.49,0.0,0.0,1.324,4.5,232.32,49.73,1,0.0,0.765,0.051,1.006,20.25
2026-01-05T00:45:00,0.75,0,0,17.97,77.7,0.0,0.0,0.963,4.5,229.08,50.08,1,0.057,0.994,0.0,0.4,20.46
2026-01-05T01:00:00,1.0,0,0,18.44,70.22,0.0,0.0,1.021,4.5,235.86,50.1,1,0.045,1.377,0.501,1.853,20.81
2026-01-05T01:15:00,1.25,0,0,17.25,76.46,0.0,0.0,1.208,4.5,224.32,49.89,1,0.036,0.927,0.026,1.422,18.62
2026-01-05T01:30:00,1.5,0,0,18.57,72.16,0.0,0.0,1.095,4.5,230.64,49.91,1,0.091,1.498,0.04,1.104,21.03
2026-01-05T01:45:00,1.75,0,0,18.42,73.51,0.0,0.0,0.971,4.5,224.07,49.96,1,0.0,1.904,0.0,1.903,20.5
2026-01-05T02:00:00,2.0,0,0,17.62,75.91,0.0,0.0,1.167,4.5,230.22,50.04,1,0.032,0.883,0.0,2.832,20.02
2026-01-05T02:15:00,2.25,0,0,16.56,79.51,0.0,0.0,1.213,4.5,232.2,49.97,1,0.0,1.082,0.136,3.17,19.08
2026-01-05T02:30:00,2.5,0,0,18.58,75.1,0.0,0.0,1.315,4.5,229.64,49.98,1,0.14,0.733,1.047,3.271,21.24
2026-01-05T02:45:00,2.75,0,0,15.98,74.9,0.0,0.0,1.751,4.5,235.98,49.86,1,0.0,0.692,1.228,2.807,18.38
2026-01-05T03:00:00,3.0,0,0,18.55,70.97,0.0,0.0,0.898,4.5,233.79,49.89,1,0.0,1.658,1.984,3.035,21.32
2026-01-05T03:15:00,3.25,0,0,16.44,80.67,0.0,0.0,1.131,4.5,228.55,49.88,1,0.056,0.888,2.029,2.777,18.29
2026-01-05T03:30:00,3.5,0,0,18.66,75.96,0.0,0.0,1.363,4.5,230.17,50.01,1,0.106,1.123,3.24,4.314,20.88
2026-01-05T03:45:00,3.75,0,0,18.78,72.67,0.0,0.0,1.015,4.5,236.05,49.84,1,0.075,1.326,2.743,3.799,20.78
2026-01-05T04:00:00,4.0,0,0,18.02,67.17,0.0,0.0,1.582,4.5,226.6,50.04,1,0.029,0.718,3.446,4.747,20.05
2026-01-05T04:15:00,4.25,0,0,19.24,70.55,0.0,0.0,1.098,4.5,232.35,50.1,1,0.0,1.525,2.96,4.683,21.12
2026-01-05T04:30:00,4.5,0,0,18.13,74.33,0.0,0.0,1.084,4.5,222.54,50.04,1,0.052,1.071,4.241,5.029,20.5
2026-01-05T04:45:00,4.75,0,0,19.88,72.82,0.0,0.0,1.514,4.5,235.12,50.01,1,0.201,1.516,4.006,4.099,22.45
2026-01-05T05:00:00,5.0,0,0,19.89,67.82,0.0,0.0,1.215,4.5,231.66,49.9,1,0.0,2.356,4.409,4.223,22.42
2026-01-05T05:15:00,5.25,0,0,20.84,68.07,0.0,0.0,1.481,4.5,232.38,50.12,1,0.494,2.271,5.052,4.226,23.25
2026-01-05T05:30:00,5.5,0,0,17.96,75.26,0.0,0.0,1.41,4.5,227.97,50.08,1,1.084,2.623,4.755,4.732,20.85
2026-01-05T05:45:00,5.75,0,0,21.06,69.31,0.0,0.0,1.626,4.5,226.09,49.94,1,1.167,3.33,5.622,4.007,23.2
2026-01-05T06:00:00,6.0,0,0,20.29,75.49,0.0,0.0,2.203,7.0,225.14,49.9,1,2.051,3.278,4.935,3.551,23.02
2026-01-05T06:15:00,6.25,0,0,22.37,69.74,46.19,0.416,2.314,7.0,238.21,50.09,1,1.757,4.399,5.27,4.332,24.9
2026-01-05T06:30:00,6.5,0,0,23.42,60.25,99.7,0.897,2.9,7.0,228.56,49.95,1,2.42,4.536,6.063,3.375,25.9
2026-01-05T06:45:00,6.75,0,0,24.2,64.23,132.57,1.193,2.948,7.0,223.16,49.99,1,2.715,3.618,6.302,3.481,27.07
2026-01-05T07:00:00,7.0,0,0,23.98,63.36,196.54,1.769,3.418,7.0,221.92,50.04,1,3.058,4.671,6.468,2.781,25.72
2026-01-05T07:15:00,7.25,0,0,23.47,67.41,196.89,1.772,4.261,7.0,230.22,50.01,1,3.305,4.586,5.842,1.745,26.06
2026-01-05T07:30:00,7.5,0,0,24.6,65.05,257.07,2.314,4.28,7.0,232.31,49.93,1,3.704,5.194,6.374,2.35,26.41
2026-01-05T07:45:00,7.75,0,0,23.94,62.56,306.5,2.758,4.004,7.0,227.44,49.95,1,4.31,4.693,6.115,1.966,26.54
2026-01-05T08:00:00,8.0,0,0,23.88,59.25,336.23,3.026,4.572,7.0,236.53,49.88,1,4.335,4.853,6.191,2.321,26.25
2026-01-05T08:15:00,8.25,0,0,23.95,63.79,373.07,3.358,4.46,7.0,233.42,49.99,1,5.032,4.083,6.499,2.332,25.46
2026-01-05T08:30:00,8.5,0,0,26.64,59.52,410.89,3.698,4.857,7.0,223.49,50.14,1,5.039,4.455,6.699,2.019,28.32
2026-01-05T08:45:00,8.75,0,0,25.4,59.54,465.43,4.189,4.354,7.0,223.16,50.02,1,5.068,3.579,5.786,2.287,27.38
2026-01-05T09:00:00,9.0,0,0,26.37,57.32,487.18,4.385,4.614,7.0,231.22,49.89,1,5.159,3.957,5.405,2.297,28.3
2026-01-05T09:15:00,9.25,0,0,26.69,63.82,533.46,4.801,4.158,7.0,237.46,49.97,1,5.573,3.568,5.998,1.872,29.44
2026-01-05T09:30:00,9.5,0,0,28.5,54.07,542.72,4.884,4.456,7.0,230.46,50.03,1,5.702,3.481,5.726,2.456,31.72
2026-01-05T09:45:00,9.75,0,0,29.32,53.72,574.52,5.171,3.923,7.0,222.05,49.9,1,5.909,3.423,5.205,1.615,31.8
2026-01-05T10:00:00,10.0,0,0,30.09,52.25,588.2,5.294,4.105,7.0,220.45,50.02,1,5.87,3.226,6.098,3.034,33.29
2026-01-05T10:15:00,10.25,0,0,31.33,55.29,620.92,5.588,3.796,7.0,236.54,49.99,1,5.941,2.564,5.229,1.778,34.1
2026-01-05T10:30:00,10.5,0,0,31.6,55.66,651.02,5.859,3.382,7.0,231.53,49.92,1,6.468,2.0,5.358,2.034,33.72
2026-01-05T10:45:00,10.75,0,0,31.74,54.81,639.99,5.76,3.272,7.0,224.97,50.11,1,6.531,2.148,4.97,1.918,34.86
2026-01-05T11:00:00,11.0,0,0,32.44,48.63,647.32,5.826,3.117,7.0,226.63,50.02,1,6.684,2.283,4.848,2.611,35.57
2026-01-05T11:15:00,11.25,0,0,30.78,45.04,678.14,6.103,2.435,7.0,227.08,49.88,1,6.269,1.814,4.064,3.105,33.81
2026-01-05T11:30:00,11.5,0,0,29.08,54.45,698.1,6.283,1.921,7.0,226.87,49.96,1,6.472,1.766,3.664,2.891,31.86
2026-01-05T11:45:00,11.75,0,0,30.09,50.66,697.92,6.281,2.024,7.0,235.18,50.06,1,6.023,2.516,3.247,2.125,33.3
2026-01-05T12:00:00,12.0,0,0,32.9,45.24,733.74,6.604,2.502,7.0,222.57,49.93,1,5.959,2.771,3.215,2.696,36.09
2026-01-05T12:15:00,12.25,0,0,30.74,51.37,685.41,6.169,1.936,7.0,229.1,50.09,1,5.92,2.911,2.909,3.307,33.72
2026-01-05T12:30:00,12.5,0,0,30.82,52.25,712.88,6.416,1.81,7.0,231.55,50.06,1,5.6,2.473,3.128,2.68,33.1
2026-01-05T12:45:00,12.75,0,0,34.46,50.94,680.83,6.127,2.261,7.0,228.76,49.95,1,5.339,2.796,1.63,2.234,36.5
2026-01-05T13:00:00,13.0,0,0,34.83,46.72,672.14,6.049,2.592,7.0,221.8,50.01,1,5.466,2.514,1.229,4.139,38.05
2026-01-05T13:15:00,13.25,0,0,30.97,54.6,664.91,5.984,2.323,7.0,231.45,49.94,1,5.132,2.169,1.363,3.647,32.96
2026-01-05T13:30:00,13.5,0,0,30.4,54.31,626.07,5.635,2.509,7.0,231.01,49.72,1,5.03,2.657,0.822,3.82,33.58
2026-01-05T13:45:00,13.75,0,0,32.96,43.87,606.32,5.457,2.262,7.0,233.83,49.99,1,4.904,2.33,0.196,4.519,35.79
2026-01-05T14:00:00,14.0,0,0,32.92,49.61,601.64,5.415,2.503,7.0,225.8,50.0,1,4.67,2.564,0.198,4.639,35.46
2026-01-05T14:15:00,14.25,0,0,33.56,42.59,573.3,5.16,2.116,7.0,227.36,50.13,1,4.285,2.924,0.107,4.597,35.53
2026-01-05T14:30:00,14.5,0,0,33.23,48.35,555.13,4.996,2.499,7.0,227.64,49.93,1,3.536,2.598,0.051,4.862,35.92
2026-01-05T14:45:00,14.75,0,0,34.22,51.49,527.34,4.746,2.556,7.0,225.14,49.99,1,3.82,2.287,0.154,5.473,36.53
2026-01-05T15:00:00,15.0,0,0,32.11,48.98,489.04,4.401,2.528,7.0,225.65,49.86,1,3.277,2.463,0.0,5.22,33.76
2026-01-05T15:15:00,15.25,0,0,32.49,48.73,458.33,4.125,3.064,7.0,227.93,50.16,1,2.242,3.156,0.0,6.086,34.34
2026-01-05T15:30:00,15.5,0,0,33.21,47.3,411.83,3.706,2.735,7.0,230.41,50.06,1,2.523,3.088,0.0,6.902,36.41
2026-01-05T15:45:00,15.75,0,0,31.6,50.99,399.85,3.599,2.29,7.0,232.79,49.83,1,1.908,2.564,0.421,6.588,33.5
2026-01-05T16:00:00,16.0,0,0,29.94,47.86,392.76,3.535,2.972,7.0,227.31,50.06,1,1.43,3.876,0.0,5.585,32.32
2026-01-05T16:15:00,16.25,0,0,30.98,55.65,289.75,2.608,3.276,7.0,221.66,49.94,1,1.156,3.642,0.0,5.875,33.81
2026-01-05T16:30:00,16.5,0,0,32.42,49.36,278.65,2.508,3.293,7.0,223.18,50.05,1,1.065,3.976,0.742,5.758,35.09
2026-01-05T16:45:00,16.75,0,0,30.75,50.26,222.07,1.999,2.754,7.0,231.96,50.16,1,0.478,4.094,0.204,6.428,32.62
2026-01-05T17:00:00,17.0,0,0,32.2,46.67,172.24,1.55,4.048,7.0,229.09,50.05,1,0.026,4.291,0.0,6.851,34.36
2026-01-05T17:15:00,17.25,0,0,29.89,55.77,138.25,1.244,3.923,7.0,227.81,49.82,1,0.077,5.045,0.28,5.884,31.95
2026-01-05T17:30:00,17.5,0,0,28.99,53.47,110.26,0.992,3.655,7.0,227.93,49.9,1,0.103,5.295,0.45,4.811,31.12
2026-01-05T17:45:00,17.75,0,0,27.95,60.55,65.55,0.59,4.015,7.0,226.24,50.03,1,0.044,5.261,0.241,5.063,30.92
2026-01-05T18:00:00,18.0,0,0,27.44,53.88,0.0,0.0,4.692,11.5,224.89,49.98,1,0.11,5.46,0.287,4.077,29.68
2026-01-05T18:15:00,18.25,0,0,28.77,58.03,0.0,0.0,5.051,11.5,225.47,50.08,1,0.0,5.341,0.265,3.447,31.78
2026-01-05T18:30:00,18.5,0,0,27.26,58.67,0.0,0.0,5.314,11.5,234.16,50.07,1,0.099,6.629,0.818,3.05,29.84
2026-01-05T18:45:00,18.75,0,0,26.86,51.32,0.0,0.0,5.422,11.5,231.87,50.12,1,0.169,6.085,0.489,3.593,29.58
2026-01-05T19:00:00,19.0,0,0,28.09,58.19,0.0,0.0,5.604,11.5,231.04,49.91,1,0.0,6.139,0.0,3.095,31.18
2026-01-05T19:15:00,19.25,0,0,25.77,62.24,0.0,0.0,5.538,11.5,231.92,49.94,1,0.0,5.736,0.0,2.285,28.3
2026-01-05T19:30:00,19.5,0,0,25.56,61.86,0.0,0.0,6.593,11.5,227.7,50.04,1,0.023,6.095,0.612,1.613,28.08
2026-01-05T19:45:00,19.75,0,0,25.82,70.54,0.0,0.0,6.206,11.5,227.9,49.8,1,0.241,6.665,0.0,2.988,27.83
2026-01-05T20:00:00,20.0,0,0,28.5,61.54,0.0,0.0,5.992,11.5,231.75,50.04,1,0.0,5.837,0.096,0.962,30.2
2026-01-05T20:15:00,20.25,0,0,21.53,69.73,0.0,0.0,5.608,11.5,225.1,50.04,1,0.043,5.419,0.418,0.791,23.87
2026-01-05T20:30:00,20.5,0,0,24.91,68.03,0.0,0.0,6.023,11.5,221.75,50.1,1,0.0,5.203,0.0,1.194,26.28
2026-01-05T20:45:00,20.75,0,0,22.92,61.71,0.0,0.0,6.532,11.5,237.16,50.05,1,0.0,5.053,0.75,1.577,25.12
2026-01-05T21:00:00,21.0,0,0,23.13,68.71,0.0,0.0,5.813,11.5,231.2,49.97,1,0.143,4.117,0.455,1.505,26.03
2026-01-05T21:15:00,21.25,0,0,23.17,61.62,0.0,0.0,5.159,11.5,229.83,50.02,1,0.065,4.497,0.0,0.992,25.34
2026-01-05T21:30:00,21.5,0,0,20.41,73.77,0.0,0.0,5.166,11.5,237.7,50.02,1,0.285,3.463,0.0,1.324,23.42
2026-01-05T21:45:00,21.75,0,0,19.05,74.44,0.0,0.0,5.062,11.5,227.21,50.01,1,0.166,2.854,0.0,1.544,21.65
2026-01-05T22:00:00,22.0,0,0,21.08,73.09,0.0,0.0,4.208,4.5,235.21,50.05,1,0.0,2.479,0.096,1.339,23.76
2026-01-05T22:15:00,22.25,0,0,19.13,75.96,0.0,0.0,4.165,4.5,232.77,50.16,1,0.049,2.352,0.09,1.165,22.33
2026-01-05T22:30:00,22.5,0,0,22.13,73.82,0.0,0.0,3.469,4.5,234.34,50.11,1,0.258,2.083,0.0,0.447,25.67
2026-01-05T22:45:00,22.75,0,0,20.08,69.11,0.0,0.0,3.001,4.5,232.58,50.04,1,0.153,2.222,0.0,1.271,22.0
2026-01-05T23:00:00,23.0,0,0,18.77,77.15,0.0,0.0,2.536,4.5,232.51,49.92,1,0.255,1.117,0.0,1.568,21.12
2026-01-05T23:15:00,23.25,0,0,18.38,76.9,0.0,0.0,2.454,4.5,223.82,50.09,1,0.0,0.668,0.0,1.15,20.49
2026-01-05T23:30:00,23.5,0,0,18.74,68.01,0.0,0.0,1.665,4.5,235.61,49.93,1,0.0,1.152,0.412,1.046,20.4
2026-01-05T23:45:00,23.75,0,0,18.81,70.37,0.0,0.0,2.496,4.5,235.79,50.05,1,0.0,1.045,0.0,0.419,21.76
2026-01-06T00:00:00,0.0,1,0,18.28,72.36,0.0,0.0,1.34,4.5,230.07,50.11,1,0.075,0.974,0.397,1.141,21.02
2026-01-06T00:15:00,0.25,1,0,18.23,77.9,0.0,0.0,0.954,4.5,226.25,49.94,1,0.137,1.265,0.0,1.396,20.44
2026-01-06T00:30:00,0.5,1,0,15.52,85.68,0.0,0.0,1.11,4.5,229.2,49.94,1,0.0,1.028,0.105,0.704,17.88
2026-01-06T00:45:00,0.75,1,0,17.02,74.98,0.0,0.0,1.264,4.5,228.71,49.88,1,0.0,1.306,0.029,1.188,19.7
2026-01-06T01:00:00,1.0,1,0,19.02,72.43,0.0,0.0,0.971,4.5,235.27,50.14,1,0.23,1.146,0.0,1.392,22.11
2026-01-06T01:15:00,1.25,1,0,17.83,76.33,0.0,0.0,1.175,4.5,223.36,49.84,1,0.0,1.671,0.0,1.291,19.57
2026-01-06T01:30:00,1.5,1,0,15.77,83.16,0.0,0.0,1.322,4.5,232.06,49.95,1,0.17,1.027,0.097,1.484,17.45
2026-01-06T01:45:00,1.75,1,0,16.25,79.95,0.0,0.0,1.278,4.5,226.61,49.92,1,0.0,1.541,0.29,1.095,19.68
2026-01-06T02:00:00,2.0,1,0,15.45,79.5,0.0,0.0,1.36,4.5,238.85,50.07,1,0.0,1.277,0.0,1.953,17.62
2026-01-06T02:15:00,2.25,1,0,16.73,75.4,0.0,0.0,1.469,4.5,230.33,50.1,1,0.0,1.629,0.304,2.185,19.26
2026-01-06T02:30:00,2.5,1,0,18.17,72.06,0.0,0.0,1.269,4.5,229.7,50.02,1,0.006,1.266,0.583,2.236,20.79
2026-01-06T02:45:00,2.75,1,0,16.28,79.04,0.0,0.0,1.409,4.5,226.6,50.12,1,0.348,0.524,1.422,2.808,18.25
2026-01-06T03:00:00,3.0,1,0,19.13,68.25,0.0,0.0,1.203,4.5,236.9,49.94,1,0.243,1.212,1.698,3.005,21.24
2026-01-06T03:15:00,3.25,1,0,17.46,71.41,0.0,0.0,1.279,4.5,231.44,50.08,1,0.165,1.541,2.188,2.805,20.03
2026-01-06T03:30:00,3.5,1,0,16.99,75.25,0.0,0.0,1.234,4.5,225.09,49.88,1,0.32,1.361,2.247,4.379,19.9
2026-01-06T03:45:00,3.75,1,0,18.16,76.75,0.0,0.0,0.719,4.5,233.73,50.04,1,0.079,2.108,2.798,4.025,21.37
2026-01-06T04:00:00,4.0,1,0,17.97,76.58,0.0,0.0,1.256,4.5,232.19,50.2,1,0.053,1.26,2.313,5.019,20.83
2026-01-06T04:15:00,4.25,1,0,18.59,76.69,0.0,0.0,1.277,4.5,230.44,50.1,1,0.28,1.789,3.521,5.021,21.5
2026-01-06T04:30:00,4.5,1,0,18.15,78.04,0.0,0.0,1.111,4.5,229.64,49.89,1,0.0,1.596,3.041,4.653,21.54
2026-01-06T04:45:00,4.75,1,0,18.28,75.41,0.0,0.0,1.757,4.5,232.18,49.96,1,0.0,1.596,3.567,4.752,20.59
2026-01-06T05:00:00,5.0,1,0,17.87,72.68,0.0,0.0,1.183,4.5,225.67,50.01,1,0.0,1.777,4.493,4.133,20.79
2026-01-06T05:15:00,5.25,1,0,17.55,71.23,0.0,0.0,1.575,4.5,233.25,49.99,1,0.139,2.05,4.702,4.626,20.55
2026-01-06T05:30:00,5.5,1,0,19.83,75.16,0.0,0.0,1.476,4.5,235.14,49.85,1,0.863,2.939,4.386,5.607,21.82
2026-01-06T05:45:00,5.75,1,0,21.86,75.27,0.0,0.0,1.667,4.5,221.82,49.94,1,1.07,2.399,5.287,3.493,23.81
2026-01-06T06:00:00,6.0,1,0,23.36,66.98,0.0,0.0,2.026,7.0,235.51,49.92,1,1.241,2.957,5.342,3.921,25.75
2026-01-06T06:15:00,6.25,1,0,22.48,72.17,48.87,0.44,2.08,7.0,228.66,49.95,1,2.043,3.86,5.223,4.248,25.04
2026-01-06T06:30:00,6.5,1,0,21.29,66.38,99.23,0.893,2.821,7.0,227.45,49.89,1,1.85,3.742,5.305,4.145,24.32
2026-01-06T06:45:00,6.75,1,0,22.27,70.66,100.62,0.906,2.646,7.0,238.06,50.0,1,2.467,4.016,5.196,3.179,24.82
2026-01-06T07:00:00,7.0,1,0,20.81,69.76,165.46,1.489,3.136,7.0,226.12,50.03,1,2.757,5.009,5.202,2.884,23.36
2026-01-06T07:15:00,7.25,1,0,22.24,65.14,213.78,1.924,3.657,7.0,235.61,49.97,1,3.307,4.967,5.908,3.026,24.54
2026-01-06T07:30:00,7.5,1,0,24.15,63.28,241.46,2.173,4.055,7.0,239.41,49.99,1,3.639,4.523,5.205,1.969,26.95
2026-01-06T07:45:00,7.75,1,0,23.85,65.37,282.52,2.543,4.174,7.0,233.92,50.08,1,3.689,4.948,5.974,2.175,26.03
2026-01-06T08:00:00,8.0,1,0,25.73,54.28,304.7,2.742,4.877,7.0,219.06,50.07,1,4.02,4.429,5.564,1.712,28.3
2026-01-06T08:15:00,8.25,1,0,25.71,61.34,366.21,3.296,5.11,7.0,235.0,49.94,1,4.456,4.131,5.53,2.44,29.0
2026-01-06T08:30:00,8.5,1,0,25.62,57.29,384.37,3.459,4.731,7.0,231.41,49.95,1,4.405,4.986,5.998,2.699,27.87
2026-01-06T08:45:00,8.75,1,0,26.54,60.65,402.75,3.625,5.131,7.0,232.52,49.95,1,5.083,3.751,4.999,1.324,29.15
2026-01-06T09:00:00,9.0,1,0,26.34,64.9,461.46,4.153,4.659,7.0,231.53,50.1,1,4.905,3.698,5.873,2.02,29.37
2026-01-06T09:15:00,9.25,1,0,28.09,58.6,500.05,4.5,4.422,7.0,226.07,49.84,1,4.945,3.532,5.057,2.407,31.21
2026-01-06T09:30:00,9.5,1,0,28.02,59.3,493.86,4.445,4.835,7.0,235.1,50.11,1,5.746,4.055,5.254,1.704,30.57
2026-01-06T09:45:00,9.75,1,0,27.84,58.34,559.04,5.031,3.992,7.0,236.95,49.97,1,5.52,3.317,5.341,3.393,29.64
2026-01-06T10:00:00,10.0,1,0,29.96,52.81,554.3,4.989,3.955,7.0,224.75,50.11,1,5.312,2.724,5.435,2.15,32.41
2026-01-06T10:15:00,10.25,1,0,29.83,51.03,573.98,5.166,3.577,7.0,226.31,50.04,1,5.694,2.813,4.564,2.406,32.2
2026-01-06T10:30:00,10.5,1,0,29.23,50.18,601.23,5.411,3.6,7.0,230.26,49.89,1,5.654,1.772,4.228,3.457,31.84
2026-01-06T10:45:00,10.75,1,0,30.05,55.26,609.32,5.484,2.963,7.0,228.25,49.96,1,5.707,1.61,4.226,2.414,33.22
2026-01-06T11:00:00,11.0,1,0,31.38,46.78,613.92,5.525,2.978,7.0,226.79,49.79,1,5.912,2.027,4.393,3.073,33.78
2026-01-06T11:15:00,11.25,1,0,31.55,56.5,634.54,5.711,2.898,7.0,226.09,49.89,1,5.784,1.868,3.435,2.702,34.45
2026-01-06T11:30:00,11.5,1,0,31.09,53.11,626.54,5.639,2.21,7.0,227.83,50.22,1,5.964,2.197,3.6,2.456,33.45
2026-01-06T11:45:00,11.75,1,0,29.74,55.89,636.78,5.731,1.946,7.0,226.68,49.99,1,5.528,2.257,3.516,3.292,31.42
2026-01-06T12:00:00,12.0,1,0,32.4,46.15,643.19,5.789,1.874,7.0,230.59,50.11,1,5.416,1.833,2.586,2.247,35.25
2026-01-06T12:15:00,12.25,1,0,31.41,44.14,641.16,5.77,2.014,7.0,234.9,49.92,1,5.366,1.928,2.41,3.221,33.93
2026-01-06T12:30:00,12.5,1,0,32.34,49.99,648.05,5.832,2.094,7.0,236.82,49.95,1,5.333,2.355,2.709,3.121,34.73
2026-01-06T12:45:00,12.75,1,0,33.73,45.26,610.95,5.499,2.129,7.0,238.3,50.09,1,4.941,2.891,2.404,3.218,36.0
2026-01-06T13:00:00,13.0,1,0,32.42,53.39,608.65,5.478,1.807,7.0,225.83,50.01,1,4.677,2.468,1.327,4.265,35.58
2026-01-06T13:15:00,13.25,1,0,33.55,47.74,581.42,5.233,2.192,7.0,233.11,49.99,1,4.714,2.182,1.063,3.456,36.24
2026-01-06T13:30:00,13.5,1,0,33.74,45.08,612.04,5.508,2.169,7.0,229.62,49.84,1,4.468,2.807,0.212,4.057,37.21
2026-01-06T13:45:00,13.75,1,0,32.57,52.37,556.41,5.008,2.613,7.0,235.73,50.07,1,4.535,2.392,0.0,3.735,34.94
2026-01-06T14:00:00,14.0,1,0,34.33,47.31,544.6,4.901,2.443,7.0,226.15,49.97,1,4.16,2.867,0.0,4.357,37.05
2026-01-06T14:15:00,14.25,1,0,33.38,50.19,519.23,4.673,2.177,7.0,224.78,49.95,1,3.59,3.06,0.212,4.483,36.15
2026-01-06T14:30:00,14.5,1,0,34.65,53.74,506.68,4.56,2.734,7.0,229.53,50.15,1,3.565,3.075,0.315,4.524,36.83
2026-01-06T14:45:00,14.75,1,0,32.4,48.24,493.59,4.442,2.612,7.0,222.93,50.09,1,3.012,2.54,0.0,5.582,34.62
2026-01-06T15:00:00,15.0,1,0,33.73,48.26,468.93,4.22,2.696,7.0,231.92,49.98,1,2.645,2.643,0.0,5.526,35.95
2026-01-06T15:15:00,15.25,1,0,31.57,59.72,409.99,3.69,2.93,7.0,227.7,50.07,1,2.779,3.093,0.0,5.391,34.4
2026-01-06T15:30:00,15.5,1,0,33.97,48.37,376.74,3.391,2.825,7.0,227.41,50.12,1,2.334,2.899,0.0,5.412,36.29
2026-01-06T15:45:00,15.75,1,0,34.13,45.83,344.43,3.1,2.912,7.0,231.01,49.99,1,2.281,2.902,0.012,5.931,36.02
2026-01-06T16:00:00,16.0,1,0,33.11,50.45,310.35,2.793,2.898,7.0,236.74,50.01,1,1.082,3.769,0.0,6.127,36.42
2026-01-06T16:15:00,16.25,1,0,32.24,50.66,299.9,2.699,2.942,7.0,239.09,50.08,1,0.931,3.948,0.0,6.486,34.8
2026-01-06T16:30:00,16.5,1,0,31.11,47.31,259.65,2.337,2.95,7.0,221.02,50.13,1,0.547,4.034,0.184,5.032,33.72
2026-01-06T16:45:00,16.75,1,0,30.12,54.95,233.25,2.099,3.102,7.0,226.01,50.06,1,0.096,3.75,0.0,5.849,32.42
2026-01-06T17:00:00,17.0,1,0,31.99,48.09,142.16,1.279,4.137,7.0,231.11,49.93,1,0.0,4.965,0.0,5.272,34.2
2026-01-06T17:15:00,17.25,1,0,30.45,54.13,97.09,0.874,3.728,7.0,228.76,49.92,1,0.141,4.964,0.0,5.314,32.62
2026-01-06T17:30:00,17.5,1,0,28.35,56.95,68.81,0.619,4.075,7.0,240.48,50.08,1,0.027,4.454,0.0,5.424,30.87
2026-01-06T17:45:00,17.75,1,0,27.41,56.17,24.41,0.22,3.576,7.0,237.21,50.12,0,0.0,5.68,0.1,4.37,29.7
2026-01-06T18:00:00,18.0,1,0,29.49,56.89,0.0,0.0,4.761,11.5,222.92,50.05,1,0.0,5.537,0.136,4.015,31.69
2026-01-06T18:15:00,18.25,1,0,29.97,56.31,0.0,0.0,4.769,11.5,230.2,49.78,1,0.0,5.816,0.0,3.89,32.17
2026-01-06T18:30:00,18.5,1,0,27.62,58.79,0.0,0.0,4.824,11.5,232.2,50.04,1,0.093,5.925,0.0,3.335,30.79
2026-01-06T18:45:00,18.75,1,0,27.2,62.44,0.0,0.0,5.563,11.5,232.65,49.89,1,0.0,6.22,0.0,2.511,29.51
2026-01-06T19:00:00,19.0,1,0,27.6,57.33,0.0,0.0,5.707,11.5,227.78,50.06,1,0.103,5.98,0.0,2.606,30.25
2026-01-06T19:15:00,19.25,1,0,26.12,58.05,0.0,0.0,5.688,11.5,225.29,50.08,1,0.0,6.421,0.071,2.042,28.1
2026-01-06T19:30:00,19.5,1,0,24.97,66.54,0.0,0.0,5.974,11.5,227.23,49.91,1,0.03,5.725,0.0,3.287,27.14
2026-01-06T19:45:00,19.75,1,0,25.48,63.05,0.0,0.0,6.221,11.5,233.45,49.91,1,0.071,5.506,0.017,2.246,27.89
2026-01-06T20:00:00,20.0,1,0,24.01,64.45,0.0,0.0,5.855,11.5,226.54,50.15,1,0.0,5.211,0.379,0.4,27.59
2026-01-06T20:15:00,20.25,1,0,24.83,63.95,0.0,0.0,6.175,11.5,223.8,50.05,1,0.0,5.23,0.442,0.658,26.25
2026-01-06T20:30:00,20.5,1,0,24.51,63.79,0.0,0.0,5.69,11.5,228.19,50.07,1,0.078,5.433,0.032,0.806,26.87
2026-01-06T20:45:00,20.75,1,0,23.69,63.33,0.0,0.0,5.754,11.5,233.15,50.04,1,0.0,4.334,0.0,0.963,26.02
2026-01-06T21:00:00,21.0,1,0,23.11,70.16,0.0,0.0,5.418,11.5,226.44,50.02,1,0.142,3.943,0.096,1.303,26.26
2026-01-06T21:15:00,21.25,1,0,23.93,66.36,0.0,0.0,5.117,11.5,226.88,49.93,1,0.0,4.226,0.0,0.4,26.86
2026-01-06T21:30:00,21.5,1,0,24.24,65.5,0.0,0.0,5.141,11.5,237.05,49.86,1,0.0,3.509,0.0,1.131,26.39
2026-01-06T21:45:00,21.75,1,0,19.84,71.47,0.0,0.0,4.294,11.5,229.64,49.88,1,0.118,2.851,0.0,0.798,22.63
2026-01-06T22:00:00,22.0,1,0,22.0,59.02,0.0,0.0,4.009,4.5,222.89,50.17,1,0.064,2.824,0.282,1.036,24.55
2026-01-06T22:15:00,22.25,1,0,19.46,69.94,0.0,0.0,4.184,4.5,235.06,49.98,1,0.025,2.472,0.0,1.823,21.8
2026-01-06T22:30:00,22.5,1,0,20.72,67.32,0.0,0.0,3.304,4.5,224.14,50.05,1,0.0,2.778,0.272,1.662,24.37
2026-01-06T22:45:00,22.75,1,0,18.93,73.9,0.0,0.0,2.806,4.5,237.97,50.12,1,0.14,1.882,0.0,0.568,21.56
2026-01-06T23:00:00,23.0,1,0,17.97,80.66,0.0,0.0,2.777,4.5,229.82,49.93,1,0.261,0.863,0.341,1.503,21.02
2026-01-06T23:15:00,23.25,1,0,16.32,77.39,0.0,0.0,2.628,4.5,229.99,49.97,1,0.0,0.713,0.0,1.528,18.94
2026-01-06T23:30:00,23.5,1,0,17.46,69.22,0.0,0.0,2.657,4.5,228.68,49.95,1,0.0,1.41,0.0,1.529,20.49
2026-01-06T23:45:00,23.75,1,0,19.2,75.05,0.0,0.0,1.999,4.5,231.1,49.93,1,0.138,1.06,0.0,1.625,21.88
2026-01-07T00:00:00,0.0,2,0,16.24,83.44,0.0,0.0,0.956,4.5,227.02,50.17,1,0.024,1.522,0.569,1.944,18.77
2026-01-07T00:15:00,0.25,2,0,20.33,66.57,0.0,0.0,0.646,4.5,228.35,49.88,1,0.001,0.548,0.0,0.783,23.16
2026-01-07T00:30:00,0.5,2,0,18.22,79.52,0.0,0.0,1.369,4.5,228.13,50.05,1,0.0,0.804,0.0,1.005,21.19
2026-01-07T00:45:00,0.75,2,0,18.82,72.73,0.0,0.0,1.331,4.5,233.26,50.2,1,0.0,1.124,0.068,1.21,21.47
2026-01-07T01:00:00,1.0,2,0,17.14,72.93,0.0,0.0,1.386,4.5,231.92,50.09,1,0.102,0.962,0.0,1.835,19.88
2026-01-07T01:15:00,1.25,2,0,17.42,81.25,0.0,0.0,0.4,4.5,230.82,50.0,1,0.225,1.207,0.0,0.755,19.68
2026-01-07T01:30:00,1.5,2,0,15.97,77.69,0.0,0.0,1.12,4.5,224.55,50.01,1,0.017,1.493,0.617,1.349,17.89
2026-01-07T01:45:00,1.75,2,0,17.54,76.56,0.0,0.0,1.276,4.5,230.98,49.88,1,0.127,1.226,0.451,1.381,20.65
2026-01-07T02:00:00,2.0,2,0,16.64,80.31,0.0,0.0,1.046,4.5,224.36,49.91,1,0.0,1.193,0.276,2.177,19.1
2026-01-07T02:15:00,2.25,2,0,17.92,74.72,0.0,0.0,1.377,4.5,219.87,50.04,1,0.0,1.407,0.659,3.191,20.09
2026-01-07T02:30:00,2.5,2,0,16.01,78.49,0.0,0.0,1.522,4.5,221.32,50.02,1,0.134,1.787,0.236,3.167,19.07
2026-01-07T02:45:00,2.75,2,0,17.97,75.68,0.0,0.0,0.752,4.5,231.02,49.92,1,0.0,1.105,1.77,2.92,20.28
2026-01-07T03:00:00,3.0,2,0,16.32,80.34,0.0,0.0,1.441,4.5,233.94,49.98,1,0.0,1.313,1.338,4.235,19.13
2026-01-07T03:15:00,3.25,2,0,17.76,73.07,0.0,0.0,1.425,4.5,231.94,50.03,1,0.0,1.543,1.935,3.754,20.55
2026-01-07T03:30:00,3.5,2,0,18.58,77.52,0.0,0.0,1.462,4.5,225.82,50.0,1,0.0,0.835,2.172,3.837,20.88
2026-01-07T03:45:00,3.75,2,0,16.87,82.17,0.0,0.0,1.064,4.5,224.97,50.16,1,0.0,0.854,2.295,4.393,18.87
2026-01-07T04:00:00,4.0,2,0,20.09,77.18,0.0,0.0,1.394,4.5,224.92,49.91,1,0.017,1.585,3.286,5.163,23.7
2026-01-07T04:15:00,4.25,2,0,18.34,66.59,0.0,0.0,1.399,4.5,227.87,50.1,1,0.332,1.267,4.021,5.092,21.07
2026-01-07T04:30:00,4.5,2,0,18.15,79.95,0.0,0.0,1.211,4.5,226.97,49.91,1,0.0,1.323,3.49,5.538,20.99
2026-01-07T04:45:00,4.75,2,0,17.84,72.39,0.0,0.0,1.31,4.5,233.05,50.06,1,0.0,1.11,4.209,4.599,19.58
2026-01-07T05:00:00,5.0,2,0,18.13,75.64,0.0,0.0,1.387,4.5,229.45,49.86,1,0.0,2.122,4.783,4.881,20.17
2026-01-07T05:15:00,5.25,2,0,19.35,72.08,0.0,0.0,1.404,4.5,231.79,49.95,1,0.612,2.446,4.116,4.503,22.27
2026-01-07T05:30:00,5.5,2,0,19.66,73.37,0.0,0.0,1.44,4.5,228.88,50.02,1,0.727,2.667,4.958,3.687,23.08
2026-01-07T05:45:00,5.75,2,0,20.89,73.74,0.0,0.0,1.609,4.5,234.18,49.99,1,1.238,2.863,4.423,3.63,23.5
2026-01-07T06:00:00,6.0,2,0,21.16,66.8,0.77,0.007,1.947,7.0,230.54,49.89,1,1.541,3.446,5.142,4.207,23.54
2026-01-07T06:15:00,6.25,2,0,21.75,73.78,57.38,0.516,2.309,7.0,225.02,50.1,1,1.957,3.487,5.831,4.137,23.89
2026-01-07T06:30:00,6.5,2,0,21.76,68.02,85.3,0.768,2.782,7.0,228.33,49.9,1,2.196,3.451,5.883,2.248,23.92
2026-01-07T06:45:00,6.75,2,0,24.2,61.45,126.15,1.135,2.787,7.0,232.37,49.89,1,2.658,4.156,5.928,2.863,27.13
2026-01-07T07:00:00,7.0,2,0,21.05,70.77,160.9,1.448,3.748,7.0,230.29,50.05,1,3.148,4.574,5.897,3.7,22.83
2026-01-07T07:15:00,7.25,2,0,23.68,61.06,202.44,1.822,3.662,7.0,225.33,49.94,1,3.769,4.651,5.719,2.526,26.06
2026-01-07T07:30:00,7.5,2,0,24.78,61.27,233.12,2.098,3.594,7.0,231.03,49.87,1,3.774,4.275,5.937,2.531,26.76
2026-01-07T07:45:00,7.75,2,0,21.44,70.71,297.25,2.675,4.41,7.0,231.72,49.9,1,4.103,4.596,6.128,2.7,24.34
2026-01-07T08:00:00,8.0,2,0,25.21,59.23,339.71,3.057,4.614,7.0,232.07,50.11,1,4.496,5.087,5.818,1.839,27.87
2026-01-07T08:15:00,8.25,2,0,23.67,65.01,392.11,3.529,4.876,7.0,230.54,49.96,1,4.657,4.398,5.656,2.617,26.43
2026-01-07T08:30:00,8.5,2,0,25.96,65.15,405.26,3.647,4.417,7.0,226.53,49.98,1,5.054,4.04,5.329,2.485,28.78
2026-01-07T08:45:00,8.75,2,0,26.05,55.98,442.85,3.986,4.667,7.0,224.46,49.83,1,4.583,4.312,5.439,1.759,28.34
2026-01-07T09:00:00,9.0,2,0,29.97,51.94,499.91,4.499,4.957,7.0,230.16,49.92,1,5.419,3.587,5.885,2.045,32.19
2026-01-07T09:15:00,9.25,2,0,27.01,62.72,496.98,4.473,4.435,7.0,231.1,50.11,1,5.3,3.41,5.233,2.734,28.84
2026-01-07T09:30:00,9.5,2,0,26.23,60.12,563.65,5.073,3.707,7.0,235.56,50.01,1,5.871,2.898,4.95,1.972,28.58
2026-01-07T09:45:00,9.75,2,0,30.18,58.71,534.85,4.814,4.261,7.0,225.95,50.15,1,5.645,2.902,5.975,2.237,32.53
2026-01-07T10:00:00,10.0,2,0,29.55,61.34,603.7,5.433,3.876,7.0,232.17,49.88,1,5.816,3.392,5.705,2.15,31.79
2026-01-07T10:15:00,10.25,2,0,29.94,55.76,595.99,5.364,3.723,7.0,233.92,49.86,1,6.119,2.206,5.008,0.708,31.59
2026-01-07T10:30:00,10.5,2,0,29.37,55.35,640.34,5.763,2.744,7.0,230.67,49.91,1,6.342,2.706,4.249,2.979,31.3
2026-01-07T10:45:00,10.75,2,0,28.57,52.54,643.37,5.79,2.822,7.0,229.5,49.98,1,6.008,2.818,3.997,1.548,31.74
2026-01-07T11:00:00,11.0,2,0,32.37,52.1,655.12,5.896,3.317,7.0,229.84,50.21,1,6.16,2.49,4.115,2.574,34.03
2026-01-07T11:15:00,11.25,2,0,30.08,54.87,650.97,5.859,2.407,7.0,221.81,50.05,1,6.129,2.932,3.82,2.899,32.01
2026-01-07T11:30:00,11.5,2,0,32.68,49.36,678.2,6.104,2.671,7.0,231.85,49.99,1,5.797,2.191,4.391,3.133,35.17
2026-01-07T11:45:00,11.75,2,0,32.63,49.04,655.4,5.899,2.685,7.0,234.6,50.19,1,5.724,2.675,3.306,3.255,34.81
2026-01-07T12:00:00,12.0,2,0,31.02,55.12,704.93,6.344,2.361,7.0,227.5,49.92,1,5.921,1.997,3.503,3.154,33.46
2026-01-07T12:15:00,12.25,2,0,30.91,48.04,676.29,6.087,2.909,7.0,227.62,50.08,1,5.477,2.803,2.85,3.665,34.93
2026-01-07T12:30:00,12.5,2,0,33.13,50.34,652.51,5.873,2.21,7.0,225.45,50.06,1,5.655,1.594,2.575,2.638,35.47
2026-01-07T12:45:00,12.75,2,0,32.45,49.98,660.17,5.942,2.294,7.0,236.88,50.04,1,5.436,2.255,2.053,3.039,33.95
2026-01-07T13:00:00,13.0,2,0,31.28,51.4,643.93,5.795,2.157,7.0,234.64,49.99,1,5.143,2.124,1.197,3.954,33.45
2026-01-07T13:15:00,13.25,2,0,32.24,51.22,615.5,5.539,2.475,7.0,230.3,50.1,1,4.906,1.358,0.948,4.251,35.84
2026-01-07T13:30:00,13.5,2,0,30.27,50.98,619.19,5.573,1.834,7.0,224.9,49.91,1,4.812,3.089,0.449,3.376,32.66
2026-01-07T13:45:00,13.75,2,0,33.1,47.66,622.95,5.607,2.118,7.0,229.45,50.01,1,4.675,1.753,0.143,4.791,35.32
2026-01-07T14:00:00,14.0,2,0,34.09,45.42,580.45,5.224,2.202,7.0,232.43,50.09,1,4.156,3.067,0.006,4.761,36.7
2026-01-07T14:15:00,14.25,2,0,32.04,55.4,541.93,4.877,1.624,7.0,230.75,50.17,1,3.864,2.744,0.0,4.273,34.83
2026-01-07T14:30:00,14.5,2,0,32.86,46.65,538.11,4.843,2.645,7.0,235.63,50.22,1,3.357,2.695,0.197,5.099,35.4
2026-01-07T14:45:00,14.75,2,0,29.13,59.35,503.89,4.535,1.779,7.0,235.92,49.89,1,3.179,3.069,0.245,5.283,32.12
2026-01-07T15:00:00,15.0,2,0,33.14,51.75,474.55,4.271,2.857,7.0,231.76,50.0,1,3.085,2.535,0.092,5.598,35.45
2026-01-07T15:15:00,15.25,2,0,33.57,43.86,435.89,3.923,2.708,7.0,235.3,50.19,1,2.933,2.991,0.248,5.833,36.96
2026-01-07T15:30:00,15.5,2,0,34.75,43.28,418.21,3.764,2.765,7.0,227.41,50.01,1,2.266,2.485,0.0,5.98,36.69
2026-01-07T15:45:00,15.75,2,0,32.44,47.37,348.86,3.14,2.894,7.0,230.64,50.06,1,2.04,3.66,0.0,5.281,34.41
2026-01-07T16:00:00,16.0,2,0,32.22,43.39,358.78,3.229,2.525,7.0,235.34,49.99,1,1.737,3.827,0.634,7.368,34.61
2026-01-07T16:15:00,16.25,2,0,31.88,49.16,293.91,2.645,2.803,7.0,225.92,50.07,1,1.388,3.474,0.0,6.61,34.6
2026-01-07T16:30:00,16.5,2,0,30.49,49.32,273.79,2.464,2.558,7.0,236.13,50.13,1,0.679,3.512,0.579,6.696,32.6
2026-01-07T16:45:00,16.75,2,0,33.01,51.01,220.79,1.987,3.549,7.0,233.37,50.12,1,0.523,4.226,0.427,4.783,35.53
2026-01-07T17:00:00,17.0,2,0,31.5,48.81,153.68,1.383,3.803,7.0,228.2,50.07,1,0.123,4.876,0.298,5.585,34.43
2026-01-07T17:15:00,17.25,2,0,28.86,55.24,125.17,1.127,3.465,7.0,230.27,50.13,1,0.0,4.209,0.0,5.351,30.54
2026-01-07T17:30:00,17.5,2,0,29.74,59.14,81.26,0.731,3.82,7.0,231.98,49.85,1,0.345,5.212,0.456,6.032,32.89
2026-01-07T17:45:00,17.75,2,0,27.83,53.87,64.53,0.581,4.278,7.0,224.98,50.08,1,0.0,5.54,0.0,5.099,30.63
2026-01-07T18:00:00,18.0,2,0,29.47,53.49,2.22,0.02,4.511,11.5,236.51,49.83,1,0.085,5.773,0.0,3.601,32.24
2026-01-07T18:15:00,18.25,2,0,26.99,62.53,0.0,0.0,4.552,11.5,235.49,49.99,1,0.046,6.507,0.026,4.428,29.29
2026-01-07T18:30:00,18.5,2,0,29.33,54.45,0.0,0.0,5.266,11.5,231.05,49.82,1,0.24,6.403,0.362,3.624,32.0
2026-01-07T18:45:00,18.75,2,0,27.43,62.56,0.0,0.0,5.57,11.5,227.21,50.12,1,0.0,6.276,0.0,3.64,29.89
2026-01-07T19:00:00,19.0,2,0,27.75,53.82,0.0,0.0,5.793,11.5,225.24,50.12,1,0.079,6.684,0.0,3.391,29.72
2026-01-07T19:15:00,19.25,2,0,26.62,58.48,0.0,0.0,6.27,11.5,229.82,50.06,1,0.011,5.917,0.208,2.481,28.34
2026-01-07T19:30:00,19.5,2,0,25.74,60.48,0.0,0.0,6.211,11.5,225.85,50.02,1,0.0,6.312,0.0,2.466,29.04
2026-01-07T19:45:00,19.75,2,0,25.92,69.41,0.0,0.0,6.066,11.5,227.05,49.95,1,0.0,5.867,0.0,2.58,29.0
2026-01-07T20:00:00,20.0,2,0,24.07,64.72,0.0,0.0,6.468,11.5,240.46,49.92,1,0.141,5.744,0.522,1.502,26.25
2026-01-07T20:15:00,20.25,2,0,23.11,62.5,0.0,0.0,5.998,11.5,233.24,49.98,1,0.0,5.727,0.493,1.823,25.36
2026-01-07T20:30:00,20.5,2,0,24.47,69.44,0.0,0.0,6.25,11.5,232.22,49.98,1,0.0,5.498,0.0,1.255,26.41
2026-01-07T20:45:00,20.75,2,0,21.16,75.08,0.0,0.0,6.069,11.5,229.97,50.02,1,0.228,4.366,0.486,0.778,23.24
2026-01-07T21:00:00,21.0,2,0,21.6,68.22,0.0,0.0,5.7,11.5,226.81,50.04,1,0.0,4.379,0.59,1.726,23.78
2026-01-07T21:15:00,21.25,2,0,24.63,65.8,0.0,0.0,5.359,11.5,239.02,50.15,1,0.202,4.491,0.467,1.006,27.06
2026-01-07T21:30:00,21.5,2,0,20.2,69.14,0.0,0.0,5.333,11.5,227.98,50.1,1,0.023,3.17,0.922,0.716,22.7
2026-01-07T21:45:00,21.75,2,0,20.96,72.25,0.0,0.0,4.693,11.5,232.77,50.12,1,0.085,3.18,0.644,2.342,24.25
2026-01-07T22:00:00,22.0,2,0,22.02,63.17,0.0,0.0,4.326,4.5,227.96,49.92,1,0.0,2.968,0.147,0.59,25.07
2026-01-07T22:15:00,22.25,2,0,21.1,71.53,0.0,0.0,4.169,4.5,236.29,50.14,1,0.131,3.059,0.0,0.72,23.5
2026-01-07T22:30:00,22.5,2,0,19.1,74.93,0.0,0.0,3.331,4.5,228.91,50.2,1,0.195,1.957,0.293,1.976,21.43
2026-01-07T22:45:00,22.75,2,0,19.65,70.93,0.0,0.0,3.342,4.5,233.48,50.05,1,0.197,2.093,0.0,1.208,21.03
2026-01-07T23:00:00,23.0,2,0,18.85,71.52,0.0,0.0,2.927,4.5,229.42,50.09,1,0.08,1.603,0.0,1.763,21.03
2026-01-07T23:15:00,23.25,2,0,17.71,80.24,0.0,0.0,2.725,4.5,223.42,49.92,1,0.0,1.162,0.0,1.155,19.76
2026-01-07T23:30:00,23.5,2,0,16.35,81.79,0.0,0.0,2.096,4.5,224.94,50.1,1,0.005,1.238,0.0,1.083,19.06
2026-01-07T23:45:00,23.75,2,0,20.45,71.36,0.0,0.0,2.424,4.5,229.93,50.1,1,0.012,1.121,0.479,1.294,22.44
2026-01-08T00:00:00,0.0,3,0,15.75,85.36,0.0,0.0,1.492,4.5,230.83,50.19,1,0.0,1.628,0.0,1.0,18.04
2026-01-08T00:15:00,0.25,3,0,19.21,67.98,0.0,0.0,1.249,4.5,226.41,49.97,1,0.296,1.264,0.408,0.848,21.74
2026-01-08T00:30:00,0.5,3,0,17.19,73.62,0.0,0.0,1.236,4.5,229.92,49.94,1,0.0,1.277,0.157,1.032,19.9
2026-01-08T00:45:00,0.75,3,0,16.93,71.54,0.0,0.0,1.067,4.5,232.02,50.07,1,0.055,1.505,0.377,0.856,19.6
2026-01-08T01:00:00,1.0,3,0,18.56,72.72,0.0,0.0,1.749,4.5,236.17,49.95,1,0.0,1.141,0.161,1.818,21.09
2026-01-08T01:15:00,1.25,3,0,16.25,73.65,0.0,0.0,1.093,4.5,234.51,49.94,1,0.0,1.487,0.27,1.036,18.23
2026-01-08T01:30:00,1.5,3,0,18.61,69.79,0.0,0.0,1.049,4.5,233.21,50.09,1,0.0,1.681,0.532,1.673,21.23
2026-01-08T01:45:00,1.75,3,0,16.71,81.11,0.0,0.0,1.391,4.5,225.65,50.05,1,0.203,1.028,0.0,1.569,20.2
2026-01-08T02:00:00,2.0,3,0,19.22,71.58,0.0,0.0,0.947,4.5,231.63,50.11,1,0.021,1.426,0.0,1.22,21.75
2026-01-08T02:15:00,2.25,3,0,18.54,76.47,0.0,0.0,1.551,4.5,228.43,49.99,1,0.0,1.286,0.718,1.688,19.85
2026-01-08T02:30:00,2.5,3,0,18.19,69.25,0.0,0.0,1.577,4.5,224.93,50.06,1,0.0,1.13,1.37,3.012,20.67
2026-01-08T02:45:00,2.75,3,0,16.83,71.81,0.0,0.0,1.197,4.5,226.18,50.05,1,0.188,1.401,0.972,2.54,19.72
2026-01-08T03:00:00,3.0,3,0,16.49,75.71,0.0,0.0,1.222,4.5,227.81,50.04,1,0.0,1.137,2.649,3.354,18.33
2026-01-08T03:15:00,3.25,3,0,16.57,77.54,0.0,0.0,1.198,4.5,232.9,49.98,1,0.0,1.287,2.73,3.545,19.82
2026-01-08T03:30:00,3.5,3,0,17.96,73.31,0.0,0.0,0.911,4.5,236.96,49.99,1,0.0,1.235,3.316,3.512,20.51
2026-01-08T03:45:00,3.75,3,0,16.9,71.98,0.0,0.0,1.569,4.5,226.54,50.06,1,0.408,1.254,3.135,4.021,19.19
2026-01-08T04:00:00,4.0,3,0,17.22,75.63,0.0,0.0,1.227,4.5,229.79,50.05,1,0.0,1.844,3.21,4.224,19.7
2026-01-08T04:15:00,4.25,3,0,18.15,74.9,0.0,0.0,1.112,4.5,234.11,50.03,1,0.0,1.413,4.455,4.101,20.8
2026-01-08T04:30:00,4.5,3,0,19.77,72.52,0.0,0.0,1.222,4.5,231.11,50.11,1,0.091,1.512,4.392,5.092,22.68
2026-01-08T04:45:00,4.75,3,0,19.1,69.79,0.0,0.0,1.254,4.5,232.43,50.03,1,0.0,1.869,5.427,4.628,22.15
2026-01-08T05:00:00,5.0,3,0,20.06,74.08,0.0,0.0,1.636,4.5,235.78,50.18,1,0.069,1.954,5.098,3.894,22.06
2026-01-08T05:15:00,5.25,3,0,21.75,64.35,0.0,0.0,1.131,4.5,232.48,49.95,1,0.617,1.694,5.516,4.078,23.83
2026-01-08T05:30:00,5.5,3,0,20.4,67.71,0.0,0.0,1.571,4.5,229.13,50.0,1,1.197,2.731,6.55,3.995,23.41
2026-01-08T05:45:00,5.75,3,0,19.12,75.02,0.0,0.0,1.712,4.5,235.56,49.92,1,1.439,2.637,6.04,3.759,22.05
2026-01-08T06:00:00,6.0,3,0,23.47,62.34,8.41,0.076,2.028,7.0,234.88,49.96,1,2.122,3.196,6.556,4.039,25.32
2026-01-08T06:15:00,6.25,3,0,21.34,77.18,62.72,0.565,1.889,7.0,236.79,50.03,1,2.645,3.57,6.839,3.591,23.17
2026-01-08T06:30:00,6.5,3,0,22.3,71.75,129.94,1.169,2.751,7.0,226.59,50.17,1,2.69,3.952,7.11,2.493,23.88
2026-01-08T06:45:00,6.75,3,0,24.16,65.52,152.75,1.375,2.672,7.0,232.44,49.96,1,3.242,3.717,7.205,2.456,25.84
2026-01-08T07:00:00,7.0,3,0,23.05,62.94,225.86,2.033,3.33,7.0,228.54,49.92,1,3.484,4.523,7.431,3.241,25.74
2026-01-08T07:15:00,7.25,3,0,25.12,62.94,278.09,2.503,3.599,7.0,236.01,50.08,1,4.291,4.949,7.762,2.968,27.63
2026-01-08T07:30:00,7.5,3,0,23.0,69.4,311.18,2.801,3.969,7.0,234.8,49.92,1,4.897,4.673,7.728,2.776,25.51
2026-01-08T07:45:00,7.75,3,0,24.03,68.89,357.99,3.222,4.187,7.0,228.48,49.88,1,4.815,5.084,7.291,2.599,26.07
2026-01-08T08:00:00,8.0,3,0,24.88,63.26,396.88,3.572,4.375,7.0,223.93,49.96,1,5.519,4.293,7.492,0.922,27.29
2026-01-08T08:15:00,8.25,3,0,24.32,64.21,480.32,4.323,4.782,7.0,231.63,50.03,1,5.676,4.238,7.4,2.497,26.73
2026-01-08T08:30:00,8.5,3,0,25.51,63.87,538.89,4.85,4.571,7.0,232.06,49.91,1,5.722,3.838,7.124,2.554,27.62
2026-01-08T08:45:00,8.75,3,0,25.62,62.39,549.22,4.943,4.969,7.0,230.75,49.95,1,6.155,3.839,7.123,1.133,27.64
2026-01-08T09:00:00,9.0,3,0,26.29,61.47,607.1,5.464,4.584,7.0,231.61,49.94,1,6.516,3.521,6.856,1.564,28.53
2026-01-08T09:15:00,9.25,3,0,27.78,58.19,617.25,5.555,4.131,7.0,229.64,49.89,1,6.682,3.528,7.689,2.071,29.79
2026-01-08T09:30:00,9.5,3,0,25.68,57.18,651.18,5.861,4.011,7.0,231.27,50.03,1,6.938,2.486,6.653,2.501,28.41
2026-01-08T09:45:00,9.75,3,0,28.73,57.77,685.14,6.166,3.924,7.0,232.69,49.93,1,6.983,2.487,6.207,2.889,31.11
2026-01-08T10:00:00,10.0,3,0,28.11,50.42,723.89,6.515,3.564,7.0,226.76,49.92,1,7.357,2.942,6.602,2.785,31.36
2026-01-08T10:15:00,10.25,3,0,29.92,56.37,762.68,6.864,3.551,7.0,226.96,50.04,1,7.466,2.732,6.345,1.864,33.24
2026-01-08T10:30:00,10.5,3,0,27.64,63.12,769.42,6.925,2.658,7.0,223.4,49.83,1,7.786,2.39,5.856,3.105,29.82
2026-01-08T10:45:00,10.75,3,0,28.72,53.77,789.42,7.105,2.614,7.0,227.12,50.22,1,7.567,2.473,6.057,3.021,31.23
2026-01-08T11:00:00,11.0,3,0,31.9,48.52,807.07,7.264,2.709,7.0,226.74,50.01,1,7.622,1.873,5.838,3.314,34.72
2026-01-08T11:15:00,11.25,3,0,31.86,48.66,822.93,7.406,2.776,7.0,231.66,50.27,1,7.698,2.291,4.653,1.437,34.6
2026-01-08T11:30:00,11.5,3,0,32.26,48.28,822.27,7.4,2.414,7.0,225.04,50.0,1,7.645,2.369,4.799,1.489,36.09
2026-01-08T11:45:00,11.75,3,0,31.15,49.59,827.12,7.444,2.479,7.0,235.38,50.13,1,7.32,1.981,4.276,2.095,34.13
2026-01-08T12:00:00,12.0,3,0,31.31,53.63,839.29,7.554,1.901,7.0,235.68,50.12,1,7.154,1.81,4.274,2.617,34.06
2026-01-08T12:15:00,12.25,3,0,32.99,52.96,823.12,7.408,2.318,7.0,232.3,49.94,1,7.347,2.714,3.476,2.684,36.45
2026-01-08T12:30:00,12.5,3,0,33.27,52.82,829.33,7.464,2.451,7.0,224.49,49.85,1,6.732,2.278,2.858,2.827,36.35
2026-01-08T12:45:00,12.75,3,0,31.9,46.98,798.04,7.182,1.944,7.0,233.32,49.78,1,6.852,2.524,2.612,3.332,33.31
2026-01-08T13:00:00,13.0,3,0,31.71,56.84,815.55,7.34,1.923,7.0,230.8,49.99,1,6.405,2.546,1.909,4.029,33.64
2026-01-08T13:15:00,13.25,3,0,33.99,49.15,810.26,7.292,2.478,7.0,230.64,50.05,1,6.326,1.779,2.15,4.262,35.67
2026-01-08T13:30:00,13.5,3,0,33.53,46.09,758.58,6.827,2.394,7.0,220.75,49.96,1,5.992,2.092,0.677,4.192,35.41
2026-01-08T13:45:00,13.75,3,0,33.06,50.5,758.04,6.822,2.346,7.0,232.93,49.99,1,5.771,2.006,0.757,4.399,35.28
2026-01-08T14:00:00,14.0,3,0,33.73,45.27,722.54,6.503,2.403,7.0,225.39,49.93,1,5.16,2.707,0.045,4.994,35.69
2026-01-08T14:15:00,14.25,3,0,32.48,55.23,727.49,6.547,1.937,7.0,231.74,49.95,1,5.278,2.241,0.074,4.985,35.19
2026-01-08T14:30:00,14.5,3,0,33.48,43.84,672.43,6.052,2.142,7.0,234.81,50.01,1,4.518,2.116,0.526,4.684,36.33
2026-01-08T14:45:00,14.75,3,0,32.22,49.82,645.26,5.807,2.097,7.0,233.58,50.03,1,4.182,2.664,0.0,5.663,34.79
2026-01-08T15:00:00,15.0,3,0,34.71,42.48,598.24,5.384,2.825,7.0,233.02,50.07,1,3.86,2.662,0.213,5.695,37.58
2026-01-08T15:15:00,15.25,3,0,31.49,52.51,572.31,5.151,2.21,7.0,229.49,50.0,1,3.12,2.936,0.865,6.921,33.86
2026-01-08T15:30:00,15.5,3,0,30.88,54.83,515.33,4.638,2.199,7.0,234.1,50.04,1,2.985,3.104,0.0,5.826,33.81
2026-01-08T15:45:00,15.75,3,0,32.19,46.5,479.71,4.317,2.888,7.0,231.92,49.9,1,2.384,3.034,0.559,5.861,35.48
2026-01-08T16:00:00,16.0,3,0,31.91,43.57,424.82,3.823,2.579,7.0,232.49,50.05,1,1.973,3.485,0.505,6.233,34.14
2026-01-08T16:15:00,16.25,3,0,32.26,50.05,352.66,3.174,3.024,7.0,231.58,50.24,1,1.393,3.864,0.055,5.714,35.44
2026-01-08T16:30:00,16.5,3,0,31.99,51.42,320.96,2.889,3.247,7.0,232.03,49.93,1,1.121,4.235,0.405,5.479,34.65
2026-01-08T16:45:00,16.75,3,0,30.5,54.65,279.54,2.516,3.11,7.0,226.35,49.85,1,0.421,4.704,0.0,5.887,33.43
2026-01-08T17:00:00,17.0,3,0,29.71,52.61,215.95,1.944,3.323,7.0,226.9,50.04,1,0.044,4.681,0.28,5.47,32.38
2026-01-08T17:15:00,17.25,3,0,30.53,52.28,168.57,1.517,3.659,7.0,230.77,49.8,1,0.215,5.639,0.0,4.656,33.59
2026-01-08T17:30:00,17.5,3,0,29.26,55.33,106.71,0.96,4.114,7.0,236.64,50.08,1,0.152,4.692,0.0,4.935,31.4
2026-01-08T17:45:00,17.75,3,0,30.47,51.51,54.55,0.491,4.376,7.0,230.68,50.03,1,0.044,5.998,0.109,4.25,32.68
2026-01-08T18:00:00,18.0,3,0,29.48,52.24,0.0,0.0,4.736,11.5,229.51,49.98,1,0.0,5.337,0.258,4.043,32.0
2026-01-08T18:15:00,18.25,3,0,30.38,52.83,0.0,0.0,5.471,11.5,234.43,49.89,1,0.0,6.448,0.971,3.633,31.92
2026-01-08T18:30:00,18.5,3,0,26.82,59.9,0.0,0.0,4.91,11.5,229.94,49.94,1,0.0,5.648,0.343,4.217,29.95
2026-01-08T18:45:00,18.75,3,0,27.48,63.82,0.0,0.0,5.658,11.5,227.46,49.9,1,0.0,5.448,0.0,3.213,29.36
2026-01-08T19:00:00,19.0,3,0,26.87,57.38,0.0,0.0,5.489,11.5,230.72,50.05,1,0.008,6.441,0.0,2.45,29.54
2026-01-08T19:15:00,19.25,3,0,26.28,57.13,0.0,0.0,6.596,11.5,230.39,49.93,1,0.097,5.863,1.02,2.732,27.1
2026-01-08T19:30:00,19.5,3,0,25.6,58.56,0.0,0.0,5.891,11.5,232.23,50.04,1,0.0,5.825,0.877,1.87,28.06
2026-01-08T19:45:00,19.75,3,0,25.58,55.93,0.0,0.0,5.734,11.5,232.23,50.12,1,0.126,6.213,0.164,2.211,28.11
2026-01-08T20:00:00,20.0,3,0,24.82,62.95,0.0,0.0,6.28,11.5,225.88,49.98,1,0.17,5.402,0.0,2.058,26.44
2026-01-08T20:15:00,20.25,3,0,26.34,62.38,0.0,0.0,5.738,11.5,235.13,50.03,1,0.021,5.299,0.0,0.5,28.51
2026-01-08T20:30:00,20.5,3,0,25.56,58.75,0.0,0.0,5.863,11.5,237.23,50.14,1,0.048,4.769,0.377,1.269,27.95
2026-01-08T20:45:00,20.75,3,0,22.85,64.33,0.0,0.0,6.166,11.5,234.92,49.89,1,0.0,4.771,0.0,1.273,25.8
2026-01-08T21:00:00,21.0,3,0,25.48,60.61,0.0,0.0,5.66,11.5,227.74,49.93,1,0.0,4.285,0.512,1.712,28.4
2026-01-08T21:15:00,21.25,3,0,23.07,64.65,0.0,0.0,5.198,11.5,226.96,49.95,1,0.107,3.958,0.071,0.847,26.37
2026-01-08T21:30:00,21.5,3,0,23.42,65.19,0.0,0.0,4.808,11.5,222.95,49.87,1,0.0,3.543,0.488,1.267,25.88
2026-01-08T21:45:00,21.75,3,0,22.75,67.25,0.0,0.0,4.531,11.5,231.62,50.03,1,0.0,3.43,0.0,0.885,25.5
2026-01-08T22:00:00,22.0,3,0,23.32,65.04,0.0,0.0,4.569,4.5,232.06,50.0,1,0.0,2.603,0.503,1.028,25.58
2026-01-08T22:15:00,22.25,3,0,19.62,68.75,0.0,0.0,3.839,4.5,229.82,49.98,1,0.0,2.452,0.0,1.354,21.99
2026-01-08T22:30:00,22.5,3,0,18.38,74.27,0.0,0.0,3.515,4.5,227.64,50.18,1,0.0,2.172,0.093,1.534,20.39
2026-01-08T22:45:00,22.75,3,0,19.84,74.19,0.0,0.0,3.424,4.5,226.5,50.23,1,0.0,2.13,0.0,0.819,22.22
2026-01-08T23:00:00,23.0,3,0,19.31,75.46,0.0,0.0,2.693,4.5,231.6,50.02,1,0.075,1.531,0.0,0.57,21.3
2026-01-08T23:15:00,23.25,3,0,20.64,69.46,0.0,0.0,2.511,4.5,227.22,50.08,1,0.043,0.617,0.0,0.728,22.53
2026-01-08T23:30:00,23.5,3,0,18.33,78.55,0.0,0.0,1.901,4.5,233.85,49.93,1,0.051,1.571,0.178,0.4,21.2
2026-01-08T23:45:00,23.75,3,0,18.12,81.77,0.0,0.0,1.916,4.5,228.87,49.99,1,0.032,1.324,0.538,0.989,20.53
2026-01-09T00:00:00,0.0,4,0,18.81,72.73,0.0,0.0,1.683,4.5,234.87,50.06,1,0.0,0.872,0.0,0.961,21.91
2026-01-09T00:15:00,0.25,4,0,15.75,76.6,0.0,0.0,0.851,4.5,226.46,49.93,1,0.0,0.956,0.0,0.471,18.06
2026-01-09T00:30:00,0.5,4,0,17.83,72.37,0.0,0.0,1.471,4.5,219.74,49.93,1,0.256,0.865,0.095,1.302,20.64
2026-01-09T00:45:00,0.75,4,0,17.24,74.58,0.0,0.0,1.419,4.5,226.99,50.02,1,0.0,1.73,0.12,1.137,20.28
2026-01-09T01:00:00,1.0,4,0,15.22,80.73,0.0,0.0,1.182,4.5,229.0,50.08,1,0.073,1.113,0.0,1.576,18.41
2026-01-09T01:15:00,1.25,4,0,16.02,81.68,0.0,0.0,1.177,4.5,227.29,49.83,1,0.0,1.177,0.143,1.48,18.86
2026-01-09T01:30:00,1.5,4,0,14.2,81.98,0.0,0.0,1.098,4.5,226.1,50.15,1,0.0,1.199,0.0,1.312,17.17
2026-01-09T01:45:00,1.75,4,0,16.6,74.85,0.0,0.0,1.498,4.5,229.83,49.9,1,0.016,0.984,0.0,2.104,20.03
2026-01-09T02:00:00,2.0,4,0,15.8,75.94,0.0,0.0,1.112,4.5,239.44,50.1,1,0.071,0.942,0.194,2.337,17.52
2026-01-09T02:15:00,2.25,4,0,18.26,78.51,0.0,0.0,1.379,4.5,230.21,50.15,1,0.0,1.287,1.189,2.882,20.31
2026-01-09T02:30:00,2.5,4,0,18.05,78.14,0.0,0.0,1.325,4.5,224.93,49.97,1,0.0,0.993,1.145,3.382,19.62
2026-01-09T02:45:00,2.75,4,0,17.23,79.04,0.0,0.0,1.125,4.5,232.04,50.06,1,0.0,0.483,0.951,2.96,20.31
2026-01-09T03:00:00,3.0,4,0,16.63,84.71,0.0,0.0,0.853,4.5,240.93,49.97,1,0.0,1.496,3.125,2.967,19.72
2026-01-09T03:15:00,3.25,4,0,18.41,73.83,0.0,0.0,1.138,4.5,228.96,50.01,1,0.0,0.4,3.438,4.208,21.21
2026-01-09T03:30:00,3.5,4,0,18.47,73.14,0.0,0.0,1.2,4.5,233.72,49.96,1,0.102,1.257,2.533,5.182,20.56
2026-01-09T03:45:00,3.75,4,0,18.03,80.34,0.0,0.0,1.042,4.5,224.55,49.95,1,0.0,1.088,3.115,5.186,20.43
2026-01-09T04:00:00,4.0,4,0,18.72,78.46,0.0,0.0,1.167,4.5,223.13,50.11,1,0.037,1.55,4.181,4.131,20.74
2026-01-09T04:15:00,4.25,4,0,17.67,78.97,0.0,0.0,0.622,4.5,231.09,49.99,1,0.166,1.898,3.848,4.501,20.11
2026-01-09T04:30:00,4.5,4,0,18.93,68.67,0.0,0.0,1.224,4.5,235.23,50.1,1,0.197,1.63,5.22,5.493,20.5
2026-01-09T04:45:00,4.75,4,0,18.15,73.82,0.0,0.0,1.134,4.5,231.45,49.96,1,0.0,1.583,5.966,4.953,20.01
2026-01-09T05:00:00,5.0,4,0,18.71,72.62,0.0,0.0,1.46,4.5,226.72,50.17,1,0.0,1.791,5.584,4.54,21.75
2026-01-09T05:15:00,5.25,4,0,19.33,70.37,0.0,0.0,1.548,4.5,235.76,50.04,1,0.421,2.09,6.222,4.998,21.71
2026-01-09T05:30:00,5.5,4,0,19.82,72.43,0.0,0.0,1.791,4.5,228.22,49.92,1,0.915,2.752,6.945,4.57,21.58
2026-01-09T05:45:00,5.75,4,0,19.2,71.38,0.0,0.0,1.692,4.5,228.95,50.03,1,1.641,2.734,6.968,4.321,20.92
2026-01-09T06:00:00,6.0,4,0,21.05,70.27,0.0,0.0,1.928,7.0,228.93,50.09,1,2.021,3.764,7.048,3.182,22.73
2026-01-09T06:15:00,6.25,4,0,19.33,75.03,62.72,0.565,2.255,7.0,233.28,50.01,1,2.994,3.346,6.648,3.887,21.29
2026-01-09T06:30:00,6.5,4,0,21.65,69.84,104.33,0.939,3.159,7.0,229.94,49.9,1,2.894,3.772,7.556,4.282,24.33
2026-01-09T06:45:00,6.75,4,0,23.99,60.43,163.93,1.475,2.767,7.0,227.81,50.1,1,3.478,4.422,7.434,3.685,26.03
2026-01-09T07:00:00,7.0,4,0,26.51,62.28,236.31,2.127,3.489,7.0,233.46,50.0,1,4.034,4.033,8.25,2.784,29.82
2026-01-09T07:15:00,7.25,4,0,22.93,72.49,316.97,2.853,3.591,7.0,232.85,50.04,1,4.557,3.945,8.198,3.896,25.19
2026-01-09T07:30:00,7.5,4,0,23.36,67.65,333.75,3.004,4.13,7.0,217.16,50.06,1,4.744,4.534,8.232,2.033,25.37
2026-01-09T07:45:00,7.75,4,0,25.3,65.41,414.66,3.732,4.844,7.0,231.41,49.98,1,5.28,4.713,8.752,2.891,28.05
2026-01-09T08:00:00,8.0,4,0,24.68,68.71,430.24,3.872,4.123,7.0,226.16,49.95,1,5.645,4.694,8.294,3.279,27.66
2026-01-09T08:15:00,8.25,4,0,26.22,56.74,494.71,4.452,4.432,7.0,235.25,49.96,1,5.896,4.876,7.765,1.755,28.4
2026-01-09T08:30:00,8.5,4,0,25.63,67.32,547.13,4.924,4.641,7.0,229.99,50.01,1,6.232,4.265,7.807,1.965,28.32
2026-01-09T08:45:00,8.75,4,0,25.05,64.27,607.49,5.467,4.665,7.0,226.24,49.99,1,6.894,3.981,8.107,1.839,26.75
2026-01-09T09:00:00,9.0,4,0,27.73,58.2,638.17,5.744,4.816,7.0,225.89,50.04,1,7.216,3.757,7.598,2.071,31.15
2026-01-09T09:15:00,9.25,4,0,29.13,52.68,679.18,6.113,4.741,7.0,225.55,50.06,1,7.467,3.972,7.396,2.449,31.28
2026-01-09T09:30:00,9.5,4,0,29.36,56.12,716.21,6.446,4.387,7.0,230.79,50.12,1,7.581,3.883,7.836,2.675,32.09
2026-01-09T09:45:00,9.75,4,0,28.81,59.82,759.68,6.837,4.3,7.0,233.11,49.94,1,7.424,3.143,6.542,2.582,31.21
2026-01-09T10:00:00,10.0,4,0,28.33,53.84,790.22,7.112,3.725,7.0,230.83,49.91,1,7.955,2.733,6.876,2.651,30.41
2026-01-09T10:15:00,10.25,4,0,29.33,56.43,806.91,7.262,3.707,7.0,226.13,50.18,1,7.76,3.368,6.267,1.463,31.98
2026-01-09T10:30:00,10.5,4,0,29.73,55.25,855.13,7.696,3.681,7.0,226.93,50.08,1,7.817,2.095,6.606,2.032,31.4
2026-01-09T10:45:00,10.75,4,0,30.94,50.32,828.67,7.458,3.357,7.0,231.6,50.14,1,8.514,2.808,5.614,2.883,33.46
2026-01-09T11:00:00,11.0,4,0,32.15,47.5,881.38,7.932,2.774,7.0,229.38,49.9,1,8.143,2.633,5.37,2.572,34.67
2026-01-09T11:15:00,11.25,4,0,31.6,50.2,874.46,7.87,2.913,7.0,232.21,49.93,1,7.904,1.551,5.18,2.834,34.64
2026-01-09T11:30:00,11.5,4,0,31.1,56.73,880.05,7.92,2.282,7.0,223.67,50.07,1,8.084,2.365,4.645,2.533,33.18
2026-01-09T11:45:00,11.75,4,0,31.07,46.97,916.73,8.251,2.618,7.0,229.07,49.78,1,8.323,1.595,3.704,3.319,33.27
2026-01-09T12:00:00,12.0,4,0,33.14,46.86,916.85,8.252,2.837,7.0,227.12,50.08,1,7.717,1.99,3.539,2.604,35.13
2026-01-09T12:15:00,12.25,4,0,30.71,55.93,877.56,7.898,1.794,7.0,232.25,49.93,1,8.005,2.02,3.359,3.409,33.6
2026-01-09T12:30:00,12.5,4,0,31.86,49.36,901.63,8.115,2.369,7.0,227.77,50.07,1,7.515,2.668,3.305,2.194,34.28
2026-01-09T12:45:00,12.75,4,0,31.16,52.73,884.39,7.959,1.833,7.0,224.35,50.09,1,7.227,2.118,2.53,3.348,34.01
2026-01-09T13:00:00,13.0,4,0,31.23,52.11,870.51,7.835,2.139,7.0,228.02,49.99,1,6.92,2.402,2.425,3.546,33.59
2026-01-09T13:15:00,13.25,4,0,31.86,45.97,878.83,7.909,2.139,7.0,228.83,50.14,1,6.767,2.17,1.779,3.688,35.43
2026-01-09T13:30:00,13.5,4,0,33.98,45.09,847.98,7.632,2.455,7.0,232.63,49.91,1,6.42,2.228,1.574,4.107,36.96
2026-01-09T13:45:00,13.75,4,0,32.73,51.74,804.8,7.243,2.3,7.0,227.42,50.08,1,5.602,2.668,0.549,3.939,35.15
2026-01-09T14:00:00,14.0,4,0,31.6,49.72,775.91,6.983,2.257,7.0,226.93,49.98,1,5.739,2.195,0.308,4.595,33.91
2026-01-09T14:15:00,14.25,4,0,32.6,49.13,755.47,6.799,1.947,7.0,236.16,49.89,1,5.249,2.538,0.0,5.24,34.59
2026-01-09T14:30:00,14.5,4,0,33.3,46.07,726.98,6.543,2.258,7.0,231.15,49.99,1,5.006,2.14,0.008,5.2,36.05
2026-01-09T14:45:00,14.75,4,0,33.16,42.66,623.51,5.612,2.473,7.0,222.06,50.09,1,4.5,2.989,0.625,6.399,35.68
2026-01-09T15:00:00,15.0,4,0,32.62,50.07,614.7,5.532,2.358,7.0,228.0,50.17,1,3.931,2.645,0.208,5.157,35.7
2026-01-09T15:15:00,15.25,4,0,32.37,49.88,603.79,5.434,2.366,7.0,230.02,49.99,1,3.245,2.874,0.0,6.249,35.18
2026-01-09T15:30:00,15.5,4,0,31.44,48.11,543.76,4.894,2.256,7.0,229.31,50.05,1,3.046,2.566,0.352,5.896,34.94
2026-01-09T15:45:00,15.75,4,0,31.93,49.77,509.22,4.583,2.891,7.0,226.6,50.13,1,2.329,3.267,0.463,6.372,33.51
2026-01-09T16:00:00,16.0,4,0,32.58,53.89,433.1,3.898,2.708,7.0,233.15,50.12,1,2.09,3.262,0.0,6.248,34.39
2026-01-09T16:15:00,16.25,4,0,31.14,51.07,389.72,3.507,3.069,7.0,234.62,50.1,1,1.679,4.003,0.339,6.098,34.4
2026-01-09T16:30:00,16.5,4,0,28.7,58.37,341.31,3.072,2.664,7.0,231.97,49.93,1,0.927,3.738,0.077,5.724,31.64
2026-01-09T16:45:00,16.75,4,0,31.36,46.9,279.05,2.511,3.306,7.0,230.75,50.06,1,0.554,4.404,0.286,6.225,34.37
2026-01-09T17:00:00,17.0,4,0,30.74,53.86,230.83,2.078,3.521,7.0,226.5,49.94,1,0.146,4.12,0.0,6.084,32.87
2026-01-09T17:15:00,17.25,4,0,30.96,59.68,177.97,1.602,3.782,7.0,235.24,49.86,1,0.0,5.441,0.0,5.804,33.52
2026-01-09T17:30:00,17.5,4,0,29.05,52.69,119.73,1.078,3.916,7.0,227.09,49.88,1,0.157,5.537,0.0,5.253,31.26
2026-01-09T17:45:00,17.75,4,0,28.56,53.95,68.14,0.613,4.556,7.0,231.79,49.85,1,0.0,6.693,0.0,4.918,30.32
2026-01-09T18:00:00,18.0,4,0,27.99,50.48,25.17,0.226,4.44,11.5,228.64,49.79,1,0.086,5.086,0.451,5.024,30.22
2026-01-09T18:15:00,18.25,4,0,28.1,57.78,0.0,0.0,5.101,11.5,230.12,49.9,1,0.149,6.23,0.0,3.818,30.68
2026-01-09T18:30:00,18.5,4,0,29.3,56.32,0.0,0.0,5.558,11.5,227.52,49.98,1,0.228,6.033,0.0,3.325,31.82
2026-01-09T18:45:00,18.75,4,0,29.55,58.4,0.0,0.0,6.3,11.5,231.35,50.01,1,0.0,6.042,0.0,2.561,31.89
2026-01-09T19:00:00,19.0,4,0,24.65,62.42,0.0,0.0,5.227,11.5,223.71,49.92,1,0.0,5.954,0.343,2.671,26.48
2026-01-09T19:15:00,19.25,4,0,25.03,64.48,0.0,0.0,5.85,11.5,228.34,50.06,1,0.0,5.765,0.0,2.496,27.85
2026-01-09T19:30:00,19.5,4,0,24.31,65.08,0.0,0.0,5.991,11.5,229.85,49.99,1,0.0,6.392,0.0,2.506,27.22
2026-01-09T19:45:00,19.75,4,0,25.64,59.6,0.0,0.0,6.165,11.5,227.52,50.11,1,0.215,6.201,0.033,2.422,28.64
2026-01-09T20:00:00,20.0,4,0,25.47,57.28,0.0,0.0,6.054,11.5,224.45,49.98,1,0.167,5.604,0.0,1.612,27.61
2026-01-09T20:15:00,20.25,4,0,25.3,61.24,0.0,0.0,5.944,11.5,233.6,49.98,1,0.0,5.507,0.629,1.013,27.32
2026-01-09T20:30:00,20.5,4,0,22.33,63.71,0.0,0.0,6.382,11.5,220.72,49.96,1,0.0,4.549,0.0,1.413,24.67
2026-01-09T20:45:00,20.75,4,0,24.04,66.7,0.0,0.0,6.158,11.5,231.83,50.09,1,0.0,4.728,0.0,1.494,26.52
2026-01-09T21:00:00,21.0,4,0,24.35,65.28,0.0,0.0,5.692,11.5,234.9,50.05,1,0.191,5.251,0.0,2.172,26.92
2026-01-09T21:15:00,21.25,4,0,22.24,62.98,0.0,0.0,5.462,11.5,232.38,49.98,1,0.023,3.745,0.0,1.442,25.06
2026-01-09T21:30:00,21.5,4,0,23.63,64.36,0.0,0.0,4.887,11.5,227.78,50.05,1,0.0,3.385,0.275,1.866,25.6
2026-01-09T21:45:00,21.75,4,0,21.64,69.12,0.0,0.0,4.687,11.5,230.12,49.97,1,0.0,3.216,0.0,1.207,24.41
2026-01-09T22:00:00,22.0,4,0,23.71,63.72,0.0,0.0,4.827,4.5,225.68,49.96,1,0.0,3.014,0.0,1.103,25.89
2026-01-09T22:15:00,22.25,4,0,20.51,66.72,0.0,0.0,3.772,4.5,228.77,50.0,1,0.0,3.233,0.0,1.376,22.93
2026-01-09T22:30:00,22.5,4,0,21.76,71.33,0.0,0.0,3.312,4.5,229.32,50.07,1,0.0,2.283,0.284,1.687,24.11
2026-01-09T22:45:00,22.75,4,0,19.66,71.62,0.0,0.0,3.142,4.5,231.28,49.84,1,0.046,2.463,0.798,2.064,21.99
2026-01-09T23:00:00,23.0,4,0,20.4,78.22,0.0,0.0,2.844,4.5,230.21,50.03,1,0.183,1.502,0.254,1.466,22.94
2026-01-09T23:15:00,23.25,4,0,21.12,66.01,0.0,0.0,2.885,4.5,221.87,50.06,1,0.104,1.226,0.135,1.795,23.7
2026-01-09T23:30:00,23.5,4,0,17.95,81.48,0.0,0.0,2.343,4.5,225.18,49.96,1,0.151,1.393,0.446,0.996,21.07
2026-01-09T23:45:00,23.75,4,0,18.81,73.54,0.0,0.0,2.48,4.5,223.49,49.98,1,0.054,1.723,0.241,1.862,21.81
2026-01-10T00:00:00,0.0,5,1,18.38,71.26,0.0,0.0,1.453,4.5,223.48,50.17,1,0.304,1.698,0.0,2.006,20.54
2026-01-10T00:15:00,0.25,5,1,20.14,74.55,0.0,0.0,1.136,4.5,232.19,50.09,1,0.057,1.699,0.0,1.156,22.46
2026-01-10T00:30:00,0.5,5,1,16.92,77.38,0.0,0.0,1.715,4.5,230.31,50.01,1,0.0,0.937,0.12,1.457,19.01
2026-01-10T00:45:00,0.75,5,1,15.03,81.65,0.0,0.0,1.745,4.5,231.76,49.96,1,0.0,1.62,0.276,1.904,17.72
2026-01-10T01:00:00,1.0,5,1,18.4,80.98,0.0,0.0,1.861,4.5,228.73,49.83,1,0.115,1.677,0.261,2.699,21.26
2026-01-10T01:15:00,1.25,5,1,17.97,71.58,0.0,0.0,1.481,4.5,228.61,49.96,1,0.036,1.57,0.0,0.937,19.55
2026-01-10T01:30:00,1.5,5,1,16.2,76.97,0.0,0.0,1.041,4.5,224.5,49.93,1,0.0,1.403,0.09,1.896,19.63
2026-01-10T01:45:00,1.75,5,1,16.67,73.87,0.0,0.0,1.666,4.5,230.1,50.11,1,0.063,1.443,0.0,1.4,18.97
2026-01-10T02:00:00,2.0,5,1,16.65,79.16,0.0,0.0,1.559,4.5,228.78,50.14,1,0.029,1.93,0.133,2.594,18.77
2026-01-10T02:15:00,2.25,5,1,16.65,80.56,0.0,0.0,1.695,4.5,229.53,50.02,1,0.308,1.471,0.443,2.728,18.98
2026-01-10T02:30:00,2.5,5,1,16.07,75.91,0.0,0.0,1.69,4.5,231.24,50.03,1,0.0,1.335,1.098,3.658,18.09
2026-01-10T02:45:00,2.75,5,1,14.14,80.31,0.0,0.0,1.605,4.5,235.05,50.17,1,0.0,1.986,1.402,3.504,16.38
2026-01-10T03:00:00,3.0,5,1,17.37,76.62,0.0,0.0,1.85,4.5,217.16,50.11,1,0.078,1.7,2.138,3.506,19.36
2026-01-10T03:15:00,3.25,5,1,16.14,82.19,0.0,0.0,1.366,4.5,226.12,49.99,1,0.0,1.674,2.507,4.577,17.68
2026-01-10T03:30:00,3.5,5,1,16.98,72.75,0.0,0.0,1.035,4.5,228.76,49.97,1,0.0,1.788,2.247,4.542,19.61
2026-01-10T03:45:00,3.75,5,1,15.8,77.41,0.0,0.0,1.558,4.5,225.96,50.1,1,0.0,1.552,2.857,4.651,17.68
2026-01-10T04:00:00,4.0,5,1,18.64,75.86,0.0,0.0,1.764,4.5,230.76,50.03,1,0.102,1.419,3.913,4.833,21.21
2026-01-10T04:15:00,4.25,5,1,17.73,73.81,0.0,0.0,1.483,4.5,231.95,49.87,1,0.0,1.498,4.355,5.267,20.52
2026-01-10T04:30:00,4.5,5,1,21.93,64.56,0.0,0.0,1.848,4.5,228.65,49.94,1,0.0,2.229,4.349,4.949,24.51
2026-01-10T04:45:00,4.75,5,1,16.92,76.08,0.0,0.0,1.819,4.5,237.84,49.99,1,0.183,1.837,4.676,4.668,19.61
2026-01-10T05:00:00,5.0,5,1,22.09,69.05,0.0,0.0,1.785,4.5,221.17,50.02,1,0.057,2.095,5.582,4.377,23.73
2026-01-10T05:15:00,5.25,5,1,19.19,70.03,0.0,0.0,1.649,4.5,232.01,50.04,1,0.978,3.219,6.246,5.223,21.55
2026-01-10T05:30:00,5.5,5,1,20.54,66.98,0.0,0.0,2.457,4.5,226.45,50.01,1,1.058,3.051,6.894,4.978,22.53
2026-01-10T05:45:00,5.75,5,1,21.04,74.47,0.0,0.0,1.604,4.5,228.52,49.99,1,1.395,3.13,6.871,5.551,23.33
2026-01-10T06:00:00,6.0,5,1,21.07,70.73,0.02,0.0,2.449,7.0,225.75,50.02,1,2.2,3.574,6.994,3.764,22.84
2026-01-10T06:15:00,6.25,5,1,21.62,64.97,71.41,0.643,3.1,7.0,229.63,49.85,1,2.368,3.807,7.137,3.699,23.9
2026-01-10T06:30:00,6.5,5,1,24.77,60.27,94.14,0.847,2.966,7.0,230.01,50.05,1,3.113,4.356,6.601,3.418,27.19
2026-01-10T06:45:00,6.75,5,1,23.34,74.52,165.49,1.489,3.085,7.0,226.15,49.91,1,3.239,5.196,7.124,3.999,25.88
2026-01-10T07:00:00,7.0,5,1,21.54,67.78,222.32,2.001,3.525,7.0,235.04,49.82,1,4.031,4.968,7.409,3.322,23.7
2026-01-10T07:15:00,7.25,5,1,22.35,69.07,257.1,2.314,3.976,7.0,232.82,50.1,1,4.59,5.524,7.705,3.749,24.8
2026-01-10T07:30:00,7.5,5,1,24.17,64.75,319.1,2.872,4.528,7.0,232.5,49.98,1,5.064,4.751,7.792,2.275,26.56
2026-01-10T07:45:00,7.75,5,1,24.73,64.59,373.8,3.364,5.178,7.0,223.83,49.95,1,5.001,4.863,7.786,2.286,27.22
2026-01-10T08:00:00,8.0,5,1,25.13,60.43,446.11,4.015,4.745,7.0,225.91,49.85,1,5.355,4.898,6.828,2.125,27.79
2026-01-10T08:15:00,8.25,5,1,23.57,68.17,497.74,4.48,5.433,7.0,229.33,49.94,1,5.478,5.249,7.613,2.799,26.36
2026-01-10T08:30:00,8.5,5,1,25.53,61.7,513.53,4.622,4.889,7.0,230.77,49.93,1,6.226,4.533,7.686,2.117,28.04
2026-01-10T08:45:00,8.75,5,1,25.33,67.53,565.49,5.089,4.897,7.0,236.99,49.94,1,6.371,4.673,7.682,3.104,27.82
2026-01-10T09:00:00,9.0,5,1,26.3,65.43,597.34,5.376,4.801,7.0,228.59,50.01,1,6.849,4.217,7.076,2.203,29.17
2026-01-10T09:15:00,9.25,5,1,27.6,55.95,634.08,5.707,5.07,7.0,231.55,49.91,1,6.866,4.35,7.239,2.978,29.66
2026-01-10T09:30:00,9.5,5,1,27.1,59.3,718.99,6.471,4.613,7.0,227.16,50.0,1,7.165,3.595,8.161,3.457,30.36
2026-01-10T09:45:00,9.75,5,1,29.87,53.77,709.6,6.386,4.772,7.0,231.92,49.97,1,7.334,4.204,6.823,2.391,32.57
2026-01-10T10:00:00,10.0,5,1,29.75,51.13,750.24,6.752,4.182,7.0,229.24,49.91,1,7.397,3.287,7.709,2.091,32.32
2026-01-10T10:15:00,10.25,5,1,31.42,51.24,764.2,6.878,4.487,7.0,226.55,50.06,1,7.577,2.976,5.508,2.713,34.56
2026-01-10T10:30:00,10.5,5,1,29.6,53.86,787.94,7.091,3.565,7.0,228.35,50.13,1,7.422,2.964,6.261,2.201,31.93
2026-01-10T10:45:00,10.75,5,1,33.09,47.1,803.67,7.233,3.923,7.0,235.76,50.05,1,7.471,2.473,5.655,3.181,37.13
2026-01-10T11:00:00,11.0,5,1,28.96,54.46,836.54,7.529,3.063,7.0,234.26,50.12,1,7.376,2.725,5.65,3.252,31.25
2026-01-10T11:15:00,11.25,5,1,31.02,55.4,815.24,7.337,3.02,7.0,232.26,50.07,1,7.631,2.98,4.99,3.133,34.49
2026-01-10T11:30:00,11.5,5,1,30.44,51.9,846.86,7.622,2.907,7.0,223.94,50.17,1,7.585,2.611,3.862,3.254,32.59
2026-01-10T11:45:00,11.75,5,1,31.08,50.2,831.98,7.488,2.418,7.0,229.52,50.21,1,7.281,2.345,4.496,3.412,34.08
2026-01-10T12:00:00,12.0,5,1,30.68,54.13,846.46,7.618,2.601,7.0,234.45,50.01,1,7.321,2.391,3.952,2.241,33.14
2026-01-10T12:15:00,12.25,5,1,33.59,49.09,832.79,7.495,3.014,7.0,227.89,50.15,1,6.839,2.662,2.768,3.182,35.56
2026-01-10T12:30:00,12.5,5,1,31.7,49.28,859.63,7.737,2.74,7.0,233.89,49.99,1,7.189,3.117,3.402,2.454,33.75
2026-01-10T12:45:00,12.75,5,1,32.29,45.23,826.92,7.442,2.578,7.0,230.79,49.67,1,6.764,1.859,2.749,3.936,34.36
2026-01-10T13:00:00,13.0,5,1,35.32,44.06,806.72,7.26,2.671,7.0,222.75,49.83,1,7.127,2.439,2.001,4.939,37.47
2026-01-10T13:15:00,13.25,5,1,32.75,47.77,787.82,7.09,2.913,7.0,231.34,50.0,1,5.901,2.388,1.291,3.867,35.93
2026-01-10T13:30:00,13.5,5,1,34.69,48.34,806.19,7.256,3.037,7.0,230.86,50.1,1,5.963,1.702,0.525,4.426,37.82
2026-01-10T13:45:00,13.75,5,1,31.72,49.2,742.06,6.679,2.177,7.0,230.49,50.08,1,5.748,3.122,0.799,4.436,34.38
2026-01-10T14:00:00,14.0,5,1,31.78,50.0,764.2,6.878,2.337,7.0,226.91,50.02,1,5.524,3.699,0.091,3.895,34.15
2026-01-10T14:15:00,14.25,5,1,32.33,48.68,670.18,6.032,2.552,7.0,222.54,49.91,1,5.36,2.636,0.027,5.193,34.7
2026-01-10T14:30:00,14.5,5,1,32.93,50.21,671.91,6.047,2.493,7.0,226.27,49.99,1,4.335,3.135,0.179,5.902,35.39
2026-01-10T14:45:00,14.75,5,1,32.96,50.94,654.54,5.891,2.994,7.0,225.33,49.92,1,4.368,3.703,0.477,6.753,36.12
2026-01-10T15:00:00,15.0,5,1,33.01,49.77,606.73,5.461,3.243,7.0,229.17,50.25,1,3.659,3.259,0.525,6.121,35.14
2026-01-10T15:15:00,15.25,5,1,34.24,46.76,568.59,5.117,2.803,7.0,232.41,50.02,1,3.094,3.14,0.004,6.785,37.08
2026-01-10T15:30:00,15.5,5,1,34.28,44.55,495.9,4.463,3.119,7.0,232.39,50.08,1,3.066,2.817,0.373,6.155,36.59
2026-01-10T15:45:00,15.75,5,1,34.4,49.3,475.25,4.277,3.395,7.0,232.57,50.13,1,2.481,4.063,0.0,6.809,37.07
2026-01-10T16:00:00,16.0,5,1,33.03,51.74,425.03,3.825,3.131,7.0,227.57,50.05,1,2.047,4.748,0.0,6.602,35.53
2026-01-10T16:15:00,16.25,5,1,32.78,44.89,362.31,3.261,3.405,7.0,230.37,50.02,1,1.469,3.558,0.44,5.881,35.09
2026-01-10T16:30:00,16.5,5,1,28.72,55.2,331.67,2.985,3.012,7.0,229.58,50.13,1,1.033,4.539,0.0,5.704,31.59
2026-01-10T16:45:00,16.75,5,1,31.1,59.24,271.93,2.447,4.073,7.0,225.93,50.02,1,0.401,4.628,0.0,6.667,34.25
2026-01-10T17:00:00,17.0,5,1,33.2,52.52,217.65,1.959,4.767,7.0,230.52,50.01,1,0.0,4.396,0.0,5.104,35.24
2026-01-10T17:15:00,17.25,5,1,29.37,51.82,151.42,1.363,3.951,7.0,234.23,49.89,1,0.273,5.552,0.012,6.384,31.92
2026-01-10T17:30:00,17.5,5,1,31.56,44.1,113.03,1.017,4.436,7.0,228.49,49.87,1,0.0,5.726,0.009,6.146,34.08
2026-01-10T17:45:00,17.75,5,1,28.26,57.17,61.64,0.555,4.505,7.0,227.12,49.74,1,0.21,6.116,0.28,5.177,30.97
2026-01-10T18:00:00,18.0,5,1,28.3,59.31,10.62,0.096,4.687,11.5,230.76,50.07,1,0.0,5.867,0.509,5.291,31.32
2026-01-10T18:15:00,18.25,5,1,28.03,60.31,0.0,0.0,5.567,11.5,225.98,49.95,1,0.044,6.996,0.0,3.61,31.01
2026-01-10T18:30:00,18.5,5,1,28.86,56.24,0.0,0.0,5.645,11.5,232.52,50.15,1,0.0,6.011,0.21,4.188,31.65
2026-01-10T18:45:00,18.75,5,1,27.45,57.17,0.0,0.0,6.331,11.5,231.82,49.88,1,0.132,6.722,0.166,3.929,29.79
2026-01-10T19:00:00,19.0,5,1,25.38,58.27,0.0,0.0,6.029,11.5,235.92,49.98,1,0.147,6.474,0.075,3.484,28.41
2026-01-10T19:15:00,19.25,5,1,28.47,55.6,0.0,0.0,6.967,11.5,231.35,50.01,1,0.087,6.362,0.399,2.748,31.32
2026-01-10T19:30:00,19.5,5,1,25.24,63.57,0.0,0.0,6.362,11.5,227.76,50.06,1,0.0,5.51,1.053,2.838,29.0
2026-01-10T19:45:00,19.75,5,1,25.04,61.04,0.0,0.0,6.574,11.5,231.04,49.93,1,0.0,6.862,0.121,2.701,27.26
2026-01-10T20:00:00,20.0,5,1,22.82,66.5,0.0,0.0,6.574,11.5,229.78,50.16,1,0.22,6.131,0.0,1.054,25.09
2026-01-10T20:15:00,20.25,5,1,22.85,69.23,0.0,0.0,6.455,11.5,230.34,49.92,1,0.0,6.138,0.044,2.057,25.42
2026-01-10T20:30:00,20.5,5,1,22.17,66.31,0.0,0.0,5.969,11.5,230.52,50.13,1,0.0,5.459,0.0,1.867,24.55
2026-01-10T20:45:00,20.75,5,1,23.05,67.31,0.0,0.0,6.61,11.5,229.71,49.88,1,0.0,4.778,0.398,1.151,25.84
2026-01-10T21:00:00,21.0,5,1,24.57,59.58,0.0,0.0,6.035,11.5,228.65,49.89,1,0.038,5.011,0.186,1.985,27.07
2026-01-10T21:15:00,21.25,5,1,21.79,68.7,0.0,0.0,6.167,11.5,231.8,50.1,1,0.059,3.881,0.002,1.629,24.8
2026-01-10T21:30:00,21.5,5,1,21.59,70.59,0.0,0.0,5.737,11.5,236.29,50.12,1,0.146,3.868,0.699,2.005,24.09
2026-01-10T21:45:00,21.75,5,1,22.01,70.29,0.0,0.0,4.84,11.5,229.53,49.85,1,0.0,3.254,0.0,1.805,23.83
2026-01-10T22:00:00,22.0,5,1,22.04,64.9,0.0,0.0,4.711,4.5,225.4,50.09,1,0.0,2.979,0.213,1.251,25.17
2026-01-10T22:15:00,22.25,5,1,19.99,68.04,0.0,0.0,3.805,4.5,230.88,50.0,1,0.0,2.897,0.021,1.123,22.46
2026-01-10T22:30:00,22.5,5,1,20.97,65.82,0.0,0.0,3.729,4.5,239.76,50.05,1,0.253,2.264,0.109,1.629,24.21
2026-01-10T22:45:00,22.75,5,1,20.54,64.86,0.0,0.0,3.401,4.5,229.21,49.92,1,0.0,2.777,0.0,1.21,22.61
2026-01-10T23:00:00,23.0,5,1,20.05,71.67,0.0,0.0,3.147,4.5,227.08,49.89,1,0.0,1.341,0.588,0.812,22.48
2026-01-10T23:15:00,23.25,5,1,19.5,70.52,0.0,0.0,3.075,4.5,227.84,50.11,1,0.0,1.677,0.0,1.812,22.05
2026-01-10T23:30:00,23.5,5,1,18.42,79.34,0.0,0.0,2.69,4.5,225.92,49.99,1,0.0,2.066,0.0,1.727,20.8
2026-01-10T23:45:00,23.75,5,1,16.66,77.64,0.0,0.0,2.691,4.5,228.26,49.99,1,0.177,1.347,0.0,1.35,19.53
2026-01-11T00:00:00,0.0,6,1,19.26,72.76,0.0,0.0,1.399,4.5,231.04,50.1,1,0.021,1.95,0.0,2.476,22.42
2026-01-11T00:15:00,0.25,6,1,17.94,74.32,0.0,0.0,1.707,4.5,229.94,49.86,1,0.195,1.528,0.337,1.326,20.17
2026-01-11T00:30:00,0.5,6,1,17.5,74.67,0.0,0.0,1.59,4.5,237.08,49.76,1,0.219,2.544,0.0,1.233,19.46
2026-01-11T00:45:00,0.75,6,1,17.31,80.16,0.0,0.0,1.568,4.5,231.31,49.88,1,0.0,1.453,0.288,2.688,19.61
2026-01-11T01:00:00,1.0,6,1,16.86,79.79,0.0,0.0,1.643,4.5,228.09,50.06,1,0.049,1.668,0.0,2.401,19.33
2026-01-11T01:15:00,1.25,6,1,17.25,81.72,0.0,0.0,1.671,4.5,221.39,49.91,1,0.0,1.266,0.135,2.242,19.52
2026-01-11T01:30:00,1.5,6,1,16.51,77.52,0.0,0.0,2.128,4.5,229.75,49.67,1,0.0,1.382,0.198,1.665,19.7
2026-01-11T01:45:00,1.75,6,1,18.58,68.26,0.0,0.0,1.441,4.5,229.97,50.16,1,0.0,1.344,0.0,2.539,21.2
2026-01-11T02:00:00,2.0,6,1,17.0,85.69,0.0,0.0,1.625,4.5,234.23,50.01,1,0.172,1.865,0.0,1.76,18.44
2026-01-11T02:15:00,2.25,6,1,17.29,75.24,0.0,0.0,1.241,4.5,232.08,49.93,1,0.14,1.627,0.536,3.031,19.56
2026-01-11T02:30:00,2.5,6,1,15.45,75.08,0.0,0.0,1.573,4.5,229.61,50.0,1,0.048,1.475,0.222,2.865,18.32
2026-01-11T02:45:00,2.75,6,1,16.61,78.5,0.0,0.0,1.16,4.5,226.23,49.81,1,0.0,1.174,1.115,4.198,19.05
2026-01-11T03:00:00,3.0,6,1,16.65,78.54,0.0,0.0,1.406,4.5,232.08,49.92,1,0.0,1.954,1.595,4.257,18.83
2026-01-11T03:15:00,3.25,6,1,16.48,82.15,0.0,0.0,1.536,4.5,231.29,50.01,1,0.0,1.327,1.542,3.942,19.31
2026-01-11T03:30:00,3.5,6,1,17.21,75.79,0.0,0.0,1.626,4.5,227.42,49.96,1,0.0,1.578,2.21,4.238,20.43
2026-01-11T03:45:00,3.75,6,1,18.81,70.72,0.0,0.0,1.396,4.5,227.99,50.13,1,0.157,2.071,2.361,4.469,21.11
2026-01-11T04:00:00,4.0,6,1,16.51,80.52,0.0,0.0,1.873,4.5,230.88,49.95,1,0.0,2.095,3.093,6.089,19.55
2026-01-11T04:15:00,4.25,6,1,16.78,83.12,0.0,0.0,1.784,4.5,230.81,50.02,1,0.0,2.175,3.741,4.71,18.9
2026-01-11T04:30:00,4.5,6,1,18.4,73.72,0.0,0.0,1.602,4.5,224.33,49.87,1,0.184,1.695,3.139,4.662,20.36
2026-01-11T04:45:00,4.75,6,1,16.91,75.37,0.0,0.0,1.915,4.5,225.97,50.13,1,0.0,1.853,4.278,4.989,19.64
2026-01-11T05:00:00,5.0,6,1,17.06,76.63,0.0,0.0,2.131,4.5,227.24,49.87,1,0.073,1.926,4.863,4.878,19.73
2026-01-11T05:15:00,5.25,6,1,19.97,69.83,0.0,0.0,2.131,4.5,235.05,49.96,1,0.343,2.864,4.738,4.651,21.94
2026-01-11T05:30:00,5.5,6,1,18.58,75.11,0.0,0.0,1.641,4.5,228.02,49.85,1,0.613,2.565,5.376,4.375,20.32
2026-01-11T05:45:00,5.75,6,1,21.58,65.68,0.0,0.0,2.292,4.5,226.87,50.05,1,1.069,3.565,4.913,3.338,23.99
2026-01-11T06:00:00,6.0,6,1,22.93,69.01,0.0,0.0,1.995,7.0,230.63,49.87,1,1.137,3.758,5.675,5.036,26.63
2026-01-11T06:15:00,6.25,6,1,21.76,64.9,44.17,0.398,2.858,7.0,223.86,50.14,1,1.923,3.972,5.464,3.454,23.65
2026-01-11T06:30:00,6.5,6,1,23.66,69.2,73.04,0.657,2.771,7.0,228.28,49.99,1,2.521,4.261,5.863,3.681,26.29
2026-01-11T06:45:00,6.75,6,1,22.48,65.33,128.75,1.159,3.804,7.0,235.5,50.11,1,3.121,4.468,5.216,3.676,24.33
2026-01-11T07:00:00,7.0,6,1,21.75,69.41,149.23,1.343,4.004,7.0,228.5,49.74,1,3.245,5.116,5.352,3.755,24.47
2026-01-11T07:15:00,7.25,6,1,22.57,64.14,215.12,1.936,4.006,7.0,230.48,49.99,1,3.337,4.624,5.622,3.423,25.41
2026-01-11T07:30:00,7.5,6,1,23.95,62.64,266.9,2.402,4.416,7.0,215.26,49.92,1,3.497,5.041,5.62,3.354,27.04
2026-01-11T07:45:00,7.75,6,1,22.74,72.98,312.99,2.817,4.26,7.0,222.84,50.09,1,4.163,4.694,6.146,1.964,24.81
2026-01-11T08:00:00,8.0,6,1,23.24,64.69,347.67,3.129,5.052,7.0,227.9,49.89,1,4.648,4.786,6.012,2.416,25.43
2026-01-11T08:15:00,8.25,6,1,26.02,62.02,374.9,3.374,4.617,7.0,235.38,50.11,0,4.464,4.708,6.247,1.877,28.76
2026-01-11T08:30:00,8.5,6,1,25.25,64.59,381.89,3.437,5.015,7.0,232.0,49.96,1,4.907,4.423,5.644,2.539,27.8
2026-01-11T08:45:00,8.75,6,1,25.55,62.31,454.84,4.094,4.876,7.0,227.96,50.11,1,4.842,3.91,6.915,3.098,29.44
2026-01-11T09:00:00,9.0,6,1,26.31,64.56,505.41,4.549,4.636,7.0,228.46,50.16,1,5.194,4.632,5.317,1.056,28.73
2026-01-11T09:15:00,9.25,6,1,27.27,63.37,505.62,4.551,4.775,7.0,225.42,49.88,1,5.42,3.456,5.563,2.236,29.76
2026-01-11T09:30:00,9.5,6,1,28.01,57.02,555.88,5.003,4.479,7.0,232.02,49.99,1,5.594,3.602,5.766,3.367,30.72
2026-01-11T09:45:00,9.75,6,1,28.62,59.68,577.5,5.197,3.902,7.0,227.91,49.93,1,5.695,3.705,5.781,3.462,31.65
2026-01-11T10:00:00,10.0,6,1,31.2,55.07,589.65,5.307,4.947,7.0,226.18,50.04,1,6.171,3.098,5.579,2.496,33.81
2026-01-11T10:15:00,10.25,6,1,27.33,59.25,615.23,5.537,3.34,7.0,230.43,50.03,1,5.844,3.465,4.907,2.336,29.95
2026-01-11T10:30:00,10.5,6,1,29.27,55.67,636.71,5.73,3.292,7.0,228.97,50.03,1,6.218,3.15,4.807,2.582,31.83
2026-01-11T10:45:00,10.75,6,1,31.53,49.93,627.56,5.648,3.859,7.0,228.94,50.17,1,6.186,2.084,5.158,3.335,34.37
2026-01-11T11:00:00,11.0,6,1,30.3,50.8,656.26,5.906,3.457,7.0,229.53,49.93,1,6.032,2.387,4.446,2.99,32.63
2026-01-11T11:15:00,11.25,6,1,32.01,54.35,661.02,5.949,3.377,7.0,233.44,49.93,1,5.847,2.032,4.148,2.713,34.1
2026-01-11T11:30:00,11.5,6,1,31.31,55.11,688.55,6.197,3.141,7.0,226.14,49.95,1,6.285,2.674,3.94,2.989,34.0
2026-01-11T11:45:00,11.75,6,1,29.91,54.48,684.0,6.156,2.142,7.0,234.32,49.88,1,6.185,3.385,3.116,2.848,32.77
2026-01-11T12:00:00,12.0,6,1,32.5,56.22,680.35,6.123,2.459,7.0,233.88,50.04,1,5.761,1.938,3.229,3.118,35.36
2026-01-11T12:15:00,12.25,6,1,30.59,55.27,679.47,6.115,2.398,7.0,227.31,50.11,1,5.698,2.344,3.183,3.568,32.31
2026-01-11T12:30:00,12.5,6,1,34.19,44.37,660.56,5.945,2.557,7.0,236.99,50.17,1,5.853,3.21,3.232,3.483,37.27
2026-01-11T12:45:00,12.75,6,1,35.14,43.38,679.6,6.116,3.309,7.0,223.33,49.98,1,5.665,3.248,2.16,3.166,36.8
2026-01-11T13:00:00,13.0,6,1,29.1,52.48,668.08,6.013,1.671,7.0,234.73,49.85,1,4.928,2.732,2.056,2.993,32.01
2026-01-11T13:15:00,13.25,6,1,31.03,53.34,629.28,5.664,2.495,7.0,231.09,49.76,1,4.946,2.972,1.243,4.304,33.96
2026-01-11T13:30:00,13.5,6,1,33.07,49.16,629.78,5.668,2.801,7.0,223.7,50.03,0,4.617,2.539,0.666,4.735,34.52
2026-01-11T13:45:00,13.75,6,1,33.67,49.24,637.13,5.734,3.187,7.0,225.7,49.88,1,4.729,3.123,0.832,5.363,36.39
2026-01-11T14:00:00,14.0,6,1,34.05,50.3,581.41,5.233,2.836,7.0,236.77,50.03,1,4.349,2.706,0.0,4.953,36.33
2026-01-11T14:15:00,14.25,6,1,33.9,41.9,562.08,5.059,2.614,7.0,227.76,49.95,1,3.844,2.235,0.0,5.327,37.48
2026-01-11T14:30:00,14.5,6,1,32.42,44.12,515.63,4.641,2.68,7.0,237.27,50.04,1,3.941,2.577,0.315,4.905,33.72
2026-01-11T14:45:00,14.75,6,1,34.89,45.12,527.97,4.752,3.334,7.0,232.17,50.0,1,3.672,2.949,0.0,6.16,37.7
2026-01-11T15:00:00,15.0,6,1,31.22,55.28,509.59,4.586,2.548,7.0,229.09,50.13,1,2.773,2.764,0.0,6.174,33.08
2026-01-11T15:15:00,15.25,6,1,30.38,54.81,434.2,3.908,2.581,7.0,226.22,49.93,1,2.626,4.023,0.728,5.793,31.76
2026-01-11T15:30:00,15.5,6,1,32.53,46.32,425.15,3.826,2.541,7.0,240.03,49.94,1,2.605,3.964,0.0,5.381,34.44
2026-01-11T15:45:00,15.75,6,1,29.23,52.3,392.36,3.531,2.727,7.0,230.14,49.86,1,1.814,2.975,0.0,5.65,32.15
2026-01-11T16:00:00,16.0,6,1,30.76,52.77,333.9,3.005,2.769,7.0,232.63,49.98,1,2.124,3.916,0.274,5.547,33.65
2026-01-11T16:15:00,16.25,6,1,33.12,43.62,305.1,2.746,3.774,7.0,227.28,50.02,1,0.985,3.974,0.385,6.974,35.54
2026-01-11T16:30:00,16.5,6,1,29.89,54.97,264.65,2.382,3.373,7.0,229.99,50.05,1,0.935,4.233,0.0,5.944,32.95
2026-01-11T16:45:00,16.75,6,1,30.63,57.39,221.0,1.989,3.084,7.0,226.96,49.87,1,0.375,5.091,0.0,5.149,33.52
2026-01-11T17:00:00,17.0,6,1,28.98,56.07,203.87,1.835,3.813,7.0,225.28,49.93,1,0.197,5.48,0.0,6.158,32.14
2026-01-11T17:15:00,17.25,6,1,29.47,54.6,103.5,0.932,3.631,7.0,215.47,49.79,1,0.0,5.407,0.143,6.462,31.32
2026-01-11T17:30:00,17.5,6,1,29.11,51.77,113.44,1.021,4.34,7.0,234.71,50.07,1,0.0,5.279,0.0,5.172,32.35
2026-01-11T17:45:00,17.75,6,1,31.08,48.04,35.99,0.324,4.751,7.0,227.23,50.12,1,0.207,6.517,0.075,4.807,34.01
2026-01-11T18:00:00,18.0,6,1,28.18,59.53,29.17,0.262,5.305,11.5,227.85,50.11,1,0.057,5.627,0.0,4.531,30.54
2026-01-11T18:15:00,18.25,6,1,29.54,55.11,0.0,0.0,5.506,11.5,225.79,49.92,1,0.096,5.998,0.0,4.706,32.47
2026-01-11T18:30:00,18.5,6,1,26.71,53.45,0.0,0.0,5.251,11.5,227.89,50.05,1,0.0,6.061,0.0,4.526,29.5
2026-01-11T18:45:00,18.75,6,1,27.23,54.02,0.0,0.0,6.103,11.5,222.29,50.1,1,0.0,6.547,0.225,3.632,29.75
2026-01-11T19:00:00,19.0,6,1,25.66,57.45,0.0,0.0,5.634,11.5,227.3,49.9,1,0.099,6.098,0.181,3.578,28.71
2026-01-11T19:15:00,19.25,6,1,25.86,64.42,0.0,0.0,6.118,11.5,230.08,49.92,1,0.153,6.574,0.327,3.268,28.93
2026-01-11T19:30:00,19.5,6,1,26.59,59.97,0.0,0.0,6.296,11.5,232.02,50.03,1,0.0,6.41,0.501,1.405,29.32
2026-01-11T19:45:00,19.75,6,1,24.22,63.32,0.0,0.0,6.524,11.5,225.92,50.01,1,0.0,5.812,0.224,1.679,27.7
2026-01-11T20:00:00,20.0,6,1,23.57,62.93,0.0,0.0,6.314,11.5,224.39,49.92,1,0.0,5.954,0.0,1.942,26.25
2026-01-11T20:15:00,20.25,6,1,25.04,61.94,0.0,0.0,6.702,11.5,223.47,49.98,1,0.0,6.484,0.232,1.746,27.66
2026-01-11T20:30:00,20.5,6,1,21.2,67.09,0.0,0.0,6.564,11.5,225.78,49.88,1,0.0,5.457,0.0,0.719,22.91
2026-01-11T20:45:00,20.75,6,1,22.73,65.06,0.0,0.0,5.746,11.5,235.62,49.91,1,0.164,5.236,0.083,0.945,24.84
2026-01-11T21:00:00,21.0,6,1,20.23,68.49,0.0,0.0,5.784,11.5,230.12,50.03,1,0.077,5.281,0.0,0.4,23.25
2026-01-11T21:15:00,21.25,6,1,23.7,65.94,0.0,0.0,6.385,11.5,233.15,49.95,1,0.0,4.637,0.0,1.242,26.37
2026-01-11T21:30:00,21.5,6,1,22.25,70.94,0.0,0.0,5.382,11.5,233.03,49.91,1,0.134,3.979,0.251,1.719,25.16
2026-01-11T21:45:00,21.75,6,1,20.72,71.37,0.0,0.0,5.075,11.5,232.02,49.8,1,0.12,3.372,0.272,1.644,23.74
2026-01-11T22:00:00,22.0,6,1,20.1,69.0,0.0,0.0,4.988,4.5,238.22,49.88,1,0.0,3.781,0.0,0.945,22.17
2026-01-11T22:15:00,22.25,6,1,21.74,67.1,0.0,0.0,4.582,4.5,219.13,49.88,0,0.0,2.899,0.45,1.558,23.7
2026-01-11T22:30:00,22.5,6,1,20.36,66.21,0.0,0.0,4.253,4.5,229.6,49.93,1,0.33,2.015,0.0,1.068,23.61
2026-01-11T22:45:00,22.75,6,1,19.84,71.37,0.0,0.0,3.428,4.5,228.22,50.19,1,0.0,2.544,0.0,0.576,22.3
2026-01-11T23:00:00,23.0,6,1,19.85,68.98,0.0,0.0,3.565,4.5,226.65,49.96,1,0.186,1.498,0.0,1.398,21.76
2026-01-11T23:15:00,23.25,6,1,17.85,73.42,0.0,0.0,3.029,4.5,236.86,49.96,1,0.116,1.597,0.0,0.82,20.3
2026-01-11T23:30:00,23.5,6,1,17.72,79.07,0.0,0.0,2.301,4.5,235.27,49.83,1,0.088,1.189,0.0,1.306,19.85
2026-01-11T23:45:00,23.75,6,1,19.17,69.0,0.0,0.0,2.675,4.5,230.31,49.79,1,0.0,1.097,0.396,1.493,21.34
2026-01-12T00:00:00,0.0,0,0,18.23,74.08,0.0,0.0,1.509,4.5,240.27,49.98,1,0.0,0.639,0.241,1.312,21.14
2026-01-12T00:15:00,0.25,0,0,17.87,76.9,0.0,0.0,1.458,4.5,232.26,50.09,1,0.0,1.513,0.564,1.257,20.32
2026-01-12T00:30:00,0.5,0,0,16.34,78.25,0.0,0.0,1.179,4.5,228.64,50.05,1,0.0,1.17,0.198,1.432,18.49
2026-01-12T00:45:00,0.75,0,0,17.78,74.51,0.0,0.0,1.05,4.5,229.48,50.01,1,0.124,0.789,0.0,1.974,20.49
2026-01-12T01:00:00,1.0,0,0,15.48,78.23,0.0,0.0,0.584,4.5,232.92,50.01,1,0.161,1.598,0.0,0.459,17.95
2026-01-12T01:15:00,1.25,0,0,17.96,79.85,0.0,0.0,1.42,4.5,233.44,50.08,1,0.0,1.677,0.0,0.4,20.49
2026-01-12T01:30:00,1.5,0,0,14.44,83.62,0.0,0.0,1.373,4.5,222.5,50.08,1,0.03,0.972,0.0,1.502,16.86
2026-01-12T01:45:00,1.75,0,0,16.86,80.79,0.0,0.0,1.209,4.5,236.03,49.92,1,0.158,0.735,0.518,1.537,19.72
2026-01-12T02:00:00,2.0,0,0,17.69,75.57,0.0,0.0,1.214,4.5,228.61,49.93,1,0.351,0.944,0.537,2.233,20.03
2026-01-12T02:15:00,2.25,0,0,17.97,73.67,0.0,0.0,1.606,4.5,234.05,50.08,1,0.064,0.496,0.818,2.504,20.81
2026-01-12T02:30:00,2.5,0,0,17.73,77.86,0.0,0.0,1.365,4.5,228.43,49.72,1,0.0,1.601,0.26,3.055,20.22
2026-01-12T02:45:00,2.75,0,0,16.35,74.19,0.0,0.0,0.916,4.5,224.42,49.94,1,0.0,1.453,1.358,3.151,19.15
2026-01-12T03:00:00,3.0,0,0,18.77,75.07,0.0,0.0,1.123,4.5,233.07,50.0,1,0.0,1.156,1.376,3.444,21.1
2026-01-12T03:15:00,3.25,0,0,16.94,75.54,0.0,0.0,0.761,4.5,230.45,50.04,1,0.018,1.532,2.377,3.581,19.36
2026-01-12T03:30:00,3.5,0,0,15.56,78.81,0.0,0.0,1.198,4.5,235.65,49.92,1,0.0,1.188,2.101,4.028,18.5
2026-01-12T03:45:00,3.75,0,0,17.18,77.11,0.0,0.0,1.509,4.5,226.9,49.99,1,0.022,1.484,3.078,4.445,19.56
2026-01-12T04:00:00,4.0,0,0,19.21,70.76,0.0,0.0,1.447,4.5,230.33,49.96,1,0.0,1.297,3.305,3.841,21.98
2026-01-12T04:15:00,4.25,0,0,17.73,76.66,0.0,0.0,1.436,4.5,231.58,49.93,1,0.191,0.577,3.551,5.192,19.98
2026-01-12T04:30:00,4.5,0,0,19.67,69.72,0.0,0.0,1.126,4.5,235.61,50.08,1,0.014,1.192,3.669,4.517,21.32
2026-01-12T04:45:00,4.75,0,0,19.39,76.34,0.0,0.0,1.518,4.5,230.37,49.99,1,0.212,1.835,4.92,5.106,22.12
2026-01-12T05:00:00,5.0,0,0,17.78,74.51,0.0,0.0,1.007,4.5,230.64,49.92,1,0.0,1.491,3.83,5.076,20.41
2026-01-12T05:15:00,5.25,0,0,20.3,72.93,0.0,0.0,0.863,4.5,226.84,50.12,1,0.582,1.945,4.904,4.952,23.13
2026-01-12T05:30:00,5.5,0,0,21.19,72.02,0.0,0.0,1.495,4.5,228.85,49.92,1,0.767,2.726,4.8,4.002,22.66
2026-01-12T05:45:00,5.75,0,0,21.74,69.74,0.0,0.0,1.908,4.5,235.71,50.05,1,1.334,3.342,5.408,4.317,25.11
2026-01-12T06:00:00,6.0,0,0,19.64,68.7,0.0,0.0,1.754,7.0,229.37,49.85,1,1.823,3.56,4.533,3.243,22.15
2026-01-12T06:15:00,6.25,0,0,21.58,75.24,69.51,0.626,2.416,7.0,230.51,50.2,1,1.926,3.373,5.283,4.082,24.1
2026-01-12T06:30:00,6.5,0,0,21.62,69.87,69.07,0.622,2.484,7.0,235.22,50.08,1,2.395,3.933,5.781,2.914,23.63
2026-01-12T06:45:00,6.75,0,0,22.5,66.08,146.98,1.323,3.312,7.0,234.04,50.03,1,2.584,4.139,5.769,3.151,25.35
2026-01-12T07:00:00,7.0,0,0,23.07,69.55,168.21,1.514,3.374,7.0,227.36,49.96,1,3.042,4.405,6.124,3.68,25.76
2026-01-12T07:15:00,7.25,0,0,22.91,65.86,199.85,1.799,3.582,7.0,227.38,49.95,1,3.68,4.716,5.649,2.576,25.53
2026-01-12T07:30:00,7.5,0,0,22.82,65.81,252.36,2.271,4.325,7.0,228.21,49.99,1,3.543,4.979,6.5,3.423,25.2
2026-01-12T07:45:00,7.75,0,0,25.7,62.14,307.4,2.767,4.563,7.0,229.6,49.96,1,4.434,4.547,6.6,2.181,28.42
2026-01-12T08:00:00,8.0,0,0,24.78,62.42,353.3,3.18,4.413,7.0,229.6,50.02,1,4.247,4.991,6.037,3.148,26.97
2026-01-12T08:15:00,8.25,0,0,23.51,66.88,397.89,3.581,4.959,7.0,226.1,49.98,1,4.507,5.05,6.596,2.271,25.07
2026-01-12T08:30:00,8.5,0,0,26.31,60.42,415.66,3.741,5.006,7.0,234.96,50.07,1,4.796,3.845,6.967,1.928,28.86
2026-01-12T08:45:00,8.75,0,0,26.93,64.29,465.06,4.186,4.644,7.0,233.13,49.96,1,5.121,4.388,6.63,3.158,29.45
2026-01-12T09:00:00,9.0,0,0,27.97,55.11,481.06,4.33,4.934,7.0,229.63,50.03,1,5.52,3.231,6.439,1.786,30.31
2026-01-12T09:15:00,9.25,0,0,26.89,58.67,506.65,4.56,4.911,7.0,228.59,50.01,1,5.815,3.434,5.428,2.572,29.38
2026-01-12T09:30:00,9.5,0,0,26.37,60.69,551.78,4.966,4.279,7.0,225.53,50.04,1,5.988,3.004,6.11,2.156,27.96
2026-01-12T09:45:00,9.75,0,0,28.56,55.9,572.98,5.157,4.388,7.0,227.74,50.04,1,5.844,3.009,5.712,2.793,31.8
2026-01-12T10:00:00,10.0,0,0,29.01,48.95,596.72,5.371,3.062,7.0,229.36,49.93,1,6.093,2.454,5.428,2.85,31.49
2026-01-12T10:15:00,10.25,0,0,28.91,58.93,634.2,5.708,3.411,7.0,227.55,50.25,1,6.102,2.181,5.708,2.424,31.23
2026-01-12T10:30:00,10.5,0,0,29.02,58.02,650.22,5.852,3.046,7.0,231.43,49.95,1,6.441,2.456,4.295,2.849,31.89
2026-01-12T10:45:00,10.75,0,0,29.26,57.18,642.57,5.783,3.195,7.0,227.85,50.12,1,6.476,1.907,4.473,2.115,32.54
2026-01-12T11:00:00,11.0,0,0,32.18,50.06,657.41,5.917,2.862,7.0,228.08,50.01,1,5.969,2.644,5.067,1.848,34.88
2026-01-12T11:15:00,11.25,0,0,30.07,55.36,685.86,6.173,2.261,7.0,229.99,49.94,1,6.387,1.877,4.161,2.769,33.38
2026-01-12T11:30:00,11.5,0,0,32.44,50.4,726.31,6.537,2.6,7.0,229.33,50.08,1,6.16,2.254,3.358,2.793,34.48
2026-01-12T11:45:00,11.75,0,0,31.32,52.92,700.6,6.305,2.078,7.0,228.94,50.07,1,6.383,2.655,3.35,2.527,33.17
2026-01-12T12:00:00,12.0,0,0,33.69,49.18,698.12,6.283,2.728,7.0,230.71,50.03,1,6.174,2.3,3.503,3.35,36.41
2026-01-12T12:15:00,12.25,0,0,32.65,48.28,710.82,6.397,2.131,7.0,227.2,50.0,1,5.81,2.022,3.116,4.271,34.96
2026-01-12T12:30:00,12.5,0,0,32.83,53.23,707.4,6.367,2.201,7.0,231.54,50.12,1,6.099,1.574,2.556,3.622,35.12
2026-01-12T12:45:00,12.75,0,0,34.43,41.85,690.93,6.218,2.688,7.0,223.86,49.9,1,5.538,2.545,1.926,2.61,36.68
2026-01-12T13:00:00,13.0,0,0,31.84,50.01,700.78,6.307,2.425,7.0,223.55,49.95,1,5.6,2.402,1.06,3.534,33.78
2026-01-12T13:15:00,13.25,0,0,31.69,48.56,661.83,5.956,2.045,7.0,231.56,49.87,1,5.297,2.306,1.73,4.081,34.07
2026-01-12T13:30:00,13.5,0,0,32.45,52.22,654.39,5.89,1.813,7.0,221.3,49.94,1,5.176,2.515,1.144,3.84,34.6
2026-01-12T13:45:00,13.75,0,0,31.08,51.92,622.54,5.603,2.547,7.0,228.45,49.93,1,4.678,2.47,0.92,3.838,34.47
2026-01-12T14:00:00,14.0,0,0,33.53,52.2,599.56,5.396,2.366,7.0,230.74,49.99,1,4.263,1.783,0.0,4.304,35.04
2026-01-12T14:15:00,14.25,0,0,35.51,47.2,585.94,5.273,2.499,7.0,227.24,49.92,1,3.883,2.276,0.0,5.161,38.24
2026-01-12T14:30:00,14.5,0,0,33.21,51.8,537.79,4.84,2.642,7.0,237.88,49.89,1,3.784,2.559,0.0,5.45,35.65
2026-01-12T14:45:00,14.75,0,0,32.68,50.7,518.48,4.666,2.277,7.0,225.02,50.06,1,3.558,2.994,0.024,5.655,35.67
2026-01-12T15:00:00,15.0,0,0,30.47,53.12,488.11,4.393,1.92,7.0,235.07,49.88,1,3.472,2.845,0.0,6.138,33.26
2026-01-12T15:15:00,15.25,0,0,31.82,50.1,439.82,3.958,2.392,7.0,234.48,50.0,1,3.178,3.211,0.0,6.603,35.04
2026-01-12T15:30:00,15.5,0,0,33.99,43.16,404.23,3.638,2.692,7.0,234.71,50.08,1,2.47,3.178,0.119,5.773,36.95
2026-01-12T15:45:00,15.75,0,0,33.56,49.15,373.96,3.366,2.717,7.0,234.6,49.97,1,2.093,3.081,0.47,6.905,36.09
2026-01-12T16:00:00,16.0,0,0,34.1,49.53,366.67,3.3,3.073,7.0,230.91,50.01,1,1.295,3.56,0.0,6.493,36.47
2026-01-12T16:15:00,16.25,0,0,31.74,48.51,335.86,3.023,3.314,7.0,225.0,49.91,1,1.279,3.915,0.887,6.19,33.78
2026-01-12T16:30:00,16.5,0,0,30.26,55.12,281.49,2.533,3.069,7.0,226.42,50.03,1,0.881,3.924,0.023,5.672,33.1
2026-01-12T16:45:00,16.75,0,0,30.47,52.07,232.34,2.091,3.04,7.0,228.56,50.21,1,0.788,4.429,0.0,5.539,32.79
2026-01-12T17:00:00,17.0,0,0,29.95,55.74,163.75,1.474,3.676,7.0,221.72,49.89,1,0.0,4.75,0.05,6.32,32.3
2026-01-12T17:15:00,17.25,0,0,31.3,54.36,145.93,1.313,3.713,7.0,224.91,49.99,1,0.329,4.653,0.499,6.127,34.05
2026-01-12T17:30:00,17.5,0,0,30.17,55.01,90.78,0.817,4.104,7.0,236.1,50.05,1,0.055,5.601,0.553,4.599,32.79
2026-01-12T17:45:00,17.75,0,0,28.23,56.97,55.82,0.502,4.543,7.0,225.24,50.01,1,0.0,5.785,0.249,4.674,30.41
2026-01-12T18:00:00,18.0,0,0,29.98,47.74,0.0,0.0,4.915,11.5,226.61,49.86,1,0.19,5.652,0.241,3.829,32.62
2026-01-12T18:15:00,18.25,0,0,26.83,61.84,0.0,0.0,4.682,11.5,238.85,49.95,1,0.0,6.075,0.294,4.235,29.55
2026-01-12T18:30:00,18.5,0,0,30.76,49.87,0.0,0.0,5.68,11.5,229.9,49.78,1,0.379,5.644,0.0,3.776,32.15
2026-01-12T18:45:00,18.75,0,0,27.54,53.27,0.0,0.0,5.723,11.5,230.23,49.89,1,0.0,5.869,0.0,4.576,29.33
2026-01-12T19:00:00,19.0,0,0,26.36,66.08,0.0,0.0,5.729,11.5,236.07,49.9,1,0.087,6.04,0.0,2.837,29.49
2026-01-12T19:15:00,19.25,0,0,27.11,59.9,0.0,0.0,5.945,11.5,229.84,50.14,1,0.0,6.479,0.258,2.574,29.75
2026-01-12T19:30:00,19.5,0,0,26.39,59.28,0.0,0.0,5.735,11.5,229.18,49.91,1,0.0,5.94,0.0,2.281,28.37
2026-01-12T19:45:00,19.75,0,0,24.91,60.55,0.0,0.0,5.896,11.5,227.7,49.89,1,0.039,5.479,0.416,1.522,27.68
2026-01-12T20:00:00,20.0,0,0,24.45,61.7,0.0,0.0,6.175,11.5,235.48,49.99,1,0.17,5.681,0.0,0.4,27.27
2026-01-12T20:15:00,20.25,0,0,22.48,68.62,0.0,0.0,6.136,11.5,231.46,49.95,1,0.13,5.478,0.75,1.067,25.58
2026-01-12T20:30:00,20.5,0,0,23.31,69.59,0.0,0.0,5.683,11.5,226.59,49.97,1,0.128,4.536,0.237,1.621,26.48
2026-01-12T20:45:00,20.75,0,0,22.97,70.7,0.0,0.0,5.705,11.5,233.59,50.04,1,0.022,4.774,0.0,0.504,26.43
2026-01-12T21:00:00,21.0,0,0,21.29,70.64,0.0,0.0,5.715,11.5,230.24,49.88,1,0.172,3.788,0.235,1.667,24.3
2026-01-12T21:15:00,21.25,0,0,22.32,68.72,0.0,0.0,5.589,11.5,232.21,49.9,1,0.012,3.826,0.185,1.178,24.48
2026-01-12T21:30:00,21.5,0,0,23.71,66.46,0.0,0.0,4.521,11.5,230.39,50.09,1,0.0,3.347,0.213,1.437,26.95
2026-01-12T21:45:00,21.75,0,0,21.75,70.77,0.0,0.0,4.712,11.5,235.88,50.17,1,0.0,3.444,0.0,0.968,24.2
2026-01-12T22:00:00,22.0,0,0,21.18,76.0,0.0,0.0,3.744,4.5,227.17,50.0,1,0.112,3.276,0.0,0.876,24.83
2026-01-12T22:15:00,22.25,0,0,21.04,72.73,0.0,0.0,3.921,4.5,224.96,50.01,1,0.0,3.094,0.0,1.393,22.53
2026-01-12T22:30:00,22.5,0,0,22.22,60.95,0.0,0.0,3.279,4.5,227.23,50.1,1,0.109,1.979,0.463,0.966,24.85
2026-01-12T22:45:00,22.75,0,0,19.8,72.83,0.0,0.0,3.367,4.5,233.07,50.01,1,0.027,1.569,0.0,1.614,22.63
2026-01-12T23:00:00,23.0,0,0,18.39,79.24,0.0,0.0,2.845,4.5,226.36,50.1,1,0.0,0.899,0.392,1.428,21.32
2026-01-12T23:15:00,23.25,0,0,18.86,72.68,0.0,0.0,2.99,4.5,234.08,50.08,1,0.0,1.017,0.604,0.4,21.88
2026-01-12T23:30:00,23.5,0,0,15.94,81.15,0.0,0.0,2.186,4.5,227.72,50.06,1,0.0,1.379,0.162,1.517,19.29
2026-01-12T23:45:00,23.75,0,0,16.55,76.93,0.0,0.0,1.631,4.5,235.92,49.95,1,0.234,0.89,0.0,0.4,19.37
2026-01-13T00:00:00,0.0,1,0,18.52,71.41,0.0,0.0,0.619,4.5,231.97,50.11,1,0.0,1.544,0.226,1.222,21.48
2026-01-13T00:15:00,0.25,1,0,17.62,76.88,0.0,0.0,1.31,4.5,228.78,50.09,1,0.0,0.746,0.0,1.148,20.48
2026-01-13T00:30:00,0.5,1,0,20.3,69.1,0.0,0.0,1.139,4.5,229.93,49.9,1,0.092,1.538,0.588,0.968,23.72
2026-01-13T00:45:00,0.75,1,0,19.3,74.85,0.0,0.0,0.719,4.5,229.83,49.94,1,0.078,1.497,0.351,1.396,21.59
2026-01-13T01:00:00,1.0,1,0,17.98,70.61,0.0,0.0,1.419,4.5,224.77,49.88,1,0.0,1.413,0.16,0.939,20.29
2026-01-13T01:15:00,1.25,1,0,16.09,76.6,0.0,0.0,0.974,4.5,233.38,49.89,1,0.0,1.484,0.0,1.753,18.1
2026-01-13T01:30:00,1.5,1,0,15.86,76.98,0.0,0.0,1.202,4.5,227.93,49.99,1,0.0,0.429,0.114,1.895,18.84
2026-01-13T01:45:00,1.75,1,0,16.16,80.23,0.0,0.0,1.105,4.5,228.81,49.88,1,0.0,1.495,0.623,1.948,18.46
2026-01-13T02:00:00,2.0,1,0,16.0,82.9,0.0,0.0,1.292,4.5,229.48,50.03,1,0.053,1.69,0.079,2.641,19.92
2026-01-13T02:15:00,2.25,1,0,17.3,77.67,0.0,0.0,1.426,4.5,233.64,49.97,1,0.0,1.07,0.767,2.424,18.77
2026-01-13T02:30:00,2.5,1,0,18.14,73.71,0.0,0.0,0.907,4.5,226.19,50.12,1,0.068,1.425,1.079,3.054,20.03
2026-01-13T02:45:00,2.75,1,0,19.17,74.66,0.0,0.0,1.355,4.5,222.91,49.93,1,0.302,0.917,2.139,2.741,21.16
2026-01-13T03:00:00,3.0,1,0,16.17,80.41,0.0,0.0,1.544,4.5,233.3,50.05,1,0.0,1.456,3.255,3.391,18.34
2026-01-13T03:15:00,3.25,1,0,17.5,75.27,0.0,0.0,0.961,4.5,233.45,50.19,1,0.037,1.084,2.446,3.534,20.02
2026-01-13T03:30:00,3.5,1,0,17.84,69.9,0.0,0.0,1.264,4.5,230.13,49.98,1,0.0,1.559,2.957,4.133,20.56
2026-01-13T03:45:00,3.75,1,0,15.97,78.46,0.0,0.0,0.846,4.5,230.53,49.84,1,0.284,1.47,3.088,4.125,18.53
2026-01-13T04:00:00,4.0,1,0,16.49,75.11,0.0,0.0,1.427,4.5,224.36,49.9,1,0.0,1.191,3.513,4.135,19.68
2026-01-13T04:15:00,4.25,1,0,19.8,71.69,0.0,0.0,1.097,4.5,226.26,49.99,1,0.035,1.216,3.708,4.276,22.59
2026-01-13T04:30:00,4.5,1,0,16.86,77.96,0.0,0.0,1.189,4.5,229.34,50.14,1,0.152,2.104,4.937,4.559,18.97
2026-01-13T04:45:00,4.75,1,0,19.14,72.2,0.0,0.0,1.061,4.5,228.11,50.0,1,0.0,2.106,5.359,4.492,22.13
2026-01-13T05:00:00,5.0,1,0,18.11,75.04,0.0,0.0,1.183,4.5,230.07,49.96,1,0.0,2.38,6.199,4.261,21.01
2026-01-13T05:15:00,5.25,1,0,18.31,75.65,0.0,0.0,1.323,4.5,222.09,49.94,1,0.322,2.152,6.584,3.889,20.84
2026-01-13T05:30:00,5.5,1,0,19.14,73.59,0.0,0.0,1.963,4.5,226.77,50.04,1,1.173,2.241,6.853,4.255,20.91
2026-01-13T05:45:00,5.75,1,0,21.63,70.91,0.0,0.0,1.745,4.5,230.05,50.19,1,1.506,2.351,6.402,4.151,23.96
2026-01-13T06:00:00,6.0,1,0,21.73,68.12,0.0,0.0,2.282,7.0,232.55,50.03,1,2.176,3.342,6.561,3.96,25.53
2026-01-13T06:15:00,6.25,1,0,21.45,77.21,31.09,0.28,2.236,7.0,226.81,50.03,1,2.383,3.783,7.584,3.614,23.33
2026-01-13T06:30:00,6.5,1,0,23.14,66.83,105.07,0.946,2.684,7.0,241.56,50.0,1,3.119,4.589,7.686,4.126,25.16
2026-01-13T06:45:00,6.75,1,0,20.69,67.21,181.58,1.634,2.605,7.0,232.48,49.87,1,3.295,3.995,7.254,3.135,23.6
2026-01-13T07:00:00,7.0,1,0,23.05,64.95,240.41,2.164,3.601,7.0,230.24,50.17,1,4.023,4.179,8.323,1.512,25.46
2026-01-13T07:15:00,7.25,1,0,23.68,63.02,284.48,2.56,3.68,7.0,238.69,49.92,1,4.904,4.162,8.282,2.735,27.46
2026-01-13T07:30:00,7.5,1,0,23.47,67.54,332.01,2.988,4.331,7.0,227.28,49.93,1,4.496,4.48,8.136,2.105,26.5
2026-01-13T07:45:00,7.75,1,0,25.44,59.51,380.0,3.42,4.185,7.0,234.24,50.08,1,5.169,4.168,8.489,1.95,27.61
2026-01-13T08:00:00,8.0,1,0,24.13,66.65,464.08,4.177,4.341,7.0,228.78,49.92,1,5.711,4.603,8.54,2.855,27.7
2026-01-13T08:15:00,8.25,1,0,24.9,65.41,506.43,4.558,4.432,7.0,233.14,50.09,1,5.872,4.799,7.881,2.453,27.56
2026-01-13T08:30:00,8.5,1,0,25.14,62.18,530.45,4.774,4.648,7.0,228.84,50.17,1,6.524,4.326,7.883,2.479,27.93
2026-01-13T08:45:00,8.75,1,0,25.66,63.39,575.19,5.177,4.518,7.0,230.81,50.09,1,6.789,4.302,8.604,2.363,28.26
2026-01-13T09:00:00,9.0,1,0,26.04,57.48,640.29,5.763,4.6,7.0,234.92,50.0,1,6.901,3.785,7.611,3.063,28.36
2026-01-13T09:15:00,9.25,1,0,27.32,59.16,679.96,6.12,4.526,7.0,231.13,49.81,1,7.195,3.95,7.63,1.753,29.61
2026-01-13T09:30:00,9.5,1,0,28.01,61.8,726.54,6.539,4.251,7.0,229.15,50.07,1,7.586,3.241,7.378,2.17,30.35
2026-01-13T09:45:00,9.75,1,0,28.87,58.22,755.26,6.797,4.355,7.0,224.27,50.03,1,7.663,2.967,7.611,2.374,31.05
2026-01-13T10:00:00,10.0,1,0,29.75,57.9,769.31,6.924,3.737,7.0,226.93,49.84,1,8.198,2.139,7.134,2.678,31.48
2026-01-13T10:15:00,10.25,1,0,29.9,53.47,811.61,7.305,3.98,7.0,230.43,50.14,1,7.96,2.457,6.993,2.092,32.67
2026-01-13T10:30:00,10.5,1,0,31.46,51.61,851.48,7.663,3.327,7.0,234.43,49.95,1,8.14,2.111,7.017,3.407,34.56
2026-01-13T10:45:00,10.75,1,0,30.69,58.87,845.21,7.607,3.047,7.0,228.7,49.84,1,8.214,2.63,5.604,2.669,32.85
2026-01-13T11:00:00,11.0,1,0,30.25,52.43,879.62,7.917,2.027,7.0,230.49,49.93,1,8.334,2.203,5.605,2.531,32.99
2026-01-13T11:15:00,11.25,1,0,31.78,50.8,880.65,7.926,2.788,7.0,227.6,50.18,1,7.965,2.737,5.371,2.437,34.54
2026-01-13T11:30:00,11.5,1,0,32.0,46.92,922.22,8.3,2.177,7.0,232.15,50.14,1,7.983,2.503,5.213,2.337,34.79
2026-01-13T11:45:00,11.75,1,0,31.32,49.09,911.68,8.205,2.449,7.0,233.54,49.97,1,8.029,2.385,4.854,2.491,34.4
2026-01-13T12:00:00,12.0,1,0,30.4,54.17,906.43,8.158,2.205,7.0,234.34,50.05,1,8.002,2.301,4.414,3.053,32.56
2026-01-13T12:15:00,12.25,1,0,32.8,51.42,891.25,8.021,2.511,7.0,234.41,50.1,1,7.773,2.095,2.829,2.172,35.5
2026-01-13T12:30:00,12.5,1,0,34.78,46.6,898.49,8.086,2.333,7.0,226.05,49.81,1,7.377,2.59,3.225,3.219,37.91
2026-01-13T12:45:00,12.75,1,0,32.61,52.94,904.09,8.137,2.355,7.0,228.33,50.06,1,7.6,2.631,2.521,3.542,35.24
2026-01-13T13:00:00,13.0,1,0,31.74,50.24,860.21,7.742,2.325,7.0,230.91,50.06,1,6.949,2.311,2.428,4.156,34.55
2026-01-13T13:15:00,13.25,1,0,31.46,55.53,867.17,7.805,1.837,7.0,223.71,50.18,1,6.931,2.615,1.822,4.272,33.0
2026-01-13T13:30:00,13.5,1,0,32.54,47.31,824.4,7.42,2.316,7.0,219.21,49.98,1,6.941,2.292,1.666,5.055,34.42
2026-01-13T13:45:00,13.75,1,0,32.38,48.53,828.47,7.456,2.238,7.0,232.61,50.04,1,6.141,2.73,0.784,4.62,35.16
2026-01-13T14:00:00,14.0,1,0,32.9,48.98,775.33,6.978,2.288,7.0,232.92,50.06,1,5.894,1.887,0.0,4.26,35.34
2026-01-13T14:15:00,14.25,1,0,32.96,51.96,749.15,6.742,2.413,7.0,226.26,49.88,1,5.226,1.843,0.0,4.755,36.02
2026-01-13T14:30:00,14.5,1,0,33.44,46.65,760.67,6.846,2.645,7.0,233.16,49.99,1,4.877,1.972,0.0,4.963,35.36
2026-01-13T14:45:00,14.75,1,0,32.64,49.81,652.91,5.876,2.715,7.0,225.69,50.04,1,4.74,3.117,0.552,4.846,34.95
2026-01-13T15:00:00,15.0,1,0,32.33,54.47,655.99,5.904,1.946,7.0,234.18,50.1,1,3.875,2.343,0.0,5.486,35.07
2026-01-13T15:15:00,15.25,1,0,32.84,46.38,589.24,5.303,2.179,7.0,233.87,49.94,1,3.728,2.929,0.599,5.757,35.15
2026-01-13T15:30:00,15.5,1,0,30.45,54.06,542.89,4.886,2.051,7.0,234.24,50.02,1,2.72,3.061,0.065,6.076,31.84
2026-01-13T15:45:00,15.75,1,0,33.16,48.16,514.92,4.634,2.713,7.0,225.93,49.86,1,2.56,3.712,0.226,7.148,35.7
2026-01-13T16:00:00,16.0,1,0,30.47,49.03,428.14,3.853,2.418,7.0,226.13,49.89,1,1.688,4.033,0.547,6.489,32.04
2026-01-13T16:15:00,16.25,1,0,32.08,48.83,385.62,3.471,2.839,7.0,230.97,50.12,1,1.693,3.841,0.0,6.684,34.43
2026-01-13T16:30:00,16.5,1,0,31.75,50.06,331.71,2.985,3.116,7.0,230.95,49.83,1,1.194,4.378,0.0,5.924,34.65
2026-01-13T16:45:00,16.75,1,0,31.32,52.18,293.78,2.644,3.564,7.0,231.69,50.05,1,0.692,4.325,0.111,5.559,33.5
2026-01-13T17:00:00,17.0,1,0,31.23,50.32,198.43,1.786,4.051,7.0,227.22,49.95,1,0.029,4.173,0.115,5.085,33.4
2026-01-13T17:15:00,17.25,1,0,30.71,49.7,171.04,1.539,3.99,7.0,231.45,50.09,1,0.061,4.82,0.0,5.275,32.12
2026-01-13T17:30:00,17.5,1,0,32.2,49.09,121.29,1.092,4.573,7.0,235.11,50.15,1,0.048,5.271,0.076,5.545,35.09
2026-01-13T17:45:00,17.75,1,0,30.22,54.34,59.09,0.532,4.521,7.0,233.59,49.93,1,0.057,4.865,0.507,4.733,32.04
2026-01-13T18:00:00,18.0,1,0,26.8,62.89,0.0,0.0,4.154,11.5,226.86,50.07,1,0.046,5.602,0.0,3.983,29.71
2026-01-13T18:15:00,18.25,1,0,28.67,60.94,0.0,0.0,4.922,11.5,223.35,50.03,1,0.013,6.307,0.295,3.893,31.5
2026-01-13T18:30:00,18.5,1,0,28.56,56.75,0.0,0.0,5.441,11.5,232.79,49.9,1,0.196,5.988,0.0,3.196,31.2
2026-01-13T18:45:00,18.75,1,0,27.33,58.76,0.0,0.0,5.051,11.5,227.59,49.97,1,0.036,6.639,0.818,2.154,29.58
2026-01-13T19:00:00,19.0,1,0,26.34,61.24,0.0,0.0,5.605,11.5,235.23,49.99,1,0.0,6.836,0.0,2.593,28.94
2026-01-13T19:15:00,19.25,1,0,25.92,62.19,0.0,0.0,6.117,11.5,235.04,49.94,1,0.0,6.234,0.062,2.183,28.69
2026-01-13T19:30:00,19.5,1,0,27.28,53.96,0.0,0.0,5.901,11.5,228.83,49.94,1,0.136,5.864,0.0,2.54,30.2
2026-01-13T19:45:00,19.75,1,0,25.59,57.43,0.0,0.0,6.438,11.5,233.64,49.96,1,0.0,5.533,0.0,2.555,27.99
2026-01-13T20:00:00,20.0,1,0,24.25,58.47,0.0,0.0,6.745,11.5,230.52,49.98,1,0.0,5.485,0.102,0.877,26.04
2026-01-13T20:15:00,20.25,1,0,23.89,65.47,0.0,0.0,6.516,11.5,229.52,49.83,1,0.0,5.575,0.247,0.83,25.87
2026-01-13T20:30:00,20.5,1,0,23.47,67.51,0.0,0.0,5.796,11.5,233.67,50.0,1,0.09,5.581,0.0,0.4,25.92
2026-01-13T20:45:00,20.75,1,0,22.17,68.02,0.0,0.0,5.861,11.5,232.89,49.82,1,0.066,4.75,0.0,1.384,24.17
2026-01-13T21:00:00,21.0,1,0,24.8,63.0,0.0,0.0,5.456,11.5,232.5,50.05,1,0.062,4.291,0.0,1.611,27.81
2026-01-13T21:15:00,21.25,1,0,23.55,67.88,0.0,0.0,5.599,11.5,229.05,49.96,1,0.0,4.185,0.243,1.615,25.77
2026-01-13T21:30:00,21.5,1,0,21.93,69.33,0.0,0.0,5.356,11.5,228.06,50.02,1,0.052,3.837,0.388,1.741,24.12
2026-01-13T21:45:00,21.75,1,0,22.11,72.21,0.0,0.0,4.813,11.5,230.05,49.81,1,0.047,2.923,0.0,0.578,24.43
2026-01-13T22:00:00,22.0,1,0,21.42,71.28,0.0,0.0,4.076,4.5,230.77,50.25,1,0.0,2.777,0.524,1.256,24.1
2026-01-13T22:15:00,22.25,1,0,20.21,63.99,0.0,0.0,3.892,4.5,231.95,50.13,1,0.0,2.01,0.284,1.378,22.58
2026-01-13T22:30:00,22.5,1,0,20.13,76.48,0.0,0.0,3.745,4.5,237.04,50.01,1,0.0,2.625,0.0,1.004,22.84
2026-01-13T22:45:00,22.75,1,0,16.97,82.31,0.0,0.0,2.876,4.5,229.59,50.0,1,0.0,2.795,0.0,1.029,18.67
2026-01-13T23:00:00,23.0,1,0,16.99,79.39,0.0,0.0,2.698,4.5,229.0,49.96,1,0.0,0.912,0.0,1.903,19.48
2026-01-13T23:15:00,23.25,1,0,19.14,73.36,0.0,0.0,2.269,4.5,227.38,49.99,1,0.07,1.218,0.0,1.446,21.28
2026-01-13T23:30:00,23.5,1,0,19.26,73.41,0.0,0.0,2.421,4.5,232.71,49.83,1,0.0,1.069,0.0,0.999,21.77
2026-01-13T23:45:00,23.75,1,0,18.49,75.83,0.0,0.0,2.509,4.5,226.87,50.07,1,0.08,0.878,0.0,1.322,20.11
2026-01-14T00:00:00,0.0,2,0,17.25,83.2,0.0,0.0,0.926,4.5,230.66,49.89,1,0.167,1.628,0.202,1.511,20.36
2026-01-14T00:15:00,0.25,2,0,17.11,75.15,0.0,0.0,1.047,4.5,233.29,50.04,1,0.057,1.11,0.24,1.029,19.87
2026-01-14T00:30:00,0.5,2,0,20.73,70.95,0.0,0.0,1.102,4.5,232.53,49.92,1,0.0,1.572,0.043,1.761,23.1
2026-01-14T00:45:00,0.75,2,0,17.1,80.0,0.0,0.0,0.86,4.5,226.99,49.92,1,0.0,1.023,0.0,1.642,20.08
2026-01-14T01:00:00,1.0,2,0,15.47,82.93,0.0,0.0,1.227,4.5,231.69,49.95,1,0.051,0.977,0.096,1.676,18.03
2026-01-14T01:15:00,1.25,2,0,19.18,70.15,0.0,0.0,1.175,4.5,228.24,50.01,1,0.0,1.838,0.087,1.841,20.85
2026-01-14T01:30:00,1.5,2,0,15.98,80.29,0.0,0.0,1.245,4.5,225.5,49.94,1,0.0,1.007,0.0,2.448,17.7
2026-01-14T01:45:00,1.75,2,0,17.71,81.24,0.0,0.0,1.113,4.5,230.4,49.78,1,0.026,1.531,0.301,2.379,21.12
2026-01-14T02:00:00,2.0,2,0,17.21,76.6,0.0,0.0,1.062,4.5,233.39,49.98,1,0.096,1.566,0.0,1.901,20.06
2026-01-14T02:15:00,2.25,2,0,17.47,70.35,0.0,0.0,1.313,4.5,228.37,50.03,1,0.0,1.387,1.01,1.42,20.13
2026-01-14T02:30:00,2.5,2,0,16.48,74.45,0.0,0.0,0.979,4.5,228.77,50.07,1,0.209,1.734,1.0,2.291,18.3
2026-01-14T02:45:00,2.75,2,0,16.78,71.95,0.0,0.0,1.343,4.5,230.06,50.14,1,0.0,1.624,1.919,3.639,18.7
2026-01-14T03:00:00,3.0,2,0,18.17,76.0,0.0,0.0,1.605,4.5,228.69,50.16,1,0.034,1.337,1.864,3.574,20.01
2026-01-14T03:15:00,3.25,2,0,17.0,79.16,0.0,0.0,1.4,4.5,231.06,49.98,1,0.0,0.832,2.703,3.7,19.52
2026-01-14T03:30:00,3.5,2,0,18.06,81.21,0.0,0.0,1.383,4.5,233.36,49.93,1,0.0,1.463,2.834,4.822,20.2
2026-01-14T03:45:00,3.75,2,0,18.68,74.93,0.0,0.0,1.513,4.5,227.42,49.89,1,0.302,1.849,3.639,4.46,20.83
2026-01-14T04:00:00,4.0,2,0,18.01,76.97,0.0,0.0,1.31,4.5,228.88,49.9,1,0.0,2.17,4.42,4.837,21.24
2026-01-14T04:15:00,4.25,2,0,15.56,76.91,0.0,0.0,1.053,4.5,233.58,49.97,1,0.057,1.738,4.911,4.685,17.27
2026-01-14T04:30:00,4.5,2,0,18.37,77.42,0.0,0.0,1.515,4.5,226.48,50.0,1,0.0,1.485,4.903,4.422,20.83
2026-01-14T04:45:00,4.75,2,0,18.5,78.33,0.0,0.0,1.697,4.5,232.91,50.13,1,0.0,2.022,5.678,4.661,21.02
2026-01-14T05:00:00,5.0,2,0,17.81,75.65,0.0,0.0,1.99,4.5,227.49,49.91,1,0.0,1.521,5.697,5.86,20.2
2026-01-14T05:15:00,5.25,2,0,19.25,74.22,0.0,0.0,1.63,4.5,229.78,49.91,1,0.557,2.518,6.008,4.795,22.14
2026-01-14T05:30:00,5.5,2,0,21.23,69.79,0.0,0.0,1.35,4.5,223.08,49.87,1,1.177,2.996,7.058,3.402,23.54
2026-01-14T05:45:00,5.75,2,0,20.2,72.5,0.0,0.0,2.022,4.5,230.47,50.06,1,2.077,3.277,7.158,3.959,22.19
2026-01-14T06:00:00,6.0,2,0,21.7,68.79,0.0,0.0,2.086,7.0,227.59,49.98,1,2.227,3.364,7.132,4.291,23.85
2026-01-14T06:15:00,6.25,2,0,20.69,68.86,59.54,0.536,2.358,7.0,228.03,50.11,1,2.851,3.429,7.574,3.78,23.84
2026-01-14T06:30:00,6.5,2,0,19.99,74.94,132.49,1.192,2.937,7.0,233.35,49.96,1,2.836,4.224,7.901,3.426,21.7
2026-01-14T06:45:00,6.75,2,0,21.11,74.29,207.84,1.871,3.062,7.0,237.31,50.19,1,3.707,4.686,8.145,3.312,23.74
2026-01-14T07:00:00,7.0,2,0,23.47,66.34,243.02,2.187,3.65,7.0,227.92,50.04,1,4.531,4.908,8.659,2.874,26.32
2026-01-14T07:15:00,7.25,2,0,22.85,71.61,293.18,2.639,3.73,7.0,235.0,50.16,1,5.063,4.362,8.088,2.039,24.85
2026-01-14T07:30:00,7.5,2,0,23.88,62.61,337.63,3.039,4.351,7.0,231.86,49.8,1,5.574,5.019,8.867,3.104,26.16
2026-01-14T07:45:00,7.75,2,0,26.8,61.16,398.64,3.588,4.613,7.0,228.11,49.96,1,5.712,4.788,8.018,3.253,29.05
2026-01-14T08:00:00,8.0,2,0,22.77,67.61,474.63,4.272,4.747,7.0,227.08,49.77,1,5.889,4.975,8.241,3.067,25.18
2026-01-14T08:15:00,8.25,2,0,25.19,63.14,514.07,4.627,4.428,7.0,227.18,49.96,1,6.252,4.084,8.578,2.822,27.89
2026-01-14T08:30:00,8.5,2,0,26.87,64.5,582.22,5.24,4.839,7.0,232.61,49.88,1,6.582,3.897,8.008,2.891,29.29
2026-01-14T08:45:00,8.75,2,0,28.9,58.18,622.84,5.606,4.875,7.0,224.02,49.9,1,7.053,4.185,8.618,2.675,30.77
2026-01-14T09:00:00,9.0,2,0,25.96,57.71,672.52,6.053,5.035,7.0,235.32,50.0,1,7.555,4.337,7.931,2.435,28.83
2026-01-14T09:15:00,9.25,2,0,26.2,60.31,693.84,6.245,4.202,7.0,222.18,50.06,1,7.478,4.022,7.589,1.263,28.82
2026-01-14T09:30:00,9.5,2,0,26.9,58.03,766.63,6.9,3.865,7.0,227.82,49.9,1,7.679,3.006,8.182,2.246,28.34
2026-01-14T09:45:00,9.75,2,0,28.15,65.85,781.96,7.038,4.082,7.0,239.12,49.77,1,8.181,3.197,7.576,2.832,31.15
2026-01-14T10:00:00,10.0,2,0,29.89,53.95,824.22,7.418,4.183,7.0,223.69,50.03,1,8.271,3.264,7.25,2.183,32.67
2026-01-14T10:15:00,10.25,2,0,28.61,59.28,819.97,7.38,3.587,7.0,229.49,49.69,1,8.303,2.689,7.194,2.357,31.42
2026-01-14T10:30:00,10.5,2,0,27.65,51.78,859.43,7.735,3.036,7.0,233.29,50.07,1,8.643,2.49,6.765,3.417,28.76
2026-01-14T10:45:00,10.75,2,0,31.15,53.3,897.94,8.081,3.18,7.0,228.4,49.91,1,8.425,2.191,6.675,2.207,33.01
2026-01-14T11:00:00,11.0,2,0,30.54,55.19,914.99,8.235,3.211,7.0,230.6,50.03,1,8.224,2.46,6.127,1.883,32.72
2026-01-14T11:15:00,11.25,2,0,33.85,44.23,915.16,8.236,3.002,7.0,232.2,50.04,1,8.693,2.557,5.16,2.274,36.28
2026-01-14T11:30:00,11.5,2,0,32.35,49.51,924.65,8.322,2.598,7.0,227.15,50.07,1,8.222,2.489,5.74,2.837,34.67
2026-01-14T11:45:00,11.75,2,0,32.19,55.43,940.12,8.461,2.327,7.0,228.59,50.03,1,8.871,2.759,4.303,4.015,34.71
2026-01-14T12:00:00,12.0,2,0,30.46,56.15,939.22,8.453,2.508,7.0,233.74,49.89,1,8.276,2.166,4.145,2.062,32.15
2026-01-14T12:15:00,12.25,2,0,32.43,53.1,946.56,8.519,2.369,7.0,227.88,49.94,1,7.822,1.394,3.831,3.834,34.2
2026-01-14T12:30:00,12.5,2,0,34.58,45.47,923.22,8.309,2.453,7.0,232.24,49.84,1,7.767,2.198,2.842,4.091,37.3
2026-01-14T12:45:00,12.75,2,0,33.57,50.65,940.95,8.469,2.682,7.0,230.8,49.96,1,7.586,2.749,2.604,3.363,36.47
2026-01-14T13:00:00,13.0,2,0,31.53,51.91,910.72,8.197,2.131,7.0,236.86,50.19,1,7.391,2.43,2.448,3.675,33.14
2026-01-14T13:15:00,13.25,2,0,29.87,54.29,886.07,7.975,1.456,7.0,233.54,49.98,1,7.175,2.415,1.743,4.045,32.07
2026-01-14T13:30:00,13.5,2,0,32.29,50.75,869.39,7.824,2.358,7.0,223.58,49.82,1,6.959,2.811,1.255,3.596,33.84
2026-01-14T13:45:00,13.75,2,0,32.41,52.41,830.06,7.471,2.434,7.0,239.38,49.9,1,6.801,2.779,0.234,4.256,34.64
2026-01-14T14:00:00,14.0,2,0,34.16,45.88,842.67,7.584,2.431,7.0,224.36,49.92,1,5.874,1.604,0.301,4.886,36.51
2026-01-14T14:15:00,14.25,2,0,33.53,43.45,788.89,7.1,2.522,7.0,229.58,50.03,1,5.371,2.628,0.602,3.417,35.75
2026-01-14T14:30:00,14.5,2,0,34.05,47.08,762.55,6.863,2.692,7.0,225.42,50.07,1,5.249,2.495,0.0,5.235,36.82
2026-01-14T14:45:00,14.75,2,0,34.95,43.16,734.51,6.611,2.894,7.0,230.41,49.88,1,4.842,3.042,0.0,6.229,38.0
2026-01-14T15:00:00,15.0,2,0,31.23,53.21,663.61,5.972,1.973,7.0,226.58,49.74,1,4.328,3.073,0.0,5.009,34.77
2026-01-14T15:15:00,15.25,2,0,32.69,48.98,628.8,5.659,2.431,7.0,228.26,49.95,1,3.634,3.432,0.029,5.684,34.72
2026-01-14T15:30:00,15.5,2,0,33.08,47.56,576.31,5.187,2.741,7.0,233.37,49.98,1,3.004,3.22,0.234,5.552,35.25
2026-01-14T15:45:00,15.75,2,0,32.66,46.24,527.39,4.747,3.041,7.0,232.39,49.99,1,2.726,3.225,0.0,6.719,34.74
2026-01-14T16:00:00,16.0,2,0,32.72,53.38,497.39,4.476,2.928,7.0,231.21,49.86,1,2.422,3.356,0.0,6.549,34.44
2026-01-14T16:15:00,16.25,2,0,34.03,44.76,410.09,3.691,3.285,7.0,224.61,50.02,0,1.695,3.418,0.033,5.78,36.38
2026-01-14T16:30:00,16.5,2,0,31.67,47.46,339.66,3.057,3.11,7.0,227.41,49.9,1,0.926,4.195,0.218,5.887,33.58
2026-01-14T16:45:00,16.75,2,0,30.92,53.57,320.83,2.887,2.934,7.0,236.33,50.1,1,0.445,4.22,0.03,6.046,32.77
2026-01-14T17:00:00,17.0,2,0,30.26,55.62,250.56,2.255,3.502,7.0,229.67,49.95,1,0.04,4.892,0.254,5.033,33.27
2026-01-14T17:15:00,17.25,2,0,30.59,55.77,202.53,1.823,3.638,7.0,227.77,50.12,1,0.159,4.831,0.0,4.596,33.39
2026-01-14T17:30:00,17.5,2,0,30.95,50.92,136.4,1.228,4.012,7.0,231.05,49.95,1,0.212,4.909,0.0,4.395,32.95
2026-01-14T17:45:00,17.75,2,0,28.76,59.61,56.77,0.511,4.325,7.0,236.19,49.96,1,0.0,5.487,0.0,4.464,31.67
2026-01-14T18:00:00,18.0,2,0,30.36,54.1,16.33,0.147,5.123,11.5,226.08,49.93,1,0.147,5.051,0.914,4.302,33.89
2026-01-14T18:15:00,18.25,2,0,26.61,61.06,0.0,0.0,4.477,11.5,233.69,49.95,1,0.007,5.894,0.23,2.746,29.51
2026-01-14T18:30:00,18.5,2,0,27.02,57.19,0.0,0.0,5.045,11.5,232.7,49.94,1,0.057,5.693,0.0,3.122,29.18
2026-01-14T18:45:00,18.75,2,0,28.27,52.16,0.0,0.0,5.772,11.5,222.76,49.95,1,0.0,6.129,0.0,2.83,30.98
2026-01-14T19:00:00,19.0,2,0,26.71,52.96,0.0,0.0,5.122,11.5,227.16,50.08,1,0.0,6.993,0.0,2.812,29.12
2026-01-14T19:15:00,19.25,2,0,25.92,65.17,0.0,0.0,5.946,11.5,236.63,49.83,1,0.0,5.898,0.316,2.13,28.48
2026-01-14T19:30:00,19.5,2,0,26.48,55.79,0.0,0.0,5.98,11.5,228.43,50.1,1,0.019,6.366,0.0,0.969,28.86
2026-01-14T19:45:00,19.75,2,0,25.26,58.37,0.0,0.0,6.27,11.5,231.83,49.96,1,0.0,6.307,0.183,2.455,28.38
2026-01-14T20:00:00,20.0,2,0,26.43,59.99,0.0,0.0,6.717,11.5,232.34,50.03,1,0.0,5.707,0.343,1.715,28.44
2026-01-14T20:15:00,20.25,2,0,24.57,63.74,0.0,0.0,5.671,11.5,235.91,50.04,1,0.024,4.883,0.0,0.786,26.86
2026-01-14T20:30:00,20.5,2,0,25.67,61.7,0.0,0.0,6.347,11.5,228.93,50.08,1,0.168,5.357,0.245,1.322,28.36
2026-01-14T20:45:00,20.75,2,0,23.61,64.9,0.0,0.0,6.237,11.5,233.14,49.93,1,0.0,4.591,0.013,1.754,25.87
2026-01-14T21:00:00,21.0,2,0,21.87,69.09,0.0,0.0,5.537,11.5,234.45,49.93,1,0.0,4.396,0.041,1.387,24.52
2026-01-14T21:15:00,21.25,2,0,21.04,71.34,0.0,0.0,5.146,11.5,235.76,50.01,1,0.0,3.452,0.0,1.261,23.0
2026-01-14T21:30:00,21.5,2,0,22.08,65.22,0.0,0.0,4.923,11.5,227.98,50.28,1,0.043,3.24,0.0,0.591,24.58
2026-01-14T21:45:00,21.75,2,0,21.23,69.06,0.0,0.0,4.758,11.5,236.58,49.9,1,0.097,3.141,0.248,1.027,23.4
2026-01-14T22:00:00,22.0,2,0,22.17,65.77,0.0,0.0,4.146,4.5,230.13,50.03,1,0.174,3.271,0.0,1.563,24.93
2026-01-14T22:15:00,22.25,2,0,18.56,73.25,0.0,0.0,3.362,4.5,230.64,50.05,1,0.049,2.546,0.189,1.591,21.08
2026-01-14T22:30:00,22.5,2,0,19.76,72.94,0.0,0.0,3.216,4.5,229.35,49.89,1,0.0,2.111,0.487,1.323,22.26
2026-01-14T22:45:00,22.75,2,0,19.12,74.02,0.0,0.0,3.162,4.5,222.1,50.14,1,0.319,2.031,0.263,0.84,20.62
2026-01-14T23:00:00,23.0,2,0,20.0,71.25,0.0,0.0,3.235,4.5,230.39,49.96,1,0.058,1.354,0.0,1.522,22.52
2026-01-14T23:15:00,23.25,2,0,18.4,78.39,0.0,0.0,2.464,4.5,236.12,50.01,1,0.142,0.769,0.0,0.924,20.7
2026-01-14T23:30:00,23.5,2,0,21.0,66.63,0.0,0.0,1.974,4.5,226.35,49.91,1,0.026,1.385,0.118,1.307,23.29
2026-01-14T23:45:00,23.75,2,0,18.19,69.06,0.0,0.0,2.114,4.5,233.61,50.04,1,0.0,1.563,0.0,1.271,21.19
2026-01-15T00:00:00,0.0,3,0,18.1,73.43,0.0,0.0,1.272,4.5,228.5,49.85,1,0.0,1.225,0.399,1.244,20.3
2026-01-15T00:15:00,0.25,3,0,20.74,71.59,0.0,0.0,0.816,4.5,230.75,49.97,1,0.0,1.001,0.335,1.406,24.01
2026-01-15T00:30:00,0.5,3,0,17.48,78.31,0.0,0.0,1.564,4.5,225.15,50.08,1,0.233,1.096,0.0,1.91,20.35
2026-01-15T00:45:00,0.75,3,0,16.9,74.19,0.0,0.0,1.659,4.5,230.23,50.1,1,0.093,0.842,0.162,0.616,19.27
2026-01-15T01:00:00,1.0,3,0,17.59,76.63,0.0,0.0,1.2,4.5,230.99,50.0,1,0.0,0.887,0.0,1.907,20.21
2026-01-15T01:15:00,1.25,3,0,17.34,74.92,0.0,0.0,1.048,4.5,235.15,50.04,1,0.0,0.94,0.586,1.861,20.15
2026-01-15T01:30:00,1.5,3,0,18.72,79.1,0.0,0.0,0.992,4.5,229.92,50.2,1,0.0,1.327,0.0,1.038,20.37
2026-01-15T01:45:00,1.75,3,0,14.26,83.0,0.0,0.0,0.937,4.5,227.67,49.9,1,0.12,0.993,0.28,1.666,17.07
2026-01-15T02:00:00,2.0,3,0,19.01,75.91,0.0,0.0,1.182,4.5,225.67,49.97,1,0.182,1.041,0.322,1.31,20.54
2026-01-15T02:15:00,2.25,3,0,16.84,78.29,0.0,0.0,1.23,4.5,224.38,49.87,1,0.0,1.049,0.547,3.178,18.65
2026-01-15T02:30:00,2.5,3,0,16.21,82.0,0.0,0.0,1.387,4.5,227.78,50.02,1,0.0,1.514,1.281,2.051,18.43
2026-01-15T02:45:00,2.75,3,0,17.29,74.58,0.0,0.0,1.019,4.5,231.72,49.93,1,0.075,1.538,1.428,2.685,20.42
2026-01-15T03:00:00,3.0,3,0,16.37,78.99,0.0,0.0,1.303,4.5,231.03,50.19,1,0.0,0.931,2.548,3.478,18.35
2026-01-15T03:15:00,3.25,3,0,16.98,79.04,0.0,0.0,0.628,4.5,230.22,50.05,1,0.207,1.262,2.566,3.993,19.55
2026-01-15T03:30:00,3.5,3,0,18.93,69.25,0.0,0.0,1.424,4.5,227.33,49.91,1,0.071,0.619,2.684,3.909,21.08
2026-01-15T03:45:00,3.75,3,0,17.2,74.46,0.0,0.0,1.49,4.5,224.02,50.06,1,0.082,1.255,3.409,4.255,20.51
2026-01-15T04:00:00,4.0,3,0,18.21,75.75,0.0,0.0,0.85,4.5,234.6,50.13,1,0.32,1.585,3.889,4.561,20.82
2026-01-15T04:15:00,4.25,3,0,16.82,81.21,0.0,0.0,1.409,4.5,232.45,50.09,1,0.03,1.849,4.271,5.014,19.62
2026-01-15T04:30:00,4.5,3,0,19.51,73.9,0.0,0.0,1.115,4.5,235.22,49.96,1,0.0,1.909,4.724,4.107,21.23
2026-01-15T04:45:00,4.75,3,0,18.61,76.2,0.0,0.0,1.029,4.5,233.68,50.18,1,0.009,1.358,5.342,4.12,21.15
2026-01-15T05:00:00,5.0,3,0,18.77,74.03,0.0,0.0,1.512,4.5,232.46,50.12,1,0.18,1.545,5.761,5.151,21.46
2026-01-15T05:15:00,5.25,3,0,19.07,78.42,0.0,0.0,1.688,4.5,231.25,50.03,1,0.46,2.765,5.918,4.928,21.97
2026-01-15T05:30:00,5.5,3,0,20.89,70.39,0.0,0.0,1.914,4.5,223.19,49.9,1,0.844,2.424,6.119,4.44,23.96
2026-01-15T05:45:00,5.75,3,0,20.95,69.01,0.0,0.0,1.518,4.5,235.93,49.93,1,1.488,3.02,6.606,4.413,23.8
2026-01-15T06:00:00,6.0,3,0,19.86,72.04,10.86,0.098,1.326,7.0,238.05,50.0,1,1.526,3.389,6.942,3.209,22.41
2026-01-15T06:15:00,6.25,3,0,21.46,65.09,48.91,0.44,2.882,7.0,234.75,50.0,1,2.458,3.145,6.995,3.092,23.85
2026-01-15T06:30:00,6.5,3,0,20.51,70.18,107.66,0.969,2.638,7.0,231.26,50.05,1,2.857,3.718,7.447,2.424,23.85
2026-01-15T06:45:00,6.75,3,0,22.94,68.77,171.03,1.539,2.926,7.0,232.43,49.98,0,3.597,4.146,8.007,1.806,26.03
2026-01-15T07:00:00,7.0,3,0,22.88,69.97,219.28,1.974,3.435,7.0,233.74,49.92,1,4.039,4.465,7.236,2.834,25.11
2026-01-15T07:15:00,7.25,3,0,21.93,71.78,268.44,2.416,3.349,7.0,229.01,50.09,1,4.181,4.573,7.357,2.683,25.17
2026-01-15T07:30:00,7.5,3,0,23.46,66.28,327.07,2.944,3.654,7.0,223.71,50.02,1,4.975,4.962,7.464,2.153,25.48
2026-01-15T07:45:00,7.75,3,0,21.72,67.15,389.6,3.506,4.232,7.0,230.28,50.16,1,5.11,4.721,8.485,1.902,24.65
2026-01-15T08:00:00,8.0,3,0,25.27,61.53,464.3,4.179,4.267,7.0,225.47,49.85,1,5.672,4.804,7.478,1.716,27.66
2026-01-15T08:15:00,8.25,3,0,25.66,65.05,480.71,4.326,4.542,7.0,236.14,50.03,1,5.922,4.449,7.98,2.224,28.41
2026-01-15T08:30:00,8.5,3,0,26.23,59.13,537.45,4.837,4.894,7.0,223.82,50.1,1,6.272,5.095,7.208,1.103,28.09
2026-01-15T08:45:00,8.75,3,0,26.15,61.61,586.14,5.275,4.677,7.0,230.16,50.07,1,6.669,4.207,7.219,2.284,28.09
2026-01-15T09:00:00,9.0,3,0,28.33,59.33,628.23,5.654,4.635,7.0,231.64,50.05,1,6.614,3.578,7.664,2.043,29.92
2026-01-15T09:15:00,9.25,3,0,27.41,57.42,661.49,5.953,4.544,7.0,222.08,49.92,1,6.812,2.901,7.51,1.525,29.94
2026-01-15T09:30:00,9.5,3,0,28.7,54.9,698.85,6.29,4.869,7.0,236.08,50.01,1,7.34,2.807,7.434,2.15,31.76
2026-01-15T09:45:00,9.75,3,0,26.9,56.57,735.78,6.622,4.187,7.0,235.31,49.91,1,7.341,2.582,7.632,1.806,29.28
2026-01-15T10:00:00,10.0,3,0,29.15,53.99,752.42,6.772,3.373,7.0,229.64,50.02,1,7.407,3.047,6.779,2.924,31.38
2026-01-15T10:15:00,10.25,3,0,27.63,53.32,783.59,7.052,3.073,7.0,235.31,49.97,1,7.603,2.529,7.029,2.039,30.1
2026-01-15T10:30:00,10.5,3,0,29.33,54.77,809.61,7.287,2.892,7.0,232.3,49.93,1,7.904,2.537,5.89,2.766,32.04
2026-01-15T10:45:00,10.75,3,0,29.96,53.17,836.18,7.526,2.484,7.0,230.64,49.91,1,7.837,2.162,5.589,2.069,32.68
2026-01-15T11:00:00,11.0,3,0,31.56,48.6,818.33,7.365,3.223,7.0,233.9,50.02,1,8.001,2.668,5.323,1.929,34.7
2026-01-15T11:15:00,11.25,3,0,30.92,48.01,828.26,7.454,2.685,7.0,233.99,49.97,1,8.014,2.211,5.117,3.154,32.48
2026-01-15T11:30:00,11.5,3,0,31.2,55.25,877.14,7.894,2.475,7.0,232.53,49.92,1,7.9,2.133,5.125,2.328,33.97
2026-01-15T11:45:00,11.75,3,0,33.05,51.82,869.88,7.829,2.091,7.0,228.28,50.2,1,7.571,2.06,4.591,3.25,34.98
2026-01-15T12:00:00,12.0,3,0,31.9,53.56,872.8,7.855,2.416,7.0,227.22,50.05,1,7.658,2.212,4.359,2.767,35.04
2026-01-15T12:15:00,12.25,3,0,33.24,47.43,874.87,7.874,2.384,7.0,230.01,50.09,1,7.117,2.077,3.151,3.279,35.84
2026-01-15T12:30:00,12.5,3,0,34.23,41.44,870.43,7.834,2.201,7.0,228.68,50.09,1,7.31,2.439,2.026,2.384,37.34
2026-01-15T12:45:00,12.75,3,0,31.85,52.76,841.53,7.574,2.168,7.0,230.54,50.01,1,6.917,1.711,2.556,3.142,34.86
2026-01-15T13:00:00,13.0,3,0,33.36,45.12,845.8,7.612,2.254,7.0,227.65,50.06,1,6.462,2.424,1.57,3.716,35.89
2026-01-15T13:15:00,13.25,3,0,31.99,52.86,810.76,7.297,2.277,7.0,232.44,49.96,1,6.738,2.672,1.45,4.224,34.6
2026-01-15T13:30:00,13.5,3,0,34.94,52.5,803.01,7.227,2.508,7.0,232.17,49.86,1,6.44,2.315,1.304,4.255,37.24
2026-01-15T13:45:00,13.75,3,0,34.0,48.24,769.83,6.928,1.811,7.0,233.96,50.03,1,5.726,2.563,0.944,4.6,36.45
2026-01-15T14:00:00,14.0,3,0,34.2,44.11,731.78,6.586,2.466,7.0,228.3,50.09,1,5.3,1.936,0.0,5.024,37.47
2026-01-15T14:15:00,14.25,3,0,34.07,49.83,732.88,6.596,2.482,7.0,233.36,49.93,1,5.296,2.604,0.005,5.466,36.35
2026-01-15T14:30:00,14.5,3,0,33.8,51.75,675.36,6.078,2.39,7.0,229.67,50.04,1,4.918,2.035,0.0,5.1,36.37
2026-01-15T14:45:00,14.75,3,0,33.91,45.35,651.99,5.868,2.565,7.0,235.61,49.95,1,4.285,3.13,0.095,5.542,36.14
2026-01-15T15:00:00,15.0,3,0,33.86,44.39,590.4,5.314,2.417,7.0,229.59,50.12,1,3.766,2.809,0.0,6.456,35.56
2026-01-15T15:15:00,15.25,3,0,32.7,48.63,570.07,5.131,2.62,7.0,233.26,49.93,1,3.834,3.097,0.648,6.074,36.6
2026-01-15T15:30:00,15.5,3,0,32.37,46.23,530.17,4.772,2.246,7.0,227.64,50.13,1,2.886,2.932,0.757,6.638,34.55
2026-01-15T15:45:00,15.75,3,0,32.08,54.9,479.84,4.319,2.9,7.0,234.61,49.95,1,2.427,3.03,0.131,5.898,35.18
2026-01-15T16:00:00,16.0,3,0,31.26,52.76,432.96,3.897,2.524,7.0,231.88,50.04,1,1.96,3.419,0.0,6.564,33.57
2026-01-15T16:15:00,16.25,3,0,32.01,48.5,397.13,3.574,2.77,7.0,232.17,49.96,1,1.443,3.698,0.488,5.586,34.41
2026-01-15T16:30:00,16.5,3,0,28.75,55.65,331.61,2.984,2.824,7.0,227.77,49.92,1,1.072,3.794,0.0,5.74,30.58
2026-01-15T16:45:00,16.75,3,0,29.47,57.17,272.72,2.454,3.072,7.0,225.98,50.05,1,0.366,4.622,0.0,6.155,32.27
2026-01-15T17:00:00,17.0,3,0,29.49,55.07,229.54,2.066,3.147,7.0,227.99,50.01,1,0.214,4.969,0.981,4.729,32.37
2026-01-15T17:15:00,17.25,3,0,31.3,49.15,159.1,1.432,3.689,7.0,231.86,50.1,1,0.0,5.278,0.0,5.616,33.82
2026-01-15T17:30:00,17.5,3,0,32.09,53.17,127.38,1.146,4.079,7.0,232.53,49.9,1,0.0,5.363,0.151,4.669,35.17
2026-01-15T17:45:00,17.75,3,0,30.24,50.0,48.45,0.436,4.468,7.0,232.05,49.99,1,0.143,5.617,0.15,4.302,32.06
2026-01-15T18:00:00,18.0,3,0,29.7,59.28,5.79,0.052,4.805,11.5,227.24,50.02,1,0.021,5.807,0.215,3.589,31.6
2026-01-15T18:15:00,18.25,3,0,29.58,57.47,0.0,0.0,5.429,11.5,226.81,49.74,1,0.152,5.974,0.0,4.191,32.02
2026-01-15T18:30:00,18.5,3,0,28.31,58.16,0.0,0.0,5.371,11.5,234.52,49.87,1,0.0,6.312,0.0,3.305,30.48
2026-01-15T18:45:00,18.75,3,0,27.1,60.23,0.0,0.0,5.604,11.5,229.48,49.99,1,0.117,6.233,0.0,2.972,30.6
2026-01-15T19:00:00,19.0,3,0,28.04,63.63,0.0,0.0,5.772,11.5,227.18,50.17,1,0.0,6.364,0.0,3.322,30.12
2026-01-15T19:15:00,19.25,3,0,29.06,50.02,0.0,0.0,6.006,11.5,221.15,49.81,1,0.023,6.158,0.442,1.783,31.31
2026-01-15T19:30:00,19.5,3,0,26.74,65.19,0.0,0.0,6.504,11.5,238.51,50.06,1,0.0,6.105,0.0,2.553,29.18
2026-01-15T19:45:00,19.75,3,0,26.63,57.52,0.0,0.0,6.383,11.5,230.77,49.89,1,0.0,5.478,0.0,1.949,29.03
2026-01-15T20:00:00,20.0,3,0,24.93,61.23,0.0,0.0,6.284,11.5,226.99,49.98,1,0.0,5.053,0.0,1.535,27.37
2026-01-15T20:15:00,20.25,3,0,24.11,68.85,0.0,0.0,6.132,11.5,226.75,50.05,1,0.0,5.29,0.0,1.488,26.79
2026-01-15T20:30:00,20.5,3,0,23.3,62.6,0.0,0.0,6.007,11.5,235.72,50.08,1,0.155,4.809,0.787,1.072,25.69
2026-01-15T20:45:00,20.75,3,0,23.78,63.11,0.0,0.0,6.025,11.5,230.31,49.95,1,0.0,4.465,0.105,0.823,25.65
2026-01-15T21:00:00,21.0,3,0,22.78,72.52,0.0,0.0,5.136,11.5,230.95,49.84,1,0.168,4.093,0.477,1.991,26.42
2026-01-15T21:15:00,21.25,3,0,20.42,73.8,0.0,0.0,5.557,11.5,229.16,49.97,1,0.0,3.813,0.0,1.963,23.36
2026-01-15T21:30:00,21.5,3,0,22.45,65.68,0.0,0.0,4.777,11.5,224.05,50.01,1,0.0,3.501,0.199,1.274,24.72
2026-01-15T21:45:00,21.75,3,0,21.43,70.44,0.0,0.0,4.34,11.5,226.34,49.93,1,0.0,3.019,0.23,1.707,23.51
2026-01-15T22:00:00,22.0,3,0,21.1,69.73,0.0,0.0,3.972,4.5,229.9,50.16,1,0.0,3.516,0.0,1.625,24.41
2026-01-15T22:15:00,22.25,3,0,20.85,71.21,0.0,0.0,3.76,4.5,230.28,50.11,1,0.165,2.683,0.603,0.699,22.94
2026-01-15T22:30:00,22.5,3,0,21.36,69.04,0.0,0.0,3.467,4.5,228.65,49.95,1,0.0,2.385,0.0,1.237,24.33
2026-01-15T22:45:00,22.75,3,0,21.42,68.31,0.0,0.0,3.015,4.5,227.12,50.09,1,0.01,1.926,0.0,0.86,24.36
2026-01-15T23:00:00,23.0,3,0,19.15,69.47,0.0,0.0,3.406,4.5,227.81,50.08,1,0.0,1.756,0.0,1.045,21.33
2026-01-15T23:15:00,23.25,3,0,18.39,73.73,0.0,0.0,2.642,4.5,230.68,50.18,1,0.0,1.868,0.386,1.2,20.4
2026-01-15T23:30:00,23.5,3,0,17.24,73.68,0.0,0.0,2.339,4.5,235.8,50.15,1,0.021,0.967,0.342,1.414,20.24
2026-01-15T23:45:00,23.75,3,0,19.63,70.17,0.0,0.0,2.015,4.5,221.24,50.04,1,0.0,1.144,0.198,0.738,22.91
2026-01-16T00:00:00,0.0,4,0,17.42,74.11,0.0,0.0,1.211,4.5,222.06,49.97,1,0.066,1.198,0.0,1.681,19.13
2026-01-16T00:15:00,0.25,4,0,20.12,73.23,0.0,0.0,1.813,4.5,232.29,50.21,1,0.163,1.982,0.0,0.642,23.16
2026-01-16T00:30:00,0.5,4,0,19.24,70.8,0.0,0.0,0.769,4.5,225.38,50.07,1,0.0,0.905,0.222,0.4,22.05
2026-01-16T00:45:00,0.75,4,0,19.16,76.68,0.0,0.0,0.806,4.5,232.32,49.98,1,0.0,1.029,0.0,1.289,21.95
2026-01-16T01:00:00,1.0,4,0,16.93,73.85,0.0,0.0,1.307,4.5,232.65,49.77,1,0.0,1.403,0.559,1.697,19.14
2026-01-16T01:15:00,1.25,4,0,16.91,77.81,0.0,0.0,1.614,4.5,235.13,49.96,1,0.0,0.683,0.593,1.841,19.99
2026-01-16T01:30:00,1.5,4,0,17.21,82.74,0.0,0.0,1.119,4.5,235.84,50.08,1,0.0,1.148,0.112,1.737,20.1
2026-01-16T01:45:00,1.75,4,0,17.01,77.78,0.0,0.0,1.139,4.5,227.98,49.98,1,0.0,0.917,0.0,2.041,19.78
2026-01-16T02:00:00,2.0,4,0,13.55,84.99,0.0,0.0,1.078,4.5,230.79,50.24,1,0.0,0.977,0.129,1.266,15.84
2026-01-16T02:15:00,2.25,4,0,17.24,78.77,0.0,0.0,0.991,4.5,223.38,49.92,1,0.0,1.081,0.824,2.059,19.89
2026-01-16T02:30:00,2.5,4,0,17.72,75.41,0.0,0.0,1.241,4.5,230.78,50.08,1,0.0,0.829,0.548,2.083,20.17
2026-01-16T02:45:00,2.75,4,0,16.43,81.46,0.0,0.0,1.23,4.5,229.58,50.06,1,0.256,1.135,1.399,2.426,19.09
2026-01-16T03:00:00,3.0,4,0,16.69,78.18,0.0,0.0,1.046,4.5,230.1,50.05,1,0.014,1.011,2.367,3.539,19.61
2026-01-16T03:15:00,3.25,4,0,17.72,79.49,0.0,0.0,1.089,4.5,227.72,49.91,1,0.039,0.822,2.94,3.962,20.08
2026-01-16T03:30:00,3.5,4,0,18.17,80.74,0.0,0.0,1.213,4.5,231.41,50.1,1,0.209,0.775,3.035,4.846,20.63
2026-01-16T03:45:00,3.75,4,0,18.82,73.21,0.0,0.0,1.085,4.5,230.97,50.03,1,0.07,1.301,3.302,4.286,20.37
2026-01-16T04:00:00,4.0,4,0,17.78,77.79,0.0,0.0,0.99,4.5,229.27,50.04,1,0.0,1.739,4.374,4.35,19.95
2026-01-16T04:15:00,4.25,4,0,18.31,75.99,0.0,0.0,0.879,4.5,233.54,50.05,1,0.0,1.755,4.986,4.36,20.79
2026-01-16T04:30:00,4.5,4,0,18.48,75.28,0.0,0.0,0.893,4.5,228.34,49.81,1,0.07,1.837,4.163,4.987,21.66
2026-01-16T04:45:00,4.75,4,0,18.93,76.22,0.0,0.0,1.31,4.5,230.26,49.93,1,0.163,1.836,5.431,4.06,21.08
2026-01-16T05:00:00,5.0,4,0,17.55,80.07,0.0,0.0,1.511,4.5,230.7,50.11,1,0.195,2.055,5.781,4.389,19.63
2026-01-16T05:15:00,5.25,4,0,19.04,76.55,0.0,0.0,1.518,4.5,222.45,50.02,1,0.531,2.11,5.975,4.625,20.76
2026-01-16T05:30:00,5.5,4,0,21.68,70.31,0.0,0.0,2.011,4.5,235.94,50.04,1,0.767,2.537,6.09,4.538,24.0
2026-01-16T05:45:00,5.75,4,0,19.61,73.56,0.0,0.0,1.909,4.5,228.78,49.93,1,1.439,3.038,6.637,3.831,22.26
2026-01-16T06:00:00,6.0,4,0,21.74,70.31,4.95,0.045,1.82,7.0,231.73,50.1,1,2.065,3.817,7.122,3.774,24.74
2026-01-16T06:15:00,6.25,4,0,21.66,71.99,60.86,0.548,2.259,7.0,236.96,49.98,1,2.678,4.086,7.812,3.512,24.81
2026-01-16T06:30:00,6.5,4,0,22.31,67.02,106.4,0.958,2.29,7.0,231.04,50.08,1,3.237,4.271,7.556,3.841,24.65
2026-01-16T06:45:00,6.75,4,0,19.83,68.72,150.74,1.357,2.752,7.0,226.17,50.03,1,3.505,4.695,7.77,3.207,22.27
2026-01-16T07:00:00,7.0,4,0,21.13,63.26,246.74,2.221,3.756,7.0,222.91,49.9,1,3.993,4.714,7.512,2.629,23.09
2026-01-16T07:15:00,7.25,4,0,21.23,70.6,286.24,2.576,3.996,7.0,232.04,50.16,1,4.716,4.574,8.113,2.411,23.56
2026-01-16T07:30:00,7.5,4,0,25.23,68.69,359.15,3.232,4.232,7.0,230.2,49.95,1,4.826,4.519,8.065,2.062,28.59
2026-01-16T07:45:00,7.75,4,0,27.97,62.1,369.81,3.328,4.631,7.0,225.9,50.14,1,5.421,3.908,8.3,2.659,31.42
2026-01-16T08:00:00,8.0,4,0,25.17,62.26,454.66,4.092,4.711,7.0,233.5,49.99,1,5.717,5.11,8.022,2.514,27.15
2026-01-16T08:15:00,8.25,4,0,23.1,66.85,522.23,4.7,4.423,7.0,233.48,50.06,1,6.656,4.301,8.606,1.907,24.89
2026-01-16T08:30:00,8.5,4,0,27.42,58.98,544.82,4.903,5.023,7.0,230.0,50.12,1,6.064,4.899,7.867,1.918,29.32
2026-01-16T08:45:00,8.75,4,0,25.66,60.87,613.66,5.523,4.047,7.0,231.45,50.0,1,6.492,4.429,9.505,2.038,29.13
2026-01-16T09:00:00,9.0,4,0,27.28,59.07,643.53,5.792,5.034,7.0,234.52,49.99,1,7.011,3.229,7.724,2.988,29.78
2026-01-16T09:15:00,9.25,4,0,27.3,60.64,695.17,6.257,4.343,7.0,234.59,50.02,1,7.385,3.0,6.8,2.492,29.86
2026-01-16T09:30:00,9.5,4,0,27.68,55.32,701.27,6.311,4.584,7.0,230.03,50.13,1,7.626,3.179,7.027,2.006,30.61
2026-01-16T09:45:00,9.75,4,0,28.05,58.93,738.24,6.644,4.149,7.0,226.72,49.81,1,7.569,3.275,7.558,2.392,30.7
2026-01-16T10:00:00,10.0,4,0,27.29,60.87,763.62,6.873,3.45,7.0,227.9,49.97,1,7.984,2.703,7.288,3.058,29.9
2026-01-16T10:15:00,10.25,4,0,27.74,56.71,808.87,7.28,3.107,7.0,232.93,50.03,1,7.98,2.863,6.148,1.388,30.63
2026-01-16T10:30:00,10.5,4,0,29.2,56.28,842.59,7.583,3.359,7.0,222.67,49.97,1,8.081,2.455,6.078,2.252,32.09
2026-01-16T10:45:00,10.75,4,0,32.81,45.44,836.71,7.53,3.443,7.0,234.34,50.08,1,7.962,1.898,5.875,3.556,35.27
2026-01-16T11:00:00,11.0,4,0,30.24,58.36,880.13,7.921,2.638,7.0,226.68,49.89,1,8.04,2.466,5.37,2.381,32.74
2026-01-16T11:15:00,11.25,4,0,33.59,48.19,886.54,7.979,2.76,7.0,225.61,49.87,1,8.417,1.967,5.601,1.541,35.88
2026-01-16T11:30:00,11.5,4,0,32.79,55.75,906.58,8.159,2.498,7.0,230.87,49.9,1,8.164,1.563,4.709,1.318,35.74
2026-01-16T11:45:00,11.75,4,0,31.13,54.43,896.95,8.073,2.064,7.0,223.51,50.22,1,8.675,1.619,5.065,3.235,33.66
2026-01-16T12:00:00,12.0,4,0,31.83,51.4,931.08,8.38,2.536,7.0,230.57,50.13,1,8.106,2.584,4.697,1.916,33.78
2026-01-16T12:15:00,12.25,4,0,29.47,53.77,909.25,8.183,2.181,7.0,234.59,49.81,1,7.233,2.806,2.925,2.848,32.64
2026-01-16T12:30:00,12.5,4,0,30.74,45.76,899.54,8.096,1.764,7.0,226.09,49.85,1,7.299,2.327,3.364,2.481,32.57
2026-01-16T12:45:00,12.75,4,0,30.45,49.23,943.16,8.488,1.767,7.0,224.76,50.08,1,7.633,2.557,2.197,3.815,32.35
2026-01-16T13:00:00,13.0,4,0,34.87,48.17,911.52,8.204,2.478,7.0,231.91,49.97,1,7.031,2.092,2.12,2.893,37.73
2026-01-16T13:15:00,13.25,4,0,34.2,48.27,830.85,7.478,2.564,7.0,234.58,50.0,1,6.678,1.666,1.394,3.54,36.8
2026-01-16T13:30:00,13.5,4,0,32.78,50.7,821.98,7.398,2.277,7.0,234.57,49.82,1,6.265,2.1,1.187,4.256,35.41
2026-01-16T13:45:00,13.75,4,0,32.04,47.5,831.72,7.485,2.55,7.0,225.59,50.09,1,6.176,3.047,0.203,4.603,35.09
2026-01-16T14:00:00,14.0,4,0,32.52,46.92,789.73,7.108,2.149,7.0,231.49,50.11,1,5.355,2.423,0.202,5.755,35.34
2026-01-16T14:15:00,14.25,4,0,30.24,41.82,738.41,6.646,1.578,7.0,230.88,49.9,1,5.149,2.339,0.575,3.767,33.45
2026-01-16T14:30:00,14.5,4,0,32.27,48.9,719.57,6.476,2.304,7.0,226.37,49.98,1,4.67,2.04,0.043,5.426,34.76
2026-01-16T14:45:00,14.75,4,0,35.03,46.72,693.0,6.237,2.936,7.0,236.13,50.05,1,4.775,3.075,0.297,6.227,38.23
2026-01-16T15:00:00,15.0,4,0,33.83,47.87,623.34,5.61,2.357,7.0,235.48,49.86,1,4.191,2.574,0.276,6.261,35.56
2026-01-16T15:15:00,15.25,4,0,31.11,52.54,583.2,5.249,2.289,7.0,236.11,50.11,1,3.697,2.877,0.026,5.262,32.73
2026-01-16T15:30:00,15.5,4,0,29.59,47.24,543.55,4.892,1.995,7.0,229.09,49.86,1,3.35,2.44,0.0,6.154,32.43
2026-01-16T15:45:00,15.75,4,0,32.3,51.12,530.23,4.772,2.962,7.0,230.05,49.85,1,2.455,3.464,0.423,6.043,33.81
2026-01-16T16:00:00,16.0,4,0,30.87,54.74,454.35,4.089,2.529,7.0,237.39,49.97,1,2.089,3.763,0.063,6.463,32.95
2026-01-16T16:15:00,16.25,4,0,33.25,40.84,398.52,3.587,3.062,7.0,232.05,50.06,1,1.721,3.697,0.548,6.539,34.64
2026-01-16T16:30:00,16.5,4,0,28.58,49.28,366.23,3.296,2.79,7.0,225.67,49.96,1,1.294,4.038,0.0,5.623,31.51
2026-01-16T16:45:00,16.75,4,0,31.92,50.59,305.74,2.752,3.506,7.0,232.67,50.09,1,0.502,4.459,0.357,5.5,35.05
2026-01-16T17:00:00,17.0,4,0,31.21,57.63,235.56,2.12,3.699,7.0,234.51,50.11,1,0.036,4.371,0.171,5.505,33.66
2026-01-16T17:15:00,17.25,4,0,30.91,54.28,175.24,1.577,3.709,7.0,231.19,50.14,1,0.084,5.107,0.0,5.169,34.71
2026-01-16T17:30:00,17.5,4,0,30.41,54.6,144.3,1.299,3.979,7.0,228.34,49.83,1,0.123,5.102,0.0,5.749,31.87
2026-01-16T17:45:00,17.75,4,0,29.34,49.16,58.16,0.523,4.375,7.0,234.14,49.93,1,0.036,6.015,0.0,4.97,31.88
2026-01-16T18:00:00,18.0,4,0,26.98,54.13,10.47,0.094,4.589,11.5,233.35,50.06,1,0.13,5.965,0.113,4.566,29.11
2026-01-16T18:15:00,18.25,4,0,27.83,59.72,0.0,0.0,4.764,11.5,229.4,49.92,1,0.122,5.735,0.0,3.876,30.37
2026-01-16T18:30:00,18.5,4,0,27.81,59.2,0.0,0.0,5.183,11.5,225.25,50.06,1,0.076,6.116,0.0,3.706,30.64
2026-01-16T18:45:00,18.75,4,0,28.97,58.51,0.0,0.0,6.153,11.5,232.69,49.99,1,0.246,6.282,0.0,3.551,31.96
2026-01-16T19:00:00,19.0,4,0,27.84,55.23,0.0,0.0,6.213,11.5,231.52,50.17,1,0.066,6.244,0.0,2.987,30.07
2026-01-16T19:15:00,19.25,4,0,27.38,51.97,0.0,0.0,5.787,11.5,223.25,50.0,1,0.049,6.352,0.0,2.858,31.32
2026-01-16T19:30:00,19.5,4,0,26.15,61.94,0.0,0.0,6.19,11.5,224.36,50.07,1,0.056,6.246,0.0,1.576,28.93
2026-01-16T19:45:00,19.75,4,0,25.45,62.37,0.0,0.0,6.514,11.5,222.34,50.08,1,0.069,5.542,0.0,1.65,28.12
2026-01-16T20:00:00,20.0,4,0,25.65,64.51,0.0,0.0,6.206,11.5,227.82,49.91,1,0.0,5.557,0.271,1.093,28.81
2026-01-16T20:15:00,20.25,4,0,25.06,62.59,0.0,0.0,6.384,11.5,230.15,50.06,1,0.0,5.575,0.0,1.386,27.15
2026-01-16T20:30:00,20.5,4,0,25.91,61.08,0.0,0.0,6.085,11.5,232.05,49.98,1,0.04,5.456,0.0,2.46,27.78
2026-01-16T20:45:00,20.75,4,0,23.79,66.25,0.0,0.0,5.545,11.5,225.72,49.77,1,0.002,4.997,0.0,1.73,26.79
2026-01-16T21:00:00,21.0,4,0,21.93,67.91,0.0,0.0,5.765,11.5,229.93,49.97,1,0.0,4.961,0.263,2.741,24.57
2026-01-16T21:15:00,21.25,4,0,22.18,66.68,0.0,0.0,5.311,11.5,230.97,50.07,1,0.0,3.697,0.0,1.233,24.55
2026-01-16T21:30:00,21.5,4,0,20.86,70.49,0.0,0.0,5.558,11.5,232.47,49.89,1,0.084,3.841,0.0,2.488,23.66
2026-01-16T21:45:00,21.75,4,0,22.78,69.83,0.0,0.0,4.884,11.5,227.84,50.03,1,0.033,3.962,0.153,1.045,25.6
2026-01-16T22:00:00,22.0,4,0,20.81,71.03,0.0,0.0,4.652,4.5,231.42,49.83,1,0.1,2.714,0.087,1.57,23.39
2026-01-16T22:15:00,22.25,4,0,21.33,70.47,0.0,0.0,4.004,4.5,236.07,50.08,1,0.0,2.972,0.0,2.145,23.81
2026-01-16T22:30:00,22.5,4,0,19.41,75.79,0.0,0.0,3.76,4.5,229.86,50.17,1,0.028,2.046,0.0,1.855,22.37
2026-01-16T22:45:00,22.75,4,0,18.54,66.54,0.0,0.0,3.756,4.5,229.86,50.04,1,0.0,1.767,0.067,1.387,21.16
2026-01-16T23:00:00,23.0,4,0,19.21,73.51,0.0,0.0,2.865,4.5,235.25,49.85,1,0.0,1.934,0.273,1.675,21.65
2026-01-16T23:15:00,23.25,4,0,19.77,73.97,0.0,0.0,3.0,4.5,237.12,49.99,1,0.0,1.928,0.369,1.135,22.6
2026-01-16T23:30:00,23.5,4,0,17.48,78.73,0.0,0.0,2.126,4.5,229.87,49.91,1,0.0,1.667,0.721,1.312,20.28
2026-01-16T23:45:00,23.75,4,0,16.72,74.69,0.0,0.0,1.943,4.5,229.04,49.91,1,0.0,2.507,0.0,0.787,19.55
2026-01-17T00:00:00,0.0,5,1,20.24,77.8,0.0,0.0,1.822,4.5,224.18,50.01,1,0.21,1.879,0.128,1.043,22.65
2026-01-17T00:15:00,0.25,5,1,17.47,81.57,0.0,0.0,1.935,4.5,235.18,50.0,1,0.0,1.466,0.0,1.609,20.21
2026-01-17T00:30:00,0.5,5,1,18.08,81.76,0.0,0.0,1.999,4.5,230.82,50.05,1,0.055,1.344,0.0,1.367,20.84
2026-01-17T00:45:00,0.75,5,1,17.97,70.19,0.0,0.0,2.207,4.5,221.38,50.13,1,0.013,1.681,0.0,1.952,21.01
2026-01-17T01:00:00,1.0,5,1,15.78,81.71,0.0,0.0,1.808,4.5,232.63,49.97,1,0.161,1.449,0.79,1.526,18.84
2026-01-17T01:15:00,1.25,5,1,17.97,75.28,0.0,0.0,1.395,4.5,227.78,49.97,1,0.0,2.02,0.0,2.232,20.83
2026-01-17T01:30:00,1.5,5,1,17.08,75.91,0.0,0.0,1.71,4.5,233.97,49.82,1,0.127,1.531,0.674,2.242,19.58
2026-01-17T01:45:00,1.75,5,1,17.45,76.58,0.0,0.0,1.373,4.5,222.22,49.95,1,0.097,1.747,0.0,1.779,19.76
2026-01-17T02:00:00,2.0,5,1,17.06,78.23,0.0,0.0,1.246,4.5,223.33,50.02,1,0.0,1.753,0.0,2.539,20.02
2026-01-17T02:15:00,2.25,5,1,18.21,74.1,0.0,0.0,1.951,4.5,230.53,50.0,1,0.103,1.062,0.343,3.161,20.71
2026-01-17T02:30:00,2.5,5,1,16.21,80.5,0.0,0.0,1.707,4.5,229.37,49.95,1,0.0,1.726,0.734,2.19,18.85
2026-01-17T02:45:00,2.75,5,1,16.7,75.3,0.0,0.0,1.576,4.5,222.02,50.01,1,0.018,1.406,1.011,2.918,19.44
2026-01-17T03:00:00,3.0,5,1,18.48,66.2,0.0,0.0,1.797,4.5,228.47,50.02,1,0.0,1.436,2.301,3.67,21.06
2026-01-17T03:15:00,3.25,5,1,16.21,77.58,0.0,0.0,1.29,4.5,231.53,50.02,1,0.086,1.392,2.937,3.835,18.39
2026-01-17T03:30:00,3.5,5,1,16.29,74.78,0.0,0.0,1.657,4.5,224.26,49.81,1,0.0,1.276,2.39,4.785,18.72
2026-01-17T03:45:00,3.75,5,1,18.32,68.56,0.0,0.0,1.423,4.5,232.64,50.17,1,0.027,1.984,3.546,3.831,20.94
2026-01-17T04:00:00,4.0,5,1,15.85,82.65,0.0,0.0,1.536,4.5,232.39,49.95,1,0.033,1.711,4.203,4.397,17.67
2026-01-17T04:15:00,4.25,5,1,16.34,73.12,0.0,0.0,1.549,4.5,238.71,50.06,1,0.0,2.478,4.69,4.229,19.94
2026-01-17T04:30:00,4.5,5,1,16.86,75.47,0.0,0.0,1.42,4.5,225.28,49.86,1,0.0,2.146,4.636,5.003,19.3
2026-01-17T04:45:00,4.75,5,1,18.57,69.35,0.0,0.0,1.853,4.5,235.73,50.18,1,0.0,2.418,5.072,5.565,21.31
2026-01-17T05:00:00,5.0,5,1,18.48,75.23,0.0,0.0,1.804,4.5,229.08,50.06,1,0.06,2.664,6.086,5.54,21.37
2026-01-17T05:15:00,5.25,5,1,20.3,70.75,0.0,0.0,2.117,4.5,230.97,50.19,1,0.437,2.803,5.44,4.065,22.57
2026-01-17T05:30:00,5.5,5,1,18.96,76.87,0.0,0.0,2.111,4.5,233.46,49.89,1,0.925,3.194,6.045,4.311,21.71
2026-01-17T05:45:00,5.75,5,1,20.76,67.66,0.0,0.0,2.404,4.5,227.22,49.96,1,1.575,3.376,6.361,4.273,23.38
2026-01-17T06:00:00,6.0,5,1,22.05,66.53,0.0,0.0,2.775,7.0,235.25,49.99,1,2.071,3.727,6.987,4.306,24.4
2026-01-17T06:15:00,6.25,5,1,20.89,69.38,41.0,0.369,2.857,7.0,227.67,50.0,1,2.584,3.709,6.828,4.059,23.67
2026-01-17T06:30:00,6.5,5,1,21.65,68.83,99.58,0.896,2.976,7.0,227.66,49.92,1,2.955,4.865,6.936,3.373,24.21
2026-01-17T06:45:00,6.75,5,1,23.17,66.83,171.55,1.544,3.223,7.0,230.32,49.95,1,3.631,4.327,7.569,3.981,25.13
2026-01-17T07:00:00,7.0,5,1,20.8,66.88,220.68,1.986,3.927,7.0,227.62,49.99,1,4.061,5.108,7.516,2.916,22.72
2026-01-17T07:15:00,7.25,5,1,24.61,65.64,296.07,2.665,3.692,7.0,226.7,49.99,1,4.295,4.601,7.797,3.354,28.1
2026-01-17T07:30:00,7.5,5,1,23.68,62.91,315.38,2.838,5.022,7.0,236.15,50.1,1,4.665,5.513,8.029,2.504,26.73
2026-01-17T07:45:00,7.75,5,1,25.2,63.33,394.64,3.552,4.437,7.0,231.07,50.06,1,5.458,5.419,7.693,2.617,28.39
2026-01-17T08:00:00,8.0,5,1,25.19,57.36,439.1,3.952,4.941,7.0,234.2,49.94,1,5.314,5.558,8.068,2.093,28.49
2026-01-17T08:15:00,8.25,5,1,26.09,63.42,483.28,4.35,4.862,7.0,229.24,49.95,1,5.74,4.639,8.208,3.182,28.17
2026-01-17T08:30:00,8.5,5,1,24.77,62.75,520.94,4.688,5.473,7.0,228.16,49.86,1,5.941,4.565,8.586,2.514,27.2
2026-01-17T08:45:00,8.75,5,1,28.44,58.27,590.4,5.314,5.62,7.0,224.44,50.06,1,6.624,4.952,8.193,3.035,31.49
2026-01-17T09:00:00,9.0,5,1,27.51,56.6,610.09,5.491,5.29,7.0,225.35,50.04,1,6.777,4.187,7.183,3.177,29.81
2026-01-17T09:15:00,9.25,5,1,28.16,58.33,657.76,5.92,4.873,7.0,234.07,49.83,1,7.387,3.426,7.512,3.001,30.02
2026-01-17T09:30:00,9.5,5,1,27.94,56.31,676.49,6.088,4.623,7.0,231.19,50.08,1,7.272,3.721,7.776,2.265,29.88
2026-01-17T09:45:00,9.75,5,1,29.17,58.29,740.42,6.664,4.913,7.0,235.54,49.83,1,7.551,3.424,6.802,3.367,30.68
2026-01-17T10:00:00,10.0,5,1,29.23,58.39,777.22,6.995,4.184,7.0,231.08,49.95,1,7.37,2.999,7.589,2.815,32.22
2026-01-17T10:15:00,10.25,5,1,29.8,60.48,813.75,7.324,3.625,7.0,227.42,50.01,1,7.987,2.931,6.865,2.884,32.61
2026-01-17T10:30:00,10.5,5,1,31.14,48.98,816.62,7.35,3.595,7.0,225.45,50.15,1,7.927,2.364,6.028,2.949,33.36
2026-01-17T10:45:00,10.75,5,1,29.85,51.02,834.16,7.507,3.194,7.0,222.43,49.85,1,7.594,2.534,6.113,1.879,32.05
2026-01-17T11:00:00,11.0,5,1,28.37,55.12,855.13,7.696,3.061,7.0,226.38,50.06,1,8.027,2.983,5.956,2.641,29.82
2026-01-17T11:15:00,11.25,5,1,30.6,54.35,863.3,7.77,3.037,7.0,231.88,50.07,1,7.582,3.178,5.172,2.945,33.43
2026-01-17T11:30:00,11.5,5,1,30.62,50.53,861.87,7.757,2.71,7.0,235.16,49.96,1,7.746,2.665,5.001,2.267,32.73
2026-01-17T11:45:00,11.75,5,1,30.59,50.0,871.84,7.847,2.533,7.0,224.43,50.03,1,7.842,3.243,4.119,3.461,32.43
2026-01-17T12:00:00,12.0,5,1,32.73,47.45,884.0,7.956,2.77,7.0,226.42,49.91,1,7.528,2.847,3.471,2.782,35.88
2026-01-17T12:15:00,12.25,5,1,30.84,49.4,867.21,7.805,3.049,7.0,232.13,50.12,1,7.487,2.917,3.502,3.41,33.65
2026-01-17T12:30:00,12.5,5,1,32.74,45.7,863.36,7.77,2.547,7.0,231.22,49.93,1,7.36,2.377,2.576,3.517,35.6
2026-01-17T12:45:00,12.75,5,1,32.75,48.44,863.64,7.773,3.052,7.0,229.09,49.86,1,6.841,2.84,3.161,3.446,35.09
2026-01-17T13:00:00,13.0,5,1,32.45,46.26,844.95,7.605,3.001,7.0,227.44,49.88,1,6.914,2.498,2.257,3.126,35.58
2026-01-17T13:15:00,13.25,5,1,33.63,50.15,820.46,7.384,2.758,7.0,226.96,49.89,1,6.706,2.836,1.346,4.243,36.0
2026-01-17T13:30:00,13.5,5,1,33.04,53.59,801.64,7.215,2.112,7.0,230.66,49.95,1,6.272,3.216,1.39,4.005,35.78
2026-01-17T13:45:00,13.75,5,1,33.95,46.61,764.71,6.882,3.133,7.0,223.87,50.1,1,5.753,2.649,0.296,5.474,36.7
2026-01-17T14:00:00,14.0,5,1,31.07,54.29,753.59,6.782,2.373,7.0,224.46,49.95,1,5.79,3.02,0.0,4.879,33.26
2026-01-17T14:15:00,14.25,5,1,31.35,51.12,733.68,6.603,2.761,7.0,230.13,49.89,1,5.233,2.27,0.0,5.389,34.82
2026-01-17T14:30:00,14.5,5,1,34.7,51.14,713.36,6.42,2.992,7.0,228.11,49.94,1,4.82,2.415,0.0,6.71,36.52
2026-01-17T14:45:00,14.75,5,1,30.97,49.88,649.45,5.845,2.556,7.0,230.07,50.0,1,4.455,2.907,0.839,5.585,34.04
2026-01-17T15:00:00,15.0,5,1,32.3,48.02,650.05,5.85,3.043,7.0,232.65,50.04,1,3.88,2.829,0.0,6.082,34.51
2026-01-17T15:15:00,15.25,5,1,31.54,49.47,576.42,5.188,2.499,7.0,230.63,49.99,1,3.372,3.362,0.295,6.778,34.01
2026-01-17T15:30:00,15.5,5,1,31.16,48.12,544.6,4.901,2.376,7.0,233.19,50.05,1,3.021,3.026,0.161,6.775,33.8
2026-01-17T15:45:00,15.75,5,1,30.36,50.07,486.56,4.379,2.975,7.0,222.39,49.91,1,2.388,3.716,0.0,6.319,32.32
2026-01-17T16:00:00,16.0,5,1,32.23,47.33,429.57,3.866,3.068,7.0,228.9,49.97,1,2.026,3.381,0.217,6.214,34.75
2026-01-17T16:15:00,16.25,5,1,33.12,43.94,385.07,3.466,3.457,7.0,233.35,50.02,1,1.56,4.419,0.019,6.958,35.98
2026-01-17T16:30:00,16.5,5,1,29.76,54.23,348.19,3.134,3.022,7.0,230.46,50.07,1,1.128,4.086,0.0,7.02,32.74
2026-01-17T16:45:00,16.75,5,1,31.02,54.59,256.73,2.311,3.465,7.0,223.5,50.09,1,0.356,4.644,0.611,6.011,32.94
2026-01-17T17:00:00,17.0,5,1,29.35,55.22,238.22,2.144,3.543,7.0,228.36,50.0,1,0.066,4.611,0.45,6.187,31.36
2026-01-17T17:15:00,17.25,5,1,29.2,52.9,164.44,1.48,4.188,7.0,230.31,50.14,1,0.0,5.412,1.184,5.625,31.48
2026-01-17T17:30:00,17.5,5,1,29.45,52.01,106.57,0.959,4.131,7.0,234.91,49.91,1,0.215,5.761,0.0,5.526,30.9
2026-01-17T17:45:00,17.75,5,1,29.05,55.88,47.27,0.425,4.73,7.0,231.57,50.03,1,0.058,6.279,0.0,5.285,31.92
2026-01-17T18:00:00,18.0,5,1,27.41,59.86,12.49,0.112,4.649,11.5,228.34,50.06,1,0.0,6.819,0.132,4.853,29.77
2026-01-17T18:15:00,18.25,5,1,28.19,60.09,0.0,0.0,5.31,11.5,227.79,49.96,1,0.0,6.892,0.219,4.687,30.41
2026-01-17T18:30:00,18.5,5,1,29.5,57.88,0.0,0.0,5.886,11.5,233.03,50.15,1,0.0,6.564,0.0,3.655,31.33
2026-01-17T18:45:00,18.75,5,1,28.19,61.74,0.0,0.0,5.697,11.5,227.15,50.01,1,0.315,6.644,0.0,3.231,30.39
2026-01-17T19:00:00,19.0,5,1,29.35,57.98,0.0,0.0,6.525,11.5,226.13,50.02,1,0.0,6.586,0.0,2.946,31.26
2026-01-17T19:15:00,19.25,5,1,24.84,61.58,0.0,0.0,6.691,11.5,228.28,49.97,1,0.05,6.44,0.0,3.388,27.68
2026-01-17T19:30:00,19.5,5,1,24.5,63.67,0.0,0.0,6.572,11.5,233.6,49.94,1,0.037,7.213,0.015,3.206,27.94
2026-01-17T19:45:00,19.75,5,1,25.03,61.6,0.0,0.0,6.977,11.5,226.29,50.02,1,0.0,5.639,0.0,2.295,26.69
2026-01-17T20:00:00,20.0,5,1,23.13,65.58,0.0,0.0,6.503,11.5,239.15,50.02,1,0.0,5.894,0.0,1.185,25.34
2026-01-17T20:15:00,20.25,5,1,24.22,63.55,0.0,0.0,6.371,11.5,232.23,49.92,1,0.06,5.552,0.0,1.69,26.91
2026-01-17T20:30:00,20.5,5,1,24.14,64.43,0.0,0.0,7.005,11.5,232.92,50.0,1,0.0,5.521,0.0,2.207,26.69
2026-01-17T20:45:00,20.75,5,1,23.24,67.7,0.0,0.0,5.836,11.5,226.94,49.98,1,0.0,5.613,0.386,1.497,25.49
2026-01-17T21:00:00,21.0,5,1,20.92,71.06,0.0,0.0,5.624,11.5,228.78,49.96,1,0.196,4.474,0.0,1.224,23.22
2026-01-17T21:15:00,21.25,5,1,21.69,63.12,0.0,0.0,5.565,11.5,233.51,49.78,1,0.184,4.599,0.0,0.909,23.62
2026-01-17T21:30:00,21.5,5,1,23.66,65.5,0.0,0.0,5.502,11.5,229.47,50.0,1,0.239,4.231,0.082,1.604,26.54
2026-01-17T21:45:00,21.75,5,1,20.42,70.55,0.0,0.0,5.401,11.5,222.27,50.12,1,0.032,4.031,0.225,1.554,22.53
2026-01-17T22:00:00,22.0,5,1,19.05,70.5,0.0,0.0,4.449,4.5,227.46,50.05,1,0.12,3.61,0.26,1.766,21.65
2026-01-17T22:15:00,22.25,5,1,20.56,73.39,0.0,0.0,4.761,4.5,226.69,49.84,1,0.0,3.266,0.171,1.679,22.79
2026-01-17T22:30:00,22.5,5,1,21.11,72.61,0.0,0.0,3.913,4.5,229.07,50.08,1,0.0,3.36,0.386,2.212,23.55
2026-01-17T22:45:00,22.75,5,1,21.17,71.47,0.0,0.0,3.979,4.5,230.42,50.01,1,0.083,2.054,0.0,1.061,24.07
2026-01-17T23:00:00,23.0,5,1,20.04,66.41,0.0,0.0,3.413,4.5,229.63,50.01,1,0.0,1.46,0.7,0.799,22.52
2026-01-17T23:15:00,23.25,5,1,19.67,72.65,0.0,0.0,3.21,4.5,229.75,49.96,1,0.0,1.139,0.0,1.67,21.99
2026-01-17T23:30:00,23.5,5,1,20.6,70.79,0.0,0.0,3.034,4.5,229.18,50.14,1,0.0,1.83,0.46,1.71,22.51
2026-01-17T23:45:00,23.75,5,1,20.43,66.06,0.0,0.0,2.175,4.5,228.13,49.88,1,0.016,1.474,0.028,2.033,22.76
2026-01-18T00:00:00,0.0,6,1,17.12,70.82,0.0,0.0,1.362,4.5,229.49,49.95,1,0.0,2.059,0.0,1.718,19.85
2026-01-18T00:15:00,0.25,6,1,17.95,78.31,0.0,0.0,1.222,4.5,231.26,50.1,1,0.049,2.058,0.049,1.788,21.58
2026-01-18T00:30:00,0.5,6,1,16.36,80.48,0.0,0.0,1.779,4.5,233.3,50.02,1,0.0,2.057,0.333,1.267,18.96
2026-01-18T00:45:00,0.75,6,1,17.21,80.52,0.0,0.0,1.682,4.5,232.55,49.94,1,0.033,1.934,0.076,0.902,19.4
2026-01-18T01:00:00,1.0,6,1,17.72,76.35,0.0,0.0,1.853,4.5,234.77,50.15,1,0.095,1.456,0.634,1.71,19.93
2026-01-18T01:15:00,1.25,6,1,17.6,76.99,0.0,0.0,1.856,4.5,237.01,50.01,1,0.146,1.916,0.0,2.438,19.85
2026-01-18T01:30:00,1.5,6,1,16.58,71.04,0.0,0.0,1.901,4.5,230.95,50.11,1,0.034,1.833,0.0,1.602,18.69
2026-01-18T01:45:00,1.75,6,1,17.18,76.83,0.0,0.0,1.648,4.5,223.09,49.91,1,0.0,1.885,0.294,2.106,20.13
2026-01-18T02:00:00,2.0,6,1,16.05,80.71,0.0,0.0,1.566,4.5,229.91,49.9,1,0.0,1.481,0.0,2.795,18.13
2026-01-18T02:15:00,2.25,6,1,18.46,74.9,0.0,0.0,1.817,4.5,222.66,50.13,1,0.066,2.19,0.436,2.487,20.63
2026-01-18T02:30:00,2.5,6,1,15.43,78.96,0.0,0.0,1.655,4.5,233.24,49.94,1,0.0,1.632,0.836,3.096,18.44
2026-01-18T02:45:00,2.75,6,1,18.78,77.05,0.0,0.0,1.899,4.5,233.8,49.94,1,0.164,1.738,1.723,3.993,21.05
2026-01-18T03:00:00,3.0,6,1,16.59,73.84,0.0,0.0,1.24,4.5,227.29,50.04,1,0.132,1.861,1.476,3.935,20.44
2026-01-18T03:15:00,3.25,6,1,18.4,74.6,0.0,0.0,1.91,4.5,221.11,49.94,1,0.376,1.573,2.835,4.876,21.51
2026-01-18T03:30:00,3.5,6,1,18.5,74.97,0.0,0.0,1.615,4.5,232.14,49.96,1,0.299,1.598,2.894,4.3,19.42
2026-01-18T03:45:00,3.75,6,1,17.12,75.94,0.0,0.0,1.665,4.5,233.48,49.98,1,0.039,1.281,3.164,4.373,19.69
2026-01-18T04:00:00,4.0,6,1,16.25,80.07,0.0,0.0,1.613,4.5,232.21,50.0,1,0.026,1.41,3.34,4.243,19.2
2026-01-18T04:15:00,4.25,6,1,19.74,71.99,0.0,0.0,1.73,4.5,231.73,49.92,1,0.158,1.757,4.478,4.642,22.5
2026-01-18T04:30:00,4.5,6,1,18.2,69.45,0.0,0.0,1.639,4.5,234.25,50.13,1,0.382,1.775,4.603,4.753,21.27
2026-01-18T04:45:00,4.75,6,1,18.53,75.23,0.0,0.0,1.287,4.5,222.34,49.92,1,0.0,2.252,4.206,5.511,21.05
2026-01-18T05:00:00,5.0,6,1,19.3,75.11,0.0,0.0,1.559,4.5,233.97,50.08,1,0.0,2.523,5.599,4.899,21.73
2026-01-18T05:15:00,5.25,6,1,21.25,76.27,0.0,0.0,2.02,4.5,235.41,49.86,1,0.285,2.778,5.554,5.026,23.05
2026-01-18T05:30:00,5.5,6,1,19.86,72.8,0.0,0.0,1.561,4.5,233.71,49.95,1,0.722,3.23,5.593,4.506,21.63
2026-01-18T05:45:00,5.75,6,1,22.55,67.57,0.0,0.0,2.371,4.5,226.8,50.07,1,1.181,3.387,6.238,4.395,26.27
2026-01-18T06:00:00,6.0,6,1,21.2,67.86,3.7,0.033,2.591,7.0,223.91,49.93,1,1.873,4.151,6.408,4.554,23.46
2026-01-18T06:15:00,6.25,6,1,21.5,67.78,62.4,0.562,2.748,7.0,228.37,50.06,1,2.479,4.758,6.818,3.036,24.64
2026-01-18T06:30:00,6.5,6,1,21.52,67.88,93.82,0.844,3.414,7.0,226.57,49.95,1,2.853,4.189,7.55,3.421,23.87
2026-01-18T06:45:00,6.75,6,1,21.24,70.25,135.36,1.218,3.711,7.0,228.74,50.07,1,3.473,4.442,7.486,3.305,23.71
2026-01-18T07:00:00,7.0,6,1,23.05,64.69,181.64,1.635,3.88,7.0,225.1,49.91,1,3.822,4.653,6.715,2.961,26.14
2026-01-18T07:15:00,7.25,6,1,24.63,67.44,272.97,2.457,4.332,7.0,229.28,49.77,1,3.987,5.098,7.271,3.662,26.55
2026-01-18T07:30:00,7.5,6,1,22.56,68.98,324.52,2.921,4.319,7.0,234.49,50.16,1,4.136,4.727,7.58,3.263,25.02
2026-01-18T07:45:00,7.75,6,1,23.72,61.09,371.56,3.344,4.515,7.0,228.73,50.25,1,4.923,4.986,6.85,2.734,25.8
2026-01-18T08:00:00,8.0,6,1,27.21,54.25,407.31,3.666,4.845,7.0,229.92,50.05,1,5.213,4.103,7.374,2.337,29.18
2026-01-18T08:15:00,8.25,6,1,25.45,56.61,442.56,3.983,4.8,7.0,229.07,50.21,1,5.847,4.789,7.141,2.655,28.25
2026-01-18T08:30:00,8.5,6,1,25.77,62.73,464.24,4.178,5.094,7.0,234.89,49.97,1,6.119,4.985,7.359,3.065,28.04
2026-01-18T08:45:00,8.75,6,1,25.77,60.96,542.04,4.878,4.994,7.0,231.53,50.01,1,6.32,4.443,6.949,2.688,27.78
2026-01-18T09:00:00,9.0,6,1,24.81,55.76,569.71,5.127,4.596,7.0,230.52,49.95,1,6.264,4.148,6.848,2.793,27.24
2026-01-18T09:15:00,9.25,6,1,27.43,61.34,632.68,5.694,4.698,7.0,224.54,49.95,1,6.383,3.806,6.663,1.914,29.75
2026-01-18T09:30:00,9.5,6,1,29.82,51.78,663.18,5.969,5.096,7.0,230.45,49.98,1,6.967,3.247,6.518,3.136,31.71
2026-01-18T09:45:00,9.75,6,1,29.86,55.98,693.34,6.24,4.738,7.0,228.06,49.92,1,6.717,3.349,6.66,3.009,32.12
2026-01-18T10:00:00,10.0,6,1,27.8,60.12,703.88,6.335,4.237,7.0,230.25,50.09,1,7.211,2.986,5.567,3.2,29.98
2026-01-18T10:15:00,10.25,6,1,27.9,60.81,732.31,6.591,3.8,7.0,232.41,50.04,1,6.49,3.086,6.375,2.463,30.73
2026-01-18T10:30:00,10.5,6,1,28.55,57.61,758.32,6.825,3.203,7.0,227.99,50.15,1,7.048,2.625,4.941,2.482,31.68
2026-01-18T10:45:00,10.75,6,1,30.95,49.18,779.46,7.015,3.716,7.0,234.06,50.17,1,7.55,2.764,5.815,3.467,33.42
2026-01-18T11:00:00,11.0,6,1,31.28,43.55,788.3,7.095,3.139,7.0,230.22,50.07,1,7.346,2.676,5.248,2.272,33.02
2026-01-18T11:15:00,11.25,6,1,30.24,54.22,749.14,6.742,3.103,7.0,221.16,49.94,1,7.474,2.058,4.892,2.862,32.39
2026-01-18T11:30:00,11.5,6,1,31.11,51.58,792.47,7.132,2.653,7.0,226.65,49.88,1,7.181,2.799,4.902,2.37,33.84
2026-01-18T11:45:00,11.75,6,1,32.6,48.04,808.56,7.277,2.91,7.0,235.78,49.89,1,7.505,2.588,4.041,2.688,35.23
2026-01-18T12:00:00,12.0,6,1,32.63,51.04,816.45,7.348,2.807,7.0,230.66,50.07,1,7.334,2.671,3.248,2.665,35.88
2026-01-18T12:15:00,12.25,6,1,31.96,45.53,802.04,7.218,2.38,7.0,233.16,50.05,1,6.786,2.247,2.895,2.571,34.72
2026-01-18T12:30:00,12.5,6,1,34.12,47.57,811.91,7.307,2.731,7.0,234.22,50.02,1,6.952,3.127,2.532,3.5,37.0
2026-01-18T12:45:00,12.75,6,1,32.82,53.61,823.89,7.415,2.73,7.0,229.71,50.02,1,6.483,2.279,2.542,2.636,35.87
2026-01-18T13:00:00,13.0,6,1,34.2,42.87,794.9,7.154,2.477,7.0,225.9,50.01,1,6.467,2.094,1.554,3.835,37.25
2026-01-18T13:15:00,13.25,6,1,31.58,56.03,751.52,6.764,2.491,7.0,232.98,50.02,1,5.854,2.09,1.108,3.892,33.59
2026-01-18T13:30:00,13.5,6,1,35.25,45.52,746.97,6.723,2.875,7.0,232.53,50.0,1,5.386,2.396,0.806,4.452,37.75
2026-01-18T13:45:00,13.75,6,1,31.93,46.72,724.92,6.524,2.574,7.0,234.03,49.89,1,5.825,3.508,0.849,4.535,33.9
2026-01-18T14:00:00,14.0,6,1,30.38,49.85,684.5,6.16,2.289,7.0,231.58,49.92,1,5.102,2.681,0.0,5.619,32.5
2026-01-18T14:15:00,14.25,6,1,35.11,45.69,679.25,6.113,2.421,7.0,231.85,49.98,1,4.629,3.209,0.0,4.744,38.11
2026-01-18T14:30:00,14.5,6,1,31.92,51.69,606.42,5.458,2.297,7.0,232.16,50.09,1,4.455,2.792,0.223,5.818,34.04
2026-01-18T14:45:00,14.75,6,1,34.8,51.5,641.47,5.773,3.328,7.0,224.68,49.89,1,3.807,3.375,0.0,6.493,37.2
2026-01-18T15:00:00,15.0,6,1,32.99,46.41,570.12,5.131,2.958,7.0,230.31,50.11,1,3.981,2.758,0.032,5.431,35.26
2026-01-18T15:15:00,15.25,6,1,32.96,47.3,511.09,4.6,3.093,7.0,229.17,50.07,1,3.364,2.686,0.0,5.706,36.35
2026-01-18T15:30:00,15.5,6,1,32.11,51.73,500.79,4.507,2.828,7.0,231.07,49.92,1,2.65,3.278,0.0,6.896,35.51
2026-01-18T15:45:00,15.75,6,1,32.84,48.23,435.69,3.921,3.018,7.0,229.25,49.87,1,2.55,3.208,0.465,6.25,35.0
2026-01-18T16:00:00,16.0,6,1,31.22,51.59,409.27,3.683,2.626,7.0,228.4,50.09,1,2.194,3.493,0.065,6.966,33.75
2026-01-18T16:15:00,16.25,6,1,30.86,49.09,358.14,3.223,2.783,7.0,225.71,50.04,1,1.727,3.879,0.103,5.938,33.1
2026-01-18T16:30:00,16.5,6,1,29.84,50.64,295.56,2.66,3.38,7.0,236.52,49.94,1,0.891,4.536,0.2,6.499,32.11
2026-01-18T16:45:00,16.75,6,1,29.31,57.39,280.72,2.526,3.128,7.0,228.12,50.12,1,0.811,4.488,0.212,6.175,31.7
2026-01-18T17:00:00,17.0,6,1,30.9,46.61,208.89,1.88,3.694,7.0,224.06,49.96,1,0.132,5.436,0.68,6.47,33.29
2026-01-18T17:15:00,17.25,6,1,30.68,53.48,186.11,1.675,4.143,7.0,236.97,50.0,1,0.0,4.61,0.0,6.812,32.74
2026-01-18T17:30:00,17.5,6,1,30.73,47.47,100.95,0.909,4.562,7.0,224.51,49.96,1,0.056,5.755,0.419,5.333,33.35
2026-01-18T17:45:00,17.75,6,1,28.9,50.61,53.38,0.48,4.518,7.0,232.3,49.97,1,0.0,5.562,0.0,4.356,31.58
2026-01-18T18:00:00,18.0,6,1,30.18,57.44,4.12,0.037,5.391,11.5,230.7,49.99,1,0.0,6.13,0.0,4.556,32.08
2026-01-18T18:15:00,18.25,6,1,26.07,65.08,0.0,0.0,5.136,11.5,230.14,49.96,1,0.0,6.445,0.0,4.318,27.93
2026-01-18T18:30:00,18.5,6,1,27.45,54.46,0.0,0.0,5.598,11.5,232.69,49.94,1,0.0,6.052,0.071,3.899,30.06
2026-01-18T18:45:00,18.75,6,1,26.51,61.98,0.0,0.0,5.85,11.5,229.2,49.93,1,0.0,6.431,0.0,2.421,29.94
2026-01-18T19:00:00,19.0,6,1,28.06,59.91,0.0,0.0,6.189,11.5,235.03,49.97,1,0.112,7.021,0.0,3.614,30.69
2026-01-18T19:15:00,19.25,6,1,28.91,57.21,0.0,0.0,6.541,11.5,222.83,50.08,1,0.0,5.936,0.158,3.031,32.24
2026-01-18T19:30:00,19.5,6,1,26.92,60.54,0.0,0.0,6.302,11.5,225.8,50.1,1,0.265,6.081,0.175,2.555,29.85
2026-01-18T19:45:00,19.75,6,1,24.64,64.89,0.0,0.0,6.497,11.5,230.92,50.13,1,0.0,6.25,0.0,2.266,27.38
2026-01-18T20:00:00,20.0,6,1,25.59,67.25,0.0,0.0,6.858,11.5,227.74,49.78,1,0.256,6.164,0.412,0.938,28.41
2026-01-18T20:15:00,20.25,6,1,25.81,69.13,0.0,0.0,5.909,11.5,236.46,49.92,1,0.174,6.304,0.636,0.921,28.66
2026-01-18T20:30:00,20.5,6,1,22.85,71.82,0.0,0.0,6.339,11.5,224.0,50.05,1,0.195,5.331,0.0,1.385,25.45
2026-01-18T20:45:00,20.75,6,1,22.74,69.85,0.0,0.0,6.143,11.5,233.27,50.06,1,0.0,4.598,0.0,1.425,25.1
2026-01-18T21:00:00,21.0,6,1,23.83,63.02,0.0,0.0,6.09,11.5,230.84,49.95,1,0.156,4.39,0.0,1.147,26.48
2026-01-18T21:15:00,21.25,6,1,23.22,61.98,0.0,0.0,6.104,11.5,224.59,49.97,1,0.0,4.083,0.0,1.606,25.45
2026-01-18T21:30:00,21.5,6,1,21.93,67.37,0.0,0.0,5.28,11.5,226.95,49.92,1,0.236,3.662,0.056,2.05,24.75
2026-01-18T21:45:00,21.75,6,1,23.83,66.95,0.0,0.0,4.961,11.5,238.25,49.92,1,0.0,3.327,0.0,0.734,26.52
2026-01-18T22:00:00,22.0,6,1,22.98,71.56,0.0,0.0,4.473,4.5,224.68,49.97,1,0.0,3.225,0.0,1.212,25.26
2026-01-18T22:15:00,22.25,6,1,20.48,68.57,0.0,0.0,4.064,4.5,226.73,50.03,1,0.117,3.324,0.046,1.851,23.0
2026-01-18T22:30:00,22.5,6,1,18.47,73.33,0.0,0.0,3.695,4.5,224.64,49.99,1,0.083,2.681,0.0,1.405,20.22
2026-01-18T22:45:00,22.75,6,1,19.32,73.26,0.0,0.0,3.444,4.5,229.57,49.99,1,0.036,2.565,0.0,2.441,21.44
2026-01-18T23:00:00,23.0,6,1,19.86,71.52,0.0,0.0,3.361,4.5,227.04,49.89,0,0.127,1.387,0.091,1.146,22.56
2026-01-18T23:15:00,23.25,6,1,20.32,71.96,0.0,0.0,3.254,4.5,227.33,50.08,1,0.104,1.141,0.0,0.671,22.65
2026-01-18T23:30:00,23.5,6,1,18.16,75.47,0.0,0.0,2.758,4.5,229.82,50.04,1,0.0,1.008,0.362,0.76,20.07
2026-01-18T23:45:00,23.75,6,1,17.81,74.57,0.0,0.0,2.565,4.5,229.77,49.89,1,0.033,1.414,0.251,1.131,20.5
2026-01-19T00:00:00,0.0,0,0,15.92,75.76,0.0,0.0,1.269,4.5,228.29,50.02,1,0.102,0.897,0.291,1.508,17.66
2026-01-19T00:15:00,0.25,0,0,17.6,76.22,0.0,0.0,1.227,4.5,228.28,50.08,1,0.185,2.16,0.0,1.392,20.83
2026-01-19T00:30:00,0.5,0,0,17.2,78.22,0.0,0.0,1.349,4.5,232.51,50.15,1,0.059,0.954,0.465,2.233,20.09
2026-01-19T00:45:00,0.75,0,0,18.59,77.57,0.0,0.0,1.449,4.5,230.35,50.0,1,0.0,1.187,0.0,1.177,20.96
2026-01-19T01:00:00,1.0,0,0,17.96,76.92,0.0,0.0,0.845,4.5,232.44,49.78,1,0.0,1.546,0.327,2.832,20.34
2026-01-19T01:15:00,1.25,0,0,14.52,81.36,0.0,0.0,1.496,4.5,232.34,49.91,1,0.0,1.18,0.0,2.112,17.14
2026-01-19T01:30:00,1.5,0,0,18.18,78.28,0.0,0.0,1.133,4.5,222.67,49.88,1,0.117,1.098,0.0,1.985,20.37
2026-01-19T01:45:00,1.75,0,0,16.73,80.9,0.0,0.0,1.198,4.5,225.47,50.1,1,0.285,1.589,0.0,1.661,19.8
2026-01-19T02:00:00,2.0,0,0,17.11,73.46,0.0,0.0,1.571,4.5,224.46,49.97,1,0.218,1.28,0.177,2.261,18.61
2026-01-19T02:15:00,2.25,0,0,15.44,81.7,0.0,0.0,1.291,4.5,235.82,50.05,1,0.0,0.657,0.15,2.357,18.01
2026-01-19T02:30:00,2.5,0,0,17.02,73.87,0.0,0.0,1.088,4.5,232.36,50.08,1,0.0,0.886,0.671,2.819,19.22
2026-01-19T02:45:00,2.75,0,0,17.47,74.11,0.0,0.0,1.683,4.5,226.79,49.99,1,0.0,0.729,1.077,3.289,20.28
2026-01-19T03:00:00,3.0,0,0,16.65,79.76,0.0,0.0,1.343,4.5,227.73,50.11,1,0.149,1.114,1.823,3.503,18.95
2026-01-19T03:15:00,3.25,0,0,17.07,83.21,0.0,0.0,0.681,4.5,228.47,50.18,1,0.0,1.031,2.009,3.459,19.71
2026-01-19T03:30:00,3.5,0,0,15.34,83.97,0.0,0.0,0.82,4.5,233.96,49.91,1,0.202,1.397,2.676,4.213,17.98
2026-01-19T03:45:00,3.75,0,0,17.98,74.06,0.0,0.0,1.011,4.5,232.41,50.07,1,0.147,1.247,3.133,3.865,19.82
2026-01-19T04:00:00,4.0,0,0,16.97,74.02,0.0,0.0,1.214,4.5,226.48,49.9,1,0.4,2.12,3.977,4.322,20.2
2026-01-19T04:15:00,4.25,0,0,17.5,76.88,0.0,0.0,1.198,4.5,228.95,50.1,1,0.107,1.525,4.38,5.251,20.09
2026-01-19T04:30:00,4.5,0,0,16.78,77.03,0.0,0.0,1.554,4.5,227.43,49.96,1,0.066,1.824,4.415,5.621,19.69
2026-01-19T04:45:00,4.75,0,0,18.97,76.45,0.0,0.0,1.192,4.5,225.87,50.0,1,0.0,2.221,4.592,4.395,21.75
2026-01-19T05:00:00,5.0,0,0,19.45,74.49,0.0,0.0,1.809,4.5,229.28,49.93,1,0.0,2.188,4.346,4.272,21.22
2026-01-19T05:15:00,5.25,0,0,19.43,75.95,0.0,0.0,1.485,4.5,228.62,50.04,1,0.671,2.055,4.853,4.15,21.61
2026-01-19T05:30:00,5.5,0,0,19.14,71.86,0.0,0.0,1.854,4.5,230.79,49.83,1,0.732,2.575,4.905,4.093,20.87
2026-01-19T05:45:00,5.75,0,0,22.54,68.42,0.0,0.0,2.18,4.5,231.17,50.15,1,1.01,3.336,5.597,3.644,26.66
2026-01-19T06:00:00,6.0,0,0,19.95,69.49,0.0,0.0,2.128,7.0,222.77,49.85,1,1.425,3.049,5.862,3.413,22.43
2026-01-19T06:15:00,6.25,0,0,19.98,67.63,57.2,0.515,2.3,7.0,233.0,50.14,1,2.147,3.644,6.641,3.483,23.38
2026-01-19T06:30:00,6.5,0,0,22.41,71.51,97.4,0.877,2.726,7.0,225.57,50.09,1,2.678,4.586,6.066,3.322,26.06
2026-01-19T06:45:00,6.75,0,0,22.18,69.54,107.83,0.97,3.024,7.0,229.09,50.03,1,3.055,4.369,6.79,2.718,24.73
2026-01-19T07:00:00,7.0,0,0,22.53,67.58,176.38,1.587,3.051,7.0,230.7,49.85,1,3.625,4.99,6.732,2.446,25.53
2026-01-19T07:15:00,7.25,0,0,23.5,74.44,252.01,2.268,3.668,7.0,235.83,50.04,1,3.804,5.01,6.401,2.946,25.5
2026-01-19T07:30:00,7.5,0,0,23.37,63.89,311.22,2.801,4.332,7.0,231.02,50.01,1,3.972,5.322,6.858,3.081,26.08
2026-01-19T07:45:00,7.75,0,0,23.75,62.59,334.88,3.014,4.334,7.0,223.16,50.04,1,4.626,4.065,6.812,1.514,26.57
2026-01-19T08:00:00,8.0,0,0,25.24,60.06,410.54,3.695,4.874,7.0,232.77,49.84,1,4.513,5.18,6.287,2.571,27.99
2026-01-19T08:15:00,8.25,0,0,21.91,70.61,422.44,3.802,4.888,7.0,225.83,50.01,1,5.498,3.832,6.293,2.807,23.82
2026-01-19T08:30:00,8.5,0,0,26.63,59.83,448.53,4.037,4.972,7.0,219.49,50.07,1,5.525,4.319,6.683,2.423,29.58
2026-01-19T08:45:00,8.75,0,0,25.17,64.59,513.99,4.626,4.177,7.0,230.1,50.07,1,5.642,3.57,6.292,2.6,27.22
2026-01-19T09:00:00,9.0,0,0,28.68,50.73,501.05,4.509,5.211,7.0,226.08,49.96,1,5.698,3.633,6.423,1.754,31.07
2026-01-19T09:15:00,9.25,0,0,26.42,58.84,590.03,5.31,4.032,7.0,229.77,50.04,1,6.236,3.699,6.899,2.284,29.85
2026-01-19T09:30:00,9.5,0,0,28.31,60.71,618.23,5.564,4.616,7.0,228.97,49.99,1,6.433,3.214,5.726,1.756,30.96
2026-01-19T09:45:00,9.75,0,0,25.49,61.98,615.97,5.544,3.517,7.0,230.43,49.93,1,6.503,2.62,6.529,1.386,28.08
2026-01-19T10:00:00,10.0,0,0,28.08,57.68,657.54,5.918,3.664,7.0,222.06,49.85,1,6.601,3.323,5.338,1.966,31.12
2026-01-19T10:15:00,10.25,0,0,28.82,58.38,674.54,6.071,3.57,7.0,233.58,49.98,1,6.56,1.756,5.419,2.24,31.09
2026-01-19T10:30:00,10.5,0,0,29.53,52.55,699.75,6.298,3.246,7.0,230.33,50.24,1,6.705,2.882,5.809,1.838,31.6
2026-01-19T10:45:00,10.75,0,0,29.21,54.8,721.02,6.489,2.844,7.0,233.5,49.84,1,7.063,2.004,5.338,1.973,31.94
2026-01-19T11:00:00,11.0,0,0,30.88,48.32,740.79,6.667,3.06,7.0,224.69,49.97,1,6.745,2.073,4.853,1.96,34.12
2026-01-19T11:15:00,11.25,0,0,30.94,56.11,735.04,6.615,2.229,7.0,227.89,50.01,1,6.55,2.473,4.383,2.503,32.96
2026-01-19T11:30:00,11.5,0,0,33.05,45.18,741.29,6.672,3.031,7.0,226.62,50.02,1,6.568,1.86,4.562,2.516,35.64
2026-01-19T11:45:00,11.75,0,0,32.47,48.23,770.48,6.934,1.957,7.0,228.83,50.05,1,6.761,2.736,3.838,2.665,35.35
2026-01-19T12:00:00,12.0,0,0,29.66,54.6,767.92,6.911,2.162,7.0,230.75,50.07,1,6.737,1.972,3.55,2.824,32.72
2026-01-19T12:15:00,12.25,0,0,32.3,47.5,752.51,6.773,2.35,7.0,227.25,49.81,1,6.557,2.316,3.247,2.122,34.61
2026-01-19T12:30:00,12.5,0,0,31.82,53.83,742.33,6.681,2.014,7.0,230.01,49.88,1,6.254,1.815,2.143,2.508,34.55
2026-01-19T12:45:00,12.75,0,0,33.67,42.24,755.61,6.801,2.528,7.0,228.29,50.04,1,6.023,1.806,2.326,3.327,35.44
2026-01-19T13:00:00,13.0,0,0,30.78,50.09,719.93,6.479,1.883,7.0,226.97,50.01,1,5.969,2.056,1.599,2.986,33.71
2026-01-19T13:15:00,13.25,0,0,32.96,53.9,742.3,6.681,2.354,7.0,234.25,49.81,1,5.656,1.982,0.867,4.0,36.18
2026-01-19T13:30:00,13.5,0,0,30.08,53.39,692.37,6.231,1.756,7.0,225.98,49.98,0,5.579,2.359,0.414,4.059,33.27
2026-01-19T13:45:00,13.75,0,0,32.58,46.51,706.81,6.361,2.172,7.0,226.85,50.05,1,5.092,2.453,0.194,5.007,35.71
2026-01-19T14:00:00,14.0,0,0,34.33,49.08,665.48,5.989,1.848,7.0,230.01,49.98,1,4.734,2.307,0.766,4.859,36.58
2026-01-19T14:15:00,14.25,0,0,33.16,47.44,615.29,5.538,2.23,7.0,226.14,49.87,1,4.596,2.565,0.0,6.194,36.55
2026-01-19T14:30:00,14.5,0,0,31.57,60.11,612.42,5.512,2.16,7.0,231.67,50.05,1,4.369,2.273,0.0,5.857,34.15
2026-01-19T14:45:00,14.75,0,0,31.96,51.97,556.33,5.007,2.11,7.0,229.73,49.95,1,3.608,2.965,0.0,5.879,35.05
2026-01-19T15:00:00,15.0,0,0,31.52,49.97,531.79,4.786,2.427,7.0,230.28,49.97,1,3.568,2.063,0.0,5.725,34.52
2026-01-19T15:15:00,15.25,0,0,31.93,47.23,504.26,4.538,2.738,7.0,228.61,49.95,1,2.85,2.355,0.0,5.842,34.25
2026-01-19T15:30:00,15.5,0,0,32.97,52.06,484.26,4.358,2.63,7.0,238.33,50.07,1,2.686,2.517,0.0,5.694,36.01
2026-01-19T15:45:00,15.75,0,0,32.45,49.38,424.9,3.824,2.877,7.0,228.82,49.99,1,2.068,3.562,0.0,5.955,34.88
2026-01-19T16:00:00,16.0,0,0,31.45,51.61,402.79,3.625,2.294,7.0,231.14,49.99,1,1.722,2.81,0.578,6.397,33.71
2026-01-19T16:15:00,16.25,0,0,30.01,53.49,348.86,3.14,2.43,7.0,229.26,49.88,1,1.158,3.911,0.816,5.498,33.62
2026-01-19T16:30:00,16.5,0,0,28.97,51.38,300.66,2.706,2.374,7.0,232.62,50.12,1,0.833,4.46,0.365,5.529,32.11
2026-01-19T16:45:00,16.75,0,0,30.27,59.15,247.62,2.229,3.338,7.0,236.02,50.13,1,0.315,3.728,0.0,6.164,32.76
2026-01-19T17:00:00,17.0,0,0,28.71,59.84,195.29,1.758,3.017,7.0,225.54,50.1,1,0.071,3.822,0.0,5.485,31.96
2026-01-19T17:15:00,17.25,0,0,29.84,52.86,143.94,1.295,3.999,7.0,230.68,50.0,1,0.0,5.274,0.064,4.618,31.8
2026-01-19T17:30:00,17.5,0,0,29.76,63.19,104.61,0.941,4.399,7.0,237.02,49.84,1,0.0,5.165,0.133,4.681,31.56
2026-01-19T17:45:00,17.75,0,0,28.82,55.3,43.97,0.396,4.088,7.0,227.89,49.96,1,0.0,6.035,0.0,4.575,31.38
2026-01-19T18:00:00,18.0,0,0,27.31,61.88,0.0,0.0,4.237,11.5,232.7,49.96,1,0.0,6.024,0.0,4.742,29.95
2026-01-19T18:15:00,18.25,0,0,30.46,58.11,0.0,0.0,5.577,11.5,230.01,50.08,1,0.0,5.622,0.0,4.091,32.47
2026-01-19T18:30:00,18.5,0,0,28.15,55.17,0.0,0.0,5.302,11.5,229.7,49.91,1,0.042,5.648,0.23,2.949,31.46
2026-01-19T18:45:00,18.75,0,0,29.28,56.79,0.0,0.0,5.628,11.5,232.39,50.0,1,0.0,6.26,0.0,3.33,31.43
2026-01-19T19:00:00,19.0,0,0,25.93,58.65,0.0,0.0,5.92,11.5,231.28,50.03,1,0.0,6.573,0.0,3.349,28.85
2026-01-19T19:15:00,19.25,0,0,27.58,57.63,0.0,0.0,5.993,11.5,228.56,49.99,1,0.27,6.381,0.0,2.683,28.83
2026-01-19T19:30:00,19.5,0,0,23.91,64.35,0.0,0.0,5.949,11.5,229.98,50.09,1,0.0,6.42,0.07,1.651,26.46
2026-01-19T19:45:00,19.75,0,0,24.55,69.36,0.0,0.0,6.288,11.5,230.58,50.01,1,0.0,6.224,0.309,2.211,26.89
2026-01-19T20:00:00,20.0,0,0,25.55,57.34,0.0,0.0,6.274,11.5,227.17,50.12,1,0.339,5.469,0.0,1.583,27.4
2026-01-19T20:15:00,20.25,0,0,25.59,65.04,0.0,0.0,6.319,11.5,228.99,49.94,1,0.0,4.854,0.0,1.366,27.07
2026-01-19T20:30:00,20.5,0,0,25.03,58.72,0.0,0.0,6.143,11.5,234.44,49.98,1,0.01,4.859,0.0,0.556,27.93
2026-01-19T20:45:00,20.75,0,0,24.8,58.91,0.0,0.0,6.0,11.5,230.4,50.1,1,0.006,4.62,0.334,1.419,27.21
2026-01-19T21:00:00,21.0,0,0,23.47,62.34,0.0,0.0,5.732,11.5,223.04,50.13,1,0.0,4.732,0.292,1.017,26.72
2026-01-19T21:15:00,21.25,0,0,21.07,74.32,0.0,0.0,4.952,11.5,219.24,50.08,1,0.0,3.731,0.0,1.068,23.59
2026-01-19T21:30:00,21.5,0,0,19.05,71.49,0.0,0.0,4.928,11.5,231.77,50.12,1,0.0,3.423,0.0,0.517,21.26
2026-01-19T21:45:00,21.75,0,0,18.76,69.8,0.0,0.0,4.637,11.5,225.79,49.92,1,0.088,3.663,0.18,0.883,21.7
2026-01-19T22:00:00,22.0,0,0,20.65,69.27,0.0,0.0,4.357,4.5,232.29,49.99,1,0.0,2.991,0.0,0.759,22.55
2026-01-19T22:15:00,22.25,0,0,21.56,72.83,0.0,0.0,3.767,4.5,224.59,50.36,1,0.146,2.617,0.0,0.69,23.23
2026-01-19T22:30:00,22.5,0,0,19.83,75.64,0.0,0.0,3.472,4.5,229.45,49.92,1,0.24,2.2,0.028,1.872,21.78
2026-01-19T22:45:00,22.75,0,0,21.58,70.43,0.0,0.0,3.444,4.5,230.39,49.93,1,0.266,2.289,0.0,1.134,25.01
2026-01-19T23:00:00,23.0,0,0,20.9,76.21,0.0,0.0,3.033,4.5,227.28,49.93,1,0.006,1.421,0.0,1.437,23.06
2026-01-19T23:15:00,23.25,0,0,18.94,74.85,0.0,0.0,2.571,4.5,229.33,49.98,1,0.0,1.183,0.073,0.735,20.98
2026-01-19T23:30:00,23.5,0,0,18.37,76.34,0.0,0.0,1.973,4.5,232.75,50.2,1,0.0,0.893,0.0,1.524,20.6
2026-01-19T23:45:00,23.75,0,0,18.93,76.83,0.0,0.0,2.436,4.5,221.98,50.05,1,0.062,1.024,0.0,1.022,21.68
2026-01-20T00:00:00,0.0,1,0,19.4,69.25,0.0,0.0,1.226,4.5,234.14,50.01,1,0.274,0.553,0.068,1.909,21.43
2026-01-20T00:15:00,0.25,1,0,16.98,75.76,0.0,0.0,1.281,4.5,226.64,49.86,1,0.0,1.018,0.09,1.63,20.06
2026-01-20T00:30:00,0.5,1,0,15.36,80.19,0.0,0.0,0.935,4.5,231.26,49.92,1,0.38,1.321,0.951,0.877,17.5
2026-01-20T00:45:00,0.75,1,0,19.79,72.22,0.0,0.0,1.219,4.5,232.67,49.96,1,0.023,1.194,0.0,1.757,22.08
2026-01-20T01:00:00,1.0,1,0,18.12,74.56,0.0,0.0,0.693,4.5,226.3,49.88,1,0.235,1.352,0.049,2.316,21.17
2026-01-20T01:15:00,1.25,1,0,17.92,81.23,0.0,0.0,1.075,4.5,235.82,49.9,1,0.0,1.367,0.0,2.238,19.52
2026-01-20T01:30:00,1.5,1,0,18.13,71.62,0.0,0.0,1.163,4.5,238.02,50.02,1,0.011,1.274,0.102,1.996,20.32
2026-01-20T01:45:00,1.75,1,0,15.12,83.05,0.0,0.0,1.18,4.5,229.15,49.83,1,0.131,1.545,0.0,1.877,18.45
2026-01-20T02:00:00,2.0,1,0,16.98,79.25,0.0,0.0,1.169,4.5,228.42,49.89,1,0.0,1.371,0.345,1.662,20.11
2026-01-20T02:15:00,2.25,1,0,17.44,70.64,0.0,0.0,1.226,4.5,234.95,50.08,1,0.288,0.972,0.422,1.597,20.15
2026-01-20T02:30:00,2.5,1,0,16.98,73.66,0.0,0.0,1.407,4.5,226.71,50.04,1,0.0,1.831,0.747,2.578,19.12
2026-01-20T02:45:00,2.75,1,0,15.64,83.85,0.0,0.0,1.229,4.5,224.11,50.03,1,0.0,1.331,1.115,2.75,18.78
2026-01-20T03:00:00,3.0,1,0,17.2,82.71,0.0,0.0,1.2,4.5,234.97,49.97,1,0.348,1.247,1.823,3.564,19.97
2026-01-20T03:15:00,3.25,1,0,18.85,71.83,0.0,0.0,1.048,4.5,234.2,50.02,1,0.0,1.588,1.966,4.093,20.76
2026-01-20T03:30:00,3.5,1,0,17.61,77.25,0.0,0.0,1.401,4.5,232.21,50.03,1,0.0,0.987,3.219,4.204,20.01
2026-01-20T03:45:00,3.75,1,0,17.8,70.98,0.0,0.0,1.315,4.5,234.61,49.96,1,0.087,1.646,2.596,5.097,20.4
2026-01-20T04:00:00,4.0,1,0,17.82,71.68,0.0,0.0,1.466,4.5,229.76,50.04,1,0.0,2.109,3.152,4.077,19.86
2026-01-20T04:15:00,4.25,1,0,18.46,79.43,0.0,0.0,1.415,4.5,234.08,49.87,1,0.152,2.117,2.53,4.613,20.98
2026-01-20T04:30:00,4.5,1,0,20.26,71.58,0.0,0.0,1.128,4.5,221.59,50.15,1,0.0,1.469,3.872,4.527,22.14
2026-01-20T04:45:00,4.75,1,0,18.29,80.06,0.0,0.0,1.458,4.5,229.0,49.94,1,0.011,2.048,4.628,5.017,20.66
2026-01-20T05:00:00,5.0,1,0,20.66,71.79,0.0,0.0,1.944,4.5,221.14,50.05,1,0.278,1.851,4.6,5.191,22.88
2026-01-20T05:15:00,5.25,1,0,17.4,76.46,0.0,0.0,1.868,4.5,229.87,50.1,1,0.492,2.63,5.0,4.773,20.09
2026-01-20T05:30:00,5.5,1,0,19.75,73.76,0.0,0.0,1.559,4.5,226.47,50.06,1,0.949,2.436,5.395,4.377,23.2
2026-01-20T05:45:00,5.75,1,0,20.24,75.4,0.0,0.0,1.939,4.5,231.3,50.12,1,1.137,2.58,5.474,4.149,22.81
2026-01-20T06:00:00,6.0,1,0,21.08,72.11,28.7,0.258,1.751,7.0,230.79,49.94,1,1.658,3.498,5.244,3.371,23.13
2026-01-20T06:15:00,6.25,1,0,22.09,72.82,38.23,0.344,2.626,7.0,228.34,49.96,1,1.882,3.854,5.482,3.628,26.27
2026-01-20T06:30:00,6.5,1,0,20.86,66.87,97.36,0.876,2.733,7.0,232.78,50.03,1,2.346,3.946,5.301,4.316,23.98
2026-01-20T06:45:00,6.75,1,0,19.46,70.39,118.98,1.071,2.924,7.0,230.27,50.05,1,2.803,4.603,6.061,3.193,21.89
2026-01-20T07:00:00,7.0,1,0,22.52,69.01,162.33,1.461,3.251,7.0,231.66,49.98,1,3.149,4.58,6.443,2.368,24.92
2026-01-20T07:15:00,7.25,1,0,26.4,66.05,233.88,2.105,3.753,7.0,225.56,50.02,1,3.254,5.113,5.618,2.894,28.88
2026-01-20T07:30:00,7.5,1,0,23.97,68.91,261.76,2.356,4.245,7.0,226.53,50.15,1,3.853,4.665,6.241,1.856,26.28
2026-01-20T07:45:00,7.75,1,0,23.54,69.4,290.4,2.614,4.624,7.0,238.93,49.96,1,4.392,4.805,6.058,3.019,26.01
2026-01-20T08:00:00,8.0,1,0,25.62,56.36,348.26,3.134,4.397,7.0,234.66,50.05,1,4.397,5.274,6.078,1.863,28.81
2026-01-20T08:15:00,8.25,1,0,25.44,58.29,366.79,3.301,4.882,7.0,231.69,49.92,1,4.497,4.365,5.938,3.025,27.66
2026-01-20T08:30:00,8.5,1,0,27.43,59.14,405.84,3.653,4.998,7.0,231.77,50.03,1,5.161,4.204,5.873,2.289,29.5
2026-01-20T08:45:00,8.75,1,0,27.71,57.7,480.21,4.322,4.991,7.0,227.11,49.88,1,5.137,4.314,6.308,1.732,29.51
2026-01-20T09:00:00,9.0,1,0,29.57,54.34,500.88,4.508,5.07,7.0,232.4,49.94,1,5.652,4.178,5.48,1.697,31.57
2026-01-20T09:15:00,9.25,1,0,28.62,56.8,533.18,4.799,4.611,7.0,234.72,49.87,1,5.623,3.694,5.74,3.454,31.27
2026-01-20T09:30:00,9.5,1,0,28.03,61.64,575.77,5.182,4.195,7.0,236.42,50.13,1,5.556,3.164,5.715,2.541,30.65
2026-01-20T09:45:00,9.75,1,0,28.49,56.45,565.52,5.09,4.285,7.0,232.69,50.07,1,5.826,3.311,5.87,3.576,31.5
2026-01-20T10:00:00,10.0,1,0,28.29,60.81,601.37,5.412,3.808,7.0,223.0,50.0,1,6.262,2.571,5.872,3.196,30.62
2026-01-20T10:15:00,10.25,1,0,29.59,51.87,607.5,5.467,3.463,7.0,224.27,49.99,1,6.417,3.071,5.004,2.19,32.39
2026-01-20T10:30:00,10.5,1,0,31.8,47.34,628.72,5.658,3.655,7.0,228.13,49.92,1,6.237,2.466,4.276,2.079,35.29
2026-01-20T10:45:00,10.75,1,0,30.91,48.33,651.41,5.863,3.205,7.0,231.3,50.14,1,6.44,2.749,5.089,2.539,33.3
2026-01-20T11:00:00,11.0,1,0,30.53,51.21,674.92,6.074,2.617,7.0,232.41,49.95,1,6.051,2.15,3.938,1.763,33.5
2026-01-20T11:15:00,11.25,1,0,31.61,52.23,697.15,6.274,2.732,7.0,235.76,50.04,1,6.208,2.157,3.922,1.825,34.24
2026-01-20T11:30:00,11.5,1,0,31.22,47.79,686.83,6.182,2.423,7.0,229.18,49.93,1,6.233,1.847,4.206,2.659,34.05
2026-01-20T11:45:00,11.75,1,0,31.1,53.92,693.06,6.238,2.467,7.0,231.12,49.93,1,6.138,2.475,3.208,2.396,33.53
2026-01-20T12:00:00,12.0,1,0,32.5,48.09,681.81,6.136,2.145,7.0,230.58,49.93,1,5.972,2.22,3.138,3.215,34.93
2026-01-20T12:15:00,12.25,1,0,34.82,43.97,680.19,6.122,2.266,7.0,227.66,50.13,1,6.065,2.639,3.102,2.992,37.47
2026-01-20T12:30:00,12.5,1,0,32.87,52.39,683.36,6.15,2.008,7.0,230.14,49.97,1,5.774,2.651,2.425,3.444,35.15
2026-01-20T12:45:00,12.75,1,0,32.32,42.43,673.47,6.061,2.359,7.0,222.67,49.95,1,6.071,2.747,1.769,2.872,34.67
2026-01-20T13:00:00,13.0,1,0,34.82,43.24,686.98,6.183,2.545,7.0,232.21,50.2,1,5.517,2.875,1.386,3.273,36.21
2026-01-20T13:15:00,13.25,1,0,32.97,47.57,656.09,5.905,2.683,7.0,228.37,49.9,1,4.943,2.227,1.171,4.247,35.77
2026-01-20T13:30:00,13.5,1,0,34.85,46.75,660.52,5.945,2.756,7.0,224.73,50.01,1,4.689,1.755,0.824,4.311,36.73
2026-01-20T13:45:00,13.75,1,0,34.02,45.16,650.6,5.855,2.612,7.0,227.99,49.92,1,4.697,2.446,0.41,3.535,37.27
2026-01-20T14:00:00,14.0,1,0,35.49,41.38,619.29,5.574,2.801,7.0,231.92,50.03,1,4.399,2.161,0.0,4.423,38.36
2026-01-20T14:15:00,14.25,1,0,34.82,41.68,573.93,5.165,2.132,7.0,227.16,50.16,1,4.351,1.837,0.229,4.892,37.16
2026-01-20T14:30:00,14.5,1,0,31.07,54.12,519.86,4.679,1.884,7.0,230.72,49.78,1,3.724,2.982,0.0,4.758,33.15
2026-01-20T14:45:00,14.75,1,0,33.99,45.47,512.87,4.616,2.532,7.0,233.53,50.06,1,3.077,2.193,0.0,5.773,35.7
2026-01-20T15:00:00,15.0,1,0,32.21,55.88,483.55,4.352,2.268,7.0,233.43,49.99,1,3.172,3.293,0.128,5.974,33.72
2026-01-20T15:15:00,15.25,1,0,32.1,48.95,467.22,4.205,2.004,7.0,231.46,49.89,1,2.606,3.246,0.0,5.818,35.06
2026-01-20T15:30:00,15.5,1,0,33.87,45.2,421.68,3.795,3.102,7.0,228.91,49.94,1,2.366,2.505,0.0,5.704,36.41
2026-01-20T15:45:00,15.75,1,0,30.98,52.85,351.05,3.159,2.338,7.0,236.57,50.07,1,1.791,2.808,0.185,6.383,33.6
2026-01-20T16:00:00,16.0,1,0,33.25,48.23,354.65,3.192,3.011,7.0,228.63,49.91,1,1.334,3.736,0.0,5.777,35.36
2026-01-20T16:15:00,16.25,1,0,31.04,61.24,304.76,2.743,2.954,7.0,228.05,50.01,1,1.38,3.398,0.23,5.34,34.48
2026-01-20T16:30:00,16.5,1,0,29.87,60.5,276.48,2.488,2.87,7.0,228.99,49.85,1,1.022,4.753,0.0,6.897,33.1
2026-01-20T16:45:00,16.75,1,0,30.29,54.0,201.46,1.813,3.084,7.0,229.62,49.84,1,0.41,3.835,0.064,5.921,32.63
2026-01-20T17:00:00,17.0,1,0,31.83,51.3,154.67,1.392,3.488,7.0,227.49,49.91,1,0.274,4.144,0.293,5.775,34.17
2026-01-20T17:15:00,17.25,1,0,29.08,51.29,133.4,1.201,3.681,7.0,235.67,50.01,1,0.089,4.862,0.0,4.841,31.78
2026-01-20T17:30:00,17.5,1,0,30.99,54.21,88.83,0.799,4.574,7.0,229.16,50.09,1,0.052,5.832,0.141,5.362,34.69
2026-01-20T17:45:00,17.75,1,0,26.63,62.26,52.98,0.477,3.503,7.0,233.51,50.16,1,0.172,6.279,0.0,4.587,29.1
2026-01-20T18:00:00,18.0,1,0,27.32,60.21,0.0,0.0,4.404,11.5,224.5,50.07,1,0.0,5.95,0.0,3.023,30.18
2026-01-20T18:15:00,18.25,1,0,29.19,52.89,0.0,0.0,4.937,11.5,224.04,49.81,1,0.008,5.687,0.0,3.472,31.75
2026-01-20T18:30:00,18.5,1,0,27.21,60.18,0.0,0.0,5.703,11.5,235.43,49.97,1,0.072,6.029,0.157,3.801,30.33
2026-01-20T18:45:00,18.75,1,0,27.99,60.29,0.0,0.0,5.704,11.5,228.54,49.88,1,0.031,6.122,0.416,2.841,31.27
2026-01-20T19:00:00,19.0,1,0,27.09,63.11,0.0,0.0,5.723,11.5,231.95,50.13,1,0.059,6.029,0.0,2.505,29.77
2026-01-20T19:15:00,19.25,1,0,28.18,61.99,0.0,0.0,6.117,11.5,232.45,49.87,1,0.0,6.257,0.0,3.455,30.39
2026-01-20T19:30:00,19.5,1,0,26.87,62.31,0.0,0.0,5.963,11.5,221.13,50.05,1,0.31,6.189,0.0,1.75,29.67
2026-01-20T19:45:00,19.75,1,0,23.14,60.97,0.0,0.0,6.284,11.5,233.64,50.01,1,0.086,6.021,0.0,2.824,25.05
2026-01-20T20:00:00,20.0,1,0,22.31,67.55,0.0,0.0,5.984,11.5,231.69,50.06,1,0.308,5.738,0.19,1.215,25.65
2026-01-20T20:15:00,20.25,1,0,25.07,65.48,0.0,0.0,5.849,11.5,228.88,49.91,1,0.009,5.346,0.0,0.42,27.28
2026-01-20T20:30:00,20.5,1,0,24.97,64.51,0.0,0.0,6.002,11.5,225.87,50.01,1,0.0,5.432,0.0,1.06,27.3
2026-01-20T20:45:00,20.75,1,0,21.49,65.38,0.0,0.0,5.965,11.5,229.8,49.9,1,0.0,4.738,0.0,0.473,23.89
2026-01-20T21:00:00,21.0,1,0,20.91,74.36,0.0,0.0,5.727,11.5,227.42,50.03,1,0.0,3.976,0.042,1.079,22.42
2026-01-20T21:15:00,21.25,1,0,21.05,67.41,0.0,0.0,5.294,11.5,231.84,50.12,1,0.263,3.989,0.0,0.909,24.37
2026-01-20T21:30:00,21.5,1,0,20.89,70.65,0.0,0.0,5.511,11.5,229.81,50.01,1,0.114,3.482,0.464,1.226,23.48
2026-01-20T21:45:00,21.75,1,0,21.33,67.47,0.0,0.0,4.84,11.5,224.99,50.11,1,0.0,2.552,0.0,1.321,24.62
2026-01-20T22:00:00,22.0,1,0,19.35,71.68,0.0,0.0,4.145,4.5,222.29,49.97,1,0.024,2.705,0.547,1.672,21.58
2026-01-20T22:15:00,22.25,1,0,19.41,72.04,0.0,0.0,3.566,4.5,222.4,49.84,1,0.168,3.283,0.456,0.682,21.68
2026-01-20T22:30:00,22.5,1,0,20.07,68.24,0.0,0.0,3.595,4.5,233.18,50.2,1,0.001,2.239,0.573,0.839,22.41
2026-01-20T22:45:00,22.75,1,0,17.93,72.39,0.0,0.0,2.773,4.5,228.94,49.95,1,0.261,2.667,0.0,1.493,20.58
2026-01-20T23:00:00,23.0,1,0,19.02,73.64,0.0,0.0,2.842,4.5,229.05,50.09,1,0.0,1.115,0.364,1.135,21.23
2026-01-20T23:15:00,23.25,1,0,17.54,79.97,0.0,0.0,2.933,4.5,229.02,50.09,1,0.141,0.782,0.0,1.729,20.35
2026-01-20T23:30:00,23.5,1,0,19.44,72.13,0.0,0.0,2.139,4.5,231.26,50.1,1,0.071,0.625,0.056,1.96,21.73
2026-01-20T23:45:00,23.75,1,0,20.11,71.96,0.0,0.0,2.504,4.5,229.87,49.87,1,0.0,1.414,0.0,0.931,22.01
2026-01-21T00:00:00,0.0,2,0,19.65,73.19,0.0,0.0,1.42,4.5,233.26,50.07,1,0.186,0.907,0.0,1.62,22.21
2026-01-21T00:15:00,0.25,2,0,16.44,77.43,0.0,0.0,0.867,4.5,222.39,49.93,1,0.291,1.483,0.507,1.506,19.49
2026-01-21T00:30:00,0.5,2,0,19.28,73.61,0.0,0.0,0.869,4.5,237.75,50.05,1,0.036,1.58,0.0,1.779,21.72
2026-01-21T00:45:00,0.75,2,0,18.83,78.97,0.0,0.0,1.403,4.5,225.93,49.98,1,0.0,1.651,0.0,0.929,21.17
2026-01-21T01:00:00,1.0,2,0,14.41,82.15,0.0,0.0,0.745,4.5,225.2,49.95,1,0.0,1.673,0.011,1.27,16.49
2026-01-21T01:15:00,1.25,2,0,16.09,82.91,0.0,0.0,1.187,4.5,224.67,50.05,1,0.0,1.11,0.0,1.082,18.79
2026-01-21T01:30:00,1.5,2,0,17.27,75.94,0.0,0.0,1.535,4.5,227.78,49.93,1,0.001,0.911,0.0,1.939,20.02
2026-01-21T01:45:00,1.75,2,0,17.11,72.5,0.0,0.0,1.536,4.5,228.07,49.92,1,0.19,1.3,0.115,1.626,18.95
2026-01-21T02:00:00,2.0,2,0,17.97,74.11,0.0,0.0,1.327,4.5,221.15,49.85,1,0.012,0.788,0.547,1.556,19.97
2026-01-21T02:15:00,2.25,2,0,14.57,83.9,0.0,0.0,0.817,4.5,229.87,50.0,1,0.0,1.511,0.433,2.422,16.99
2026-01-21T02:30:00,2.5,2,0,18.67,77.94,0.0,0.0,0.915,4.5,226.41,50.06,1,0.088,1.188,1.744,2.718,22.01
2026-01-21T02:45:00,2.75,2,0,18.05,76.89,0.0,0.0,1.498,4.5,231.88,50.11,1,0.0,0.89,1.503,2.925,20.94
2026-01-21T03:00:00,3.0,2,0,17.51,77.15,0.0,0.0,0.68,4.5,223.83,50.08,1,0.052,1.843,1.988,3.784,19.84
2026-01-21T03:15:00,3.25,2,0,18.91,75.84,0.0,0.0,1.476,4.5,234.71,50.12,1,0.002,1.476,2.548,3.983,21.45
2026-01-21T03:30:00,3.5,2,0,18.06,76.94,0.0,0.0,1.349,4.5,232.69,50.17,1,0.0,1.458,2.749,3.865,20.37
2026-01-21T03:45:00,3.75,2,0,16.22,80.15,0.0,0.0,1.043,4.5,234.82,50.05,1,0.11,1.335,3.114,4.061,17.58
2026-01-21T04:00:00,4.0,2,0,16.7,79.51,0.0,0.0,1.457,4.5,229.75,50.0,1,0.0,1.576,3.928,4.65,19.03
2026-01-21T04:15:00,4.25,2,0,17.8,81.68,0.0,0.0,1.24,4.5,229.41,50.03,1,0.0,1.556,5.114,3.682,19.93
2026-01-21T04:30:00,4.5,2,0,19.52,75.77,0.0,0.0,1.835,4.5,228.29,50.0,1,0.0,1.098,5.774,4.219,22.04
2026-01-21T04:45:00,4.75,2,0,18.88,77.05,0.0,0.0,1.04,4.5,229.05,49.98,1,0.0,1.789,5.186,5.084,21.0
2026-01-21T05:00:00,5.0,2,0,16.77,79.89,0.0,0.0,1.427,4.5,225.82,49.88,1,0.529,1.708,5.397,4.294,18.92
2026-01-21T05:15:00,5.25,2,0,19.89,69.07,0.0,0.0,1.399,4.5,219.35,49.91,1,1.023,2.76,6.911,4.733,22.62
2026-01-21T05:30:00,5.5,2,0,18.36,77.03,0.0,0.0,1.333,4.5,235.39,49.95,1,1.075,3.064,6.994,4.762,21.08
2026-01-21T05:45:00,5.75,2,0,18.8,78.69,0.0,0.0,1.898,4.5,221.17,50.02,1,1.848,2.909,6.94,4.649,20.07
2026-01-21T06:00:00,6.0,2,0,20.87,66.73,35.74,0.322,1.939,7.0,231.07,50.12,1,2.094,3.572,7.068,4.309,23.26
2026-01-21T06:15:00,6.25,2,0,23.3,62.71,78.33,0.705,2.649,7.0,224.41,50.13,1,2.449,3.818,6.792,2.452,25.12
2026-01-21T06:30:00,6.5,2,0,21.97,64.25,123.31,1.11,2.672,7.0,225.63,50.14,1,2.992,3.961,7.984,2.983,24.55
2026-01-21T06:45:00,6.75,2,0,26.27,60.07,185.19,1.667,3.095,7.0,239.18,49.96,0,3.768,4.502,7.451,3.455,28.83
2026-01-21T07:00:00,7.0,2,0,25.05,61.9,237.08,2.134,3.373,7.0,228.28,50.03,1,4.146,4.662,7.642,3.066,28.02
2026-01-21T07:15:00,7.25,2,0,21.48,67.49,285.12,2.566,3.673,7.0,232.71,50.06,1,4.757,3.774,7.93,2.893,24.18
2026-01-21T07:30:00,7.5,2,0,24.64,65.55,349.8,3.148,3.879,7.0,225.01,50.14,1,5.301,4.637,7.666,2.279,27.27
2026-01-21T07:45:00,7.75,2,0,24.3,64.87,408.95,3.681,4.113,7.0,225.8,49.98,1,5.231,5.246,7.759,1.834,26.69
2026-01-21T08:00:00,8.0,2,0,23.66,63.18,441.1,3.97,4.716,7.0,232.36,49.94,1,5.567,4.529,8.307,2.967,25.84
2026-01-21T08:15:00,8.25,2,0,24.92,65.9,522.33,4.701,3.667,7.0,228.14,50.1,1,6.414,5.151,8.546,1.801,27.23
2026-01-21T08:30:00,8.5,2,0,25.44,62.98,577.94,5.201,4.369,7.0,236.59,50.13,1,6.997,5.025,8.621,2.274,27.78
2026-01-21T08:45:00,8.75,2,0,25.15,61.92,591.52,5.324,5.033,7.0,232.53,50.05,1,7.093,4.145,8.303,1.166,27.87
2026-01-21T09:00:00,9.0,2,0,24.95,63.36,636.92,5.732,4.375,7.0,227.19,50.19,1,6.929,4.365,8.25,2.66,28.15
2026-01-21T09:15:00,9.25,2,0,27.76,58.37,698.55,6.287,4.867,7.0,234.69,49.85,1,7.483,2.748,8.305,1.553,30.25
2026-01-21T09:30:00,9.5,2,0,29.02,50.42,754.0,6.786,4.893,7.0,233.33,49.96,1,7.802,3.447,7.973,2.682,31.97
2026-01-21T09:45:00,9.75,2,0,30.16,56.52,774.69,6.972,4.237,7.0,231.84,49.93,1,7.46,4.025,7.698,2.591,32.31
2026-01-21T10:00:00,10.0,2,0,28.91,52.74,784.14,7.057,4.079,7.0,229.53,50.03,1,7.883,2.582,7.734,2.896,31.8
2026-01-21T10:15:00,10.25,2,0,28.88,57.04,827.95,7.452,2.934,7.0,230.8,50.05,1,8.18,3.201,6.457,2.526,31.04
2026-01-21T10:30:00,10.5,2,0,30.56,49.62,854.19,7.688,3.096,7.0,236.39,50.05,1,8.12,2.398,7.523,2.605,32.83
2026-01-21T10:45:00,10.75,2,0,32.17,52.45,848.37,7.635,3.531,7.0,227.39,50.15,1,8.441,2.568,5.881,2.332,34.54
2026-01-21T11:00:00,11.0,2,0,30.1,54.84,869.14,7.822,2.584,7.0,225.92,49.97,1,8.291,2.581,5.98,2.271,31.44
2026-01-21T11:15:00,11.25,2,0,30.92,52.42,919.6,8.276,2.832,7.0,232.71,49.95,1,8.0,2.091,5.513,3.157,33.72
2026-01-21T11:30:00,11.5,2,0,31.0,56.0,908.2,8.174,2.218,7.0,236.78,49.95,1,8.593,2.08,5.854,3.672,33.65
2026-01-21T11:45:00,11.75,2,0,31.37,52.3,936.93,8.432,2.472,7.0,229.18,49.88,1,8.221,2.034,4.176,1.994,34.02
2026-01-21T12:00:00,12.0,2,0,34.44,49.04,915.08,8.236,2.585,7.0,225.82,49.99,1,8.209,2.479,4.185,2.766,36.66
2026-01-21T12:15:00,12.25,2,0,30.69,53.26,902.64,8.124,2.282,7.0,233.92,49.92,1,8.27,2.323,3.496,3.145,32.95
2026-01-21T12:30:00,12.5,2,0,31.15,58.29,937.43,8.437,2.038,7.0,229.44,49.78,1,7.605,2.134,3.351,3.595,33.32
2026-01-21T12:45:00,12.75,2,0,32.38,45.61,916.3,8.247,1.84,7.0,236.92,49.9,1,7.325,2.551,2.774,2.636,34.02
2026-01-21T13:00:00,13.0,2,0,33.58,49.85,908.56,8.177,2.401,7.0,224.58,49.93,1,7.185,2.984,1.971,3.894,37.3
2026-01-21T13:15:00,13.25,2,0,33.14,51.55,911.96,8.208,2.427,7.0,230.93,50.01,1,6.781,2.643,1.537,4.173,35.41
2026-01-21T13:30:00,13.5,2,0,31.79,50.4,857.99,7.722,2.381,7.0,225.71,50.23,1,7.053,2.376,0.885,4.399,35.23
2026-01-21T13:45:00,13.75,2,0,34.51,42.13,807.71,7.269,2.641,7.0,231.99,50.02,1,6.423,2.194,0.539,4.302,37.57
2026-01-21T14:00:00,14.0,2,0,33.72,50.94,803.15,7.228,2.551,7.0,232.73,50.1,1,5.95,2.466,0.237,4.624,35.62
2026-01-21T14:15:00,14.25,2,0,34.2,53.3,759.64,6.837,2.724,7.0,231.74,49.97,1,5.193,2.14,0.0,6.343,36.92
2026-01-21T14:30:00,14.5,2,0,31.5,51.53,758.29,6.825,2.413,7.0,230.54,50.1,1,5.188,2.19,0.0,5.466,34.44
2026-01-21T14:45:00,14.75,2,0,32.56,58.51,681.53,6.134,2.382,7.0,225.36,50.22,1,4.298,2.559,0.025,5.86,35.61
2026-01-21T15:00:00,15.0,2,0,32.57,49.82,662.18,5.96,2.53,7.0,223.71,50.07,1,4.17,2.879,0.419,6.022,35.58
2026-01-21T15:15:00,15.25,2,0,33.23,46.48,587.11,5.284,2.677,7.0,235.61,49.94,1,3.616,2.976,0.326,6.15,35.62
2026-01-21T15:30:00,15.5,2,0,32.12,47.5,569.96,5.13,2.469,7.0,232.03,49.88,1,3.143,3.306,0.0,5.905,34.2
2026-01-21T15:45:00,15.75,2,0,32.24,52.66,502.64,4.524,2.588,7.0,227.4,50.13,1,2.887,2.687,0.461,6.215,34.77
2026-01-21T16:00:00,16.0,2,0,31.59,50.89,478.26,4.304,2.708,7.0,232.67,50.2,1,2.136,3.758,0.0,6.506,34.16
2026-01-21T16:15:00,16.25,2,0,33.41,46.17,398.8,3.589,3.287,7.0,227.64,50.1,1,1.713,4.419,0.0,6.427,35.6
2026-01-21T16:30:00,16.5,2,0,32.66,56.17,361.98,3.258,3.357,7.0,225.33,49.91,1,1.305,4.108,0.529,6.351,34.94
2026-01-21T16:45:00,16.75,2,0,30.22,55.71,308.81,2.779,2.874,7.0,227.23,50.04,1,0.713,4.469,0.0,5.967,32.61
2026-01-21T17:00:00,17.0,2,0,31.95,50.39,225.18,2.027,3.829,7.0,231.36,50.1,1,0.109,4.519,0.0,4.836,35.15
2026-01-21T17:15:00,17.25,2,0,30.13,57.73,186.44,1.678,3.935,7.0,228.47,50.15,1,0.0,4.626,0.0,5.366,32.88
2026-01-21T17:30:00,17.5,2,0,28.26,54.25,137.44,1.237,4.318,7.0,225.55,49.9,1,0.0,5.906,0.462,4.823,30.63
2026-01-21T17:45:00,17.75,2,0,29.81,54.13,71.56,0.644,4.177,7.0,223.99,50.02,1,0.016,5.535,0.0,4.335,31.78
2026-01-21T18:00:00,18.0,2,0,27.98,60.1,8.24,0.074,4.533,11.5,230.95,50.1,1,0.224,6.26,0.0,4.539,30.02
2026-01-21T18:15:00,18.25,2,0,30.11,52.64,0.0,0.0,5.019,11.5,233.18,49.95,1,0.0,6.155,0.027,4.194,31.99
2026-01-21T18:30:00,18.5,2,0,28.24,55.03,0.0,0.0,5.575,11.5,233.05,50.16,1,0.249,5.684,0.0,3.899,30.28
2026-01-21T18:45:00,18.75,2,0,29.18,52.5,0.0,0.0,5.477,11.5,227.76,50.01,1,0.0,6.316,0.0,2.871,32.87
2026-01-21T19:00:00,19.0,2,0,27.57,53.55,0.0,0.0,5.835,11.5,229.0,50.05,1,0.0,5.86,0.112,2.273,29.89
2026-01-21T19:15:00,19.25,2,0,27.9,57.46,0.0,0.0,6.137,11.5,228.04,50.12,1,0.038,6.181,0.562,2.353,30.63
2026-01-21T19:30:00,19.5,2,0,25.48,66.21,0.0,0.0,5.531,11.5,226.47,49.98,1,0.0,5.512,0.197,2.377,27.62
2026-01-21T19:45:00,19.75,2,0,27.01,58.6,0.0,0.0,6.257,11.5,233.73,49.97,1,0.0,5.206,0.292,3.445,29.4
2026-01-21T20:00:00,20.0,2,0,23.42,66.18,0.0,0.0,6.077,11.5,229.99,50.09,1,0.0,5.89,0.0,1.791,26.01
2026-01-21T20:15:00,20.25,2,0,24.28,66.96,0.0,0.0,6.354,11.5,233.51,49.96,1,0.0,4.886,0.0,1.547,27.11
2026-01-21T20:30:00,20.5,2,0,22.91,66.61,0.0,0.0,5.817,11.5,227.22,50.07,1,0.0,4.868,0.094,1.193,26.24
2026-01-21T20:45:00,20.75,2,0,20.77,72.59,0.0,0.0,5.513,11.5,230.95,49.97,1,0.209,3.797,0.148,1.296,22.91
2026-01-21T21:00:00,21.0,2,0,21.78,73.82,0.0,0.0,5.589,11.5,224.46,49.85,1,0.0,4.611,0.0,1.407,23.86
2026-01-21T21:15:00,21.25,2,0,23.07,63.04,0.0,0.0,5.104,11.5,232.55,49.95,1,0.084,3.93,0.141,1.36,25.89
2026-01-21T21:30:00,21.5,2,0,20.59,68.38,0.0,0.0,4.884,11.5,223.1,50.06,1,0.0,3.601,0.0,0.651,22.95
2026-01-21T21:45:00,21.75,2,0,21.15,69.61,0.0,0.0,4.303,11.5,232.18,50.01,1,0.0,2.755,0.768,2.086,22.37
2026-01-21T22:00:00,22.0,2,0,20.5,68.39,0.0,0.0,4.379,4.5,226.66,49.86,1,0.023,2.794,0.0,1.323,23.75
2026-01-21T22:15:00,22.25,2,0,19.31,71.59,0.0,0.0,3.93,4.5,231.39,50.09,1,0.106,2.806,0.0,0.716,22.25
2026-01-21T22:30:00,22.5,2,0,18.15,77.38,0.0,0.0,3.417,4.5,234.33,49.92,1,0.112,2.008,0.434,1.418,20.15
2026-01-21T22:45:00,22.75,2,0,16.9,78.63,0.0,0.0,3.137,4.5,231.11,50.06,1,0.0,2.028,0.0,1.158,18.51
2026-01-21T23:00:00,23.0,2,0,20.72,73.0,0.0,0.0,2.758,4.5,234.53,49.97,1,0.0,1.612,0.0,0.852,23.91
2026-01-21T23:15:00,23.25,2,0,18.3,75.43,0.0,0.0,2.785,4.5,237.37,49.93,1,0.0,1.026,0.0,1.293,20.29
2026-01-21T23:30:00,23.5,2,0,19.57,74.29,0.0,0.0,2.106,4.5,231.86,50.0,1,0.0,1.162,0.0,1.963,21.55
2026-01-21T23:45:00,23.75,2,0,18.66,72.68,0.0,0.0,2.17,4.5,229.93,49.76,1,0.046,0.998,0.0,1.623,21.13
2026-01-22T00:00:00,0.0,3,0,17.7,76.36,0.0,0.0,1.323,4.5,233.92,49.97,1,0.097,1.125,0.0,1.252,19.48
2026-01-22T00:15:00,0.25,3,0,19.76,72.65,0.0,0.0,0.968,4.5,231.33,50.09,1,0.0,1.359,0.217,0.4,22.29
2026-01-22T00:30:00,0.5,3,0,18.13,70.68,0.0,0.0,1.155,4.5,229.49,50.0,1,0.0,1.391,0.279,1.233,20.65
2026-01-22T00:45:00,0.75,3,0,17.15,74.51,0.0,0.0,1.147,4.5,233.42,49.98,1,0.11,1.405,0.0,1.575,19.28
2026-01-22T01:00:00,1.0,3,0,17.05,82.22,0.0,0.0,1.165,4.5,228.76,49.95,1,0.0,0.803,0.193,1.868,19.73
2026-01-22T01:15:00,1.25,3,0,16.96,73.22,0.0,0.0,1.142,4.5,230.59,49.9,1,0.011,1.426,0.0,2.081,19.18
2026-01-22T01:30:00,1.5,3,0,15.62,78.99,0.0,0.0,1.233,4.5,233.0,50.0,1,0.104,1.264,0.0,1.445,18.83
2026-01-22T01:45:00,1.75,3,0,16.47,80.52,0.0,0.0,1.568,4.5,226.9,50.05,1,0.0,0.812,0.0,1.565,19.53
2026-01-22T02:00:00,2.0,3,0,17.5,70.4,0.0,0.0,1.178,4.5,234.26,50.06,1,0.139,0.759,0.0,1.877,19.88
2026-01-22T02:15:00,2.25,3,0,17.04,76.77,0.0,0.0,1.239,4.5,230.87,50.19,1,0.0,1.456,0.593,2.168,19.16
2026-01-22T02:30:00,2.5,3,0,17.1,76.94,0.0,0.0,1.343,4.5,231.72,50.1,1,0.0,1.559,1.124,2.295,19.4
2026-01-22T02:45:00,2.75,3,0,17.43,74.67,0.0,0.0,0.822,4.5,230.52,50.11,1,0.251,0.841,1.242,2.165,19.85
2026-01-22T03:00:00,3.0,3,0,17.66,73.38,0.0,0.0,0.831,4.5,227.52,50.09,1,0.014,0.901,2.599,3.87,20.73
2026-01-22T03:15:00,3.25,3,0,18.18,73.75,0.0,0.0,1.391,4.5,232.18,49.96,1,0.07,1.394,3.132,3.938,20.28
2026-01-22T03:30:00,3.5,3,0,16.86,73.53,0.0,0.0,1.658,4.5,228.44,49.79,1,0.053,1.436,3.325,4.483,19.44
2026-01-22T03:45:00,3.75,3,0,17.26,75.79,0.0,0.0,1.011,4.5,228.32,49.89,1,0.0,1.49,3.91,4.354,20.25
2026-01-22T04:00:00,4.0,3,0,17.21,72.58,0.0,0.0,0.878,4.5,225.73,49.87,1,0.139,0.955,3.743,4.676,19.28
2026-01-22T04:15:00,4.25,3,0,17.89,74.61,0.0,0.0,1.351,4.5,226.92,50.1,1,0.104,2.246,4.844,5.384,20.44
2026-01-22T04:30:00,4.5,3,0,17.06,73.93,0.0,0.0,1.237,4.5,228.08,49.99,1,0.059,1.823,4.281,4.266,19.32
2026-01-22T04:45:00,4.75,3,0,18.94,79.17,0.0,0.0,1.391,4.5,229.3,50.11,1,0.0,1.507,4.999,4.605,20.79
2026-01-22T05:00:00,5.0,3,0,21.27,64.54,0.0,0.0,1.085,4.5,226.49,50.02,1,0.254,2.356,5.412,4.289,24.07
2026-01-22T05:15:00,5.25,3,0,19.61,78.58,0.0,0.0,1.881,4.5,225.47,50.11,1,0.426,2.293,5.759,4.917,22.46
2026-01-22T05:30:00,5.5,3,0,18.88,70.08,0.0,0.0,1.689,4.5,229.8,50.05,1,1.323,2.706,6.749,4.429,21.0
2026-01-22T05:45:00,5.75,3,0,20.28,70.76,0.0,0.0,1.637,4.5,225.51,49.99,1,1.686,2.606,7.515,4.104,22.56
2026-01-22T06:00:00,6.0,3,0,22.34,65.1,24.76,0.223,2.219,7.0,232.32,50.07,1,2.173,3.566,7.787,2.865,24.32
2026-01-22T06:15:00,6.25,3,0,22.74,61.97,58.83,0.529,2.223,7.0,228.49,49.97,1,2.547,3.768,7.586,3.32,25.63
2026-01-22T06:30:00,6.5,3,0,22.87,67.75,123.19,1.109,2.476,7.0,225.37,49.95,1,3.496,4.549,6.994,3.374,24.99
2026-01-22T06:45:00,6.75,3,0,23.72,64.96,174.97,1.575,2.9,7.0,227.18,50.19,1,3.804,3.935,8.087,2.591,26.79
2026-01-22T07:00:00,7.0,3,0,23.27,63.07,251.41,2.263,3.3,7.0,230.04,49.99,1,4.334,4.632,7.839,2.974,26.41
2026-01-22T07:15:00,7.25,3,0,24.25,63.85,297.06,2.674,3.735,7.0,230.13,49.98,1,4.747,4.835,7.362,2.398,26.59
2026-01-22T07:30:00,7.5,3,0,23.89,69.28,362.78,3.265,4.354,7.0,225.61,49.92,1,5.068,4.532,8.184,2.452,26.16
2026-01-22T07:45:00,7.75,3,0,24.83,62.96,417.42,3.757,3.97,7.0,231.29,49.93,1,5.412,4.901,8.074,2.278,27.39
2026-01-22T08:00:00,8.0,3,0,23.81,65.6,481.6,4.334,4.577,7.0,218.55,50.01,1,5.357,4.812,8.183,1.993,26.15
2026-01-22T08:15:00,8.25,3,0,22.53,61.36,493.26,4.439,4.7,7.0,226.5,49.99,1,6.098,5.73,8.137,2.987,24.67
2026-01-22T08:30:00,8.5,3,0,25.85,60.15,557.96,5.022,4.434,7.0,231.38,50.09,1,6.771,3.667,8.055,2.334,27.9
2026-01-22T08:45:00,8.75,3,0,26.58,59.05,586.88,5.282,4.804,7.0,226.99,49.91,1,7.179,3.9,8.201,2.434,29.41
2026-01-22T09:00:00,9.0,3,0,27.68,56.2,638.93,5.75,4.711,7.0,221.5,50.26,1,7.21,2.949,8.679,2.261,30.12
2026-01-22T09:15:00,9.25,3,0,27.72,62.74,670.93,6.038,4.988,7.0,230.78,50.07,1,7.572,3.907,7.578,1.958,31.03
2026-01-22T09:30:00,9.5,3,0,30.36,59.0,748.31,6.735,3.973,7.0,230.54,49.81,1,6.832,3.457,7.984,2.025,33.66
2026-01-22T09:45:00,9.75,3,0,28.05,54.77,787.0,7.083,3.947,7.0,233.46,49.93,1,7.76,2.724,7.461,1.205,30.23
2026-01-22T10:00:00,10.0,3,0,27.47,57.26,781.11,7.03,3.129,7.0,229.06,50.13,1,7.713,2.822,6.213,2.255,29.81
2026-01-22T10:15:00,10.25,3,0,30.59,50.92,843.08,7.588,3.652,7.0,222.03,50.01,1,8.057,2.779,6.825,1.443,33.19
2026-01-22T10:30:00,10.5,3,0,30.17,50.55,831.99,7.488,3.446,7.0,230.71,49.92,1,7.946,2.801,5.809,2.174,33.02
2026-01-22T10:45:00,10.75,3,0,30.05,50.4,855.2,7.697,2.679,7.0,235.13,49.95,1,8.259,2.562,5.928,3.423,31.76
2026-01-22T11:00:00,11.0,3,0,30.22,55.78,869.81,7.828,2.964,7.0,232.11,49.98,1,8.205,2.05,6.188,2.529,32.86
2026-01-22T11:15:00,11.25,3,0,31.89,54.52,887.3,7.986,2.576,7.0,234.27,49.96,1,7.885,2.75,5.624,2.707,34.96
2026-01-22T11:30:00,11.5,3,0,31.9,49.44,898.85,8.09,2.665,7.0,227.51,50.07,1,8.016,1.944,5.361,1.942,34.75
2026-01-22T11:45:00,11.75,3,0,30.86,52.86,922.31,8.301,2.409,7.0,229.88,50.16,1,7.919,1.823,4.209,1.903,34.19
2026-01-22T12:00:00,12.0,3,0,31.78,49.72,891.74,8.026,2.054,7.0,231.61,50.14,1,8.323,2.532,3.607,3.167,34.63
2026-01-22T12:15:00,12.25,3,0,32.5,54.53,879.45,7.915,2.617,7.0,225.63,49.89,1,7.555,1.95,3.077,2.381,34.75
2026-01-22T12:30:00,12.5,3,0,29.49,53.89,905.17,8.147,2.347,7.0,226.35,50.03,1,7.822,2.666,3.016,3.516,31.61
2026-01-22T12:45:00,12.75,3,0,32.48,44.62,904.96,8.145,1.926,7.0,231.62,49.99,1,7.662,1.645,3.409,3.74,34.32
2026-01-22T13:00:00,13.0,3,0,34.46,42.4,905.26,8.147,2.385,7.0,235.99,50.11,0,7.157,2.19,2.822,3.985,35.91
2026-01-22T13:15:00,13.25,3,0,32.65,52.05,840.27,7.562,2.236,7.0,232.45,50.07,1,7.143,2.847,2.346,2.897,35.05
2026-01-22T13:30:00,13.5,3,0,32.3,48.92,855.34,7.698,2.319,7.0,232.62,49.94,1,6.379,2.628,0.9,4.465,34.84
2026-01-22T13:45:00,13.75,3,0,32.32,49.44,819.44,7.375,1.848,7.0,227.86,49.81,1,6.411,2.454,0.268,4.405,35.1
2026-01-22T14:00:00,14.0,3,0,33.54,45.22,764.62,6.882,2.093,7.0,232.8,50.02,1,5.992,2.763,0.395,4.312,35.42
2026-01-22T14:15:00,14.25,3,0,33.69,42.64,785.05,7.065,2.652,7.0,239.58,49.98,1,5.12,2.913,0.0,4.583,36.68
2026-01-22T14:30:00,14.5,3,0,34.72,49.43,720.41,6.484,2.501,7.0,229.01,50.01,1,4.852,2.167,0.0,4.855,37.41
2026-01-22T14:45:00,14.75,3,0,33.9,45.98,689.79,6.208,3.093,7.0,226.5,50.17,1,4.902,2.007,0.0,6.018,35.97
2026-01-22T15:00:00,15.0,3,0,34.2,44.76,659.28,5.934,2.897,7.0,232.96,49.93,1,3.88,2.537,0.0,5.321,36.74
2026-01-22T15:15:00,15.25,3,0,34.76,47.82,606.11,5.455,3.016,7.0,223.06,50.17,1,3.541,3.113,0.973,6.377,38.63
2026-01-22T15:30:00,15.5,3,0,32.56,49.96,548.32,4.935,2.28,7.0,234.0,49.92,1,3.273,3.685,0.474,6.058,35.32
2026-01-22T15:45:00,15.75,3,0,30.93,49.61,511.42,4.603,2.13,7.0,233.01,49.84,1,2.594,3.066,0.0,5.653,32.92
2026-01-22T16:00:00,16.0,3,0,32.2,51.65,447.7,4.029,2.604,7.0,230.94,50.05,1,2.424,3.506,0.018,6.48,34.4
2026-01-22T16:15:00,16.25,3,0,33.48,49.2,406.52,3.659,3.014,7.0,231.1,49.9,1,1.539,3.738,0.342,6.263,36.0
2026-01-22T16:30:00,16.5,3,0,31.86,54.77,364.4,3.28,3.687,7.0,231.13,50.01,1,1.224,4.392,0.0,6.374,35.07
2026-01-22T16:45:00,16.75,3,0,31.34,53.13,299.56,2.696,3.228,7.0,228.15,49.88,1,0.706,3.745,0.012,5.86,33.66
2026-01-22T17:00:00,17.0,3,0,28.18,57.84,248.36,2.235,3.59,7.0,224.58,49.91,1,0.238,4.692,0.246,5.815,31.13
2026-01-22T17:15:00,17.25,3,0,29.19,58.44,189.23,1.703,3.605,7.0,232.27,49.82,1,0.156,5.026,0.014,4.786,32.13
2026-01-22T17:30:00,17.5,3,0,29.21,52.24,136.36,1.227,4.424,7.0,228.93,49.84,1,0.0,5.266,0.316,4.904,31.05
2026-01-22T17:45:00,17.75,3,0,29.81,49.57,52.42,0.472,3.976,7.0,226.56,50.04,1,0.019,5.9,0.03,3.923,32.07
2026-01-22T18:00:00,18.0,3,0,28.51,53.48,45.36,0.408,4.709,11.5,237.61,49.99,1,0.0,5.243,0.0,4.058,30.04
2026-01-22T18:15:00,18.25,3,0,28.89,55.07,0.0,0.0,5.075,11.5,233.63,49.92,1,0.0,6.075,0.648,3.29,31.14
2026-01-22T18:30:00,18.5,3,0,26.53,61.88,0.0,0.0,5.335,11.5,231.33,50.11,1,0.0,6.347,0.0,3.368,28.91
2026-01-22T18:45:00,18.75,3,0,29.94,53.94,0.0,0.0,6.027,11.5,230.54,50.07,1,0.0,6.31,0.869,3.291,32.24
2026-01-22T19:00:00,19.0,3,0,26.24,60.96,0.0,0.0,5.405,11.5,232.52,50.05,1,0.0,6.376,0.749,3.395,29.97
2026-01-22T19:15:00,19.25,3,0,27.24,56.44,0.0,0.0,5.892,11.5,230.93,49.87,1,0.0,6.303,0.328,2.108,30.58
2026-01-22T19:30:00,19.5,3,0,27.22,55.65,0.0,0.0,6.284,11.5,230.0,50.04,1,0.0,6.206,0.384,1.175,29.52
2026-01-22T19:45:00,19.75,3,0,24.31,64.27,0.0,0.0,6.21,11.5,233.52,49.93,1,0.0,5.857,0.447,2.321,26.96
2026-01-22T20:00:00,20.0,3,0,24.51,63.23,0.0,0.0,6.529,11.5,227.04,49.92,1,0.073,5.559,0.233,1.505,27.64
2026-01-22T20:15:00,20.25,3,0,21.58,67.38,0.0,0.0,6.041,11.5,225.69,50.04,1,0.101,5.026,0.131,1.958,24.72
2026-01-22T20:30:00,20.5,3,0,24.53,66.01,0.0,0.0,6.077,11.5,232.16,50.13,1,0.0,4.963,0.0,1.569,26.23
2026-01-22T20:45:00,20.75,3,0,22.67,65.31,0.0,0.0,6.114,11.5,229.86,49.74,1,0.0,4.243,0.0,1.526,25.15
2026-01-22T21:00:00,21.0,3,0,22.93,65.12,0.0,0.0,5.845,11.5,229.91,50.07,1,0.131,4.721,0.0,1.5,24.81
2026-01-22T21:15:00,21.25,3,0,20.88,69.49,0.0,0.0,4.83,11.5,223.54,49.91,1,0.11,3.947,0.0,2.15,23.73
2026-01-22T21:30:00,21.5,3,0,21.38,72.13,0.0,0.0,5.061,11.5,235.59,50.08,1,0.0,2.887,0.0,1.429,23.72
2026-01-22T21:45:00,21.75,3,0,21.31,75.5,0.0,0.0,4.5,11.5,232.14,49.85,1,0.0,3.149,0.0,1.628,23.9
2026-01-22T22:00:00,22.0,3,0,21.73,66.1,0.0,0.0,4.335,4.5,235.73,49.78,1,0.281,3.095,0.177,2.024,24.37
2026-01-22T22:15:00,22.25,3,0,19.42,70.43,0.0,0.0,3.799,4.5,231.36,50.07,1,0.109,3.285,0.0,1.762,22.15
2026-01-22T22:30:00,22.5,3,0,17.57,77.1,0.0,0.0,3.214,4.5,222.91,50.04,1,0.0,2.297,0.438,0.504,18.98
2026-01-22T22:45:00,22.75,3,0,19.59,73.88,0.0,0.0,3.184,4.5,234.73,50.12,1,0.052,1.81,0.0,1.029,21.9
2026-01-22T23:00:00,23.0,3,0,19.96,70.54,0.0,0.0,2.658,4.5,231.19,49.85,1,0.0,0.652,0.0,2.219,22.22
2026-01-22T23:15:00,23.25,3,0,20.17,72.58,0.0,0.0,2.934,4.5,231.9,50.01,1,0.0,1.03,0.0,1.167,22.19
2026-01-22T23:30:00,23.5,3,0,17.6,80.49,0.0,0.0,2.039,4.5,228.08,50.06,1,0.0,1.151,0.0,1.811,20.37
2026-01-22T23:45:00,23.75,3,0,17.78,74.34,0.0,0.0,2.025,4.5,233.78,50.05,1,0.0,1.079,0.0,1.619,19.19
2026-01-23T00:00:00,0.0,4,0,17.67,76.46,0.0,0.0,0.91,4.5,228.37,49.93,1,0.0,0.981,0.0,1.484,20.21
2026-01-23T00:15:00,0.25,4,0,18.23,72.35,0.0,0.0,1.342,4.5,230.88,49.94,1,0.266,1.781,0.0,0.741,20.49
2026-01-23T00:30:00,0.5,4,0,16.74,76.71,0.0,0.0,1.234,4.5,228.2,49.97,1,0.0,1.652,0.0,1.342,19.08
2026-01-23T00:45:00,0.75,4,0,18.0,76.34,0.0,0.0,1.243,4.5,228.4,49.91,1,0.0,1.15,0.451,1.361,19.85
2026-01-23T01:00:00,1.0,4,0,17.86,78.95,0.0,0.0,0.874,4.5,228.27,49.96,1,0.0,0.929,0.0,1.259,20.73
2026-01-23T01:15:00,1.25,4,0,15.27,78.21,0.0,0.0,1.733,4.5,232.52,50.01,1,0.095,1.122,0.0,0.629,18.04
2026-01-23T01:30:00,1.5,4,0,15.45,81.03,0.0,0.0,1.501,4.5,231.26,49.85,1,0.0,1.297,0.358,1.504,18.57
2026-01-23T01:45:00,1.75,4,0,17.11,75.52,0.0,0.0,1.303,4.5,230.86,50.05,1,0.106,1.282,0.552,2.635,19.5
2026-01-23T02:00:00,2.0,4,0,16.97,73.41,0.0,0.0,1.24,4.5,226.57,50.07,1,0.0,1.714,0.0,1.734,19.46
2026-01-23T02:15:00,2.25,4,0,18.32,74.68,0.0,0.0,1.131,4.5,228.45,49.91,1,0.093,1.221,0.613,2.371,20.64
2026-01-23T02:30:00,2.5,4,0,18.93,70.24,0.0,0.0,1.29,4.5,228.41,49.92,1,0.255,0.765,0.771,2.628,22.28
2026-01-23T02:45:00,2.75,4,0,18.68,74.98,0.0,0.0,1.231,4.5,230.32,49.97,1,0.0,1.114,1.309,3.633,21.12
2026-01-23T03:00:00,3.0,4,0,17.11,77.68,0.0,0.0,1.495,4.5,234.06,49.91,1,0.0,1.798,1.654,3.198,20.37
2026-01-23T03:15:00,3.25,4,0,17.95,77.13,0.0,0.0,1.214,4.5,228.43,50.01,1,0.0,0.786,3.127,2.852,21.02
2026-01-23T03:30:00,3.5,4,0,17.72,74.04,0.0,0.0,0.728,4.5,236.69,50.17,1,0.0,1.044,2.916,3.775,19.85
2026-01-23T03:45:00,3.75,4,0,19.05,72.94,0.0,0.0,1.282,4.5,223.24,50.02,1,0.023,1.181,3.76,4.178,21.68
2026-01-23T04:00:00,4.0,4,0,17.55,78.57,0.0,0.0,1.616,4.5,230.75,49.92,1,0.0,1.202,4.278,4.361,19.99
2026-01-23T04:15:00,4.25,4,0,18.86,67.2,0.0,0.0,0.909,4.5,229.83,49.99,1,0.288,0.797,4.321,5.116,21.57
2026-01-23T04:30:00,4.5,4,0,17.5,71.55,0.0,0.0,1.156,4.5,228.71,50.14,1,0.0,1.699,5.268,4.956,20.82
2026-01-23T04:45:00,4.75,4,0,17.94,73.06,0.0,0.0,1.26,4.5,237.9,49.96,1,0.0,2.125,5.109,5.383,20.12
2026-01-23T05:00:00,5.0,4,0,18.78,75.44,0.0,0.0,1.097,4.5,229.85,50.12,1,0.0,2.051,5.999,4.805,20.24
2026-01-23T05:15:00,5.25,4,0,20.07,74.09,0.0,0.0,0.987,4.5,228.26,50.03,1,0.45,2.281,5.75,4.975,22.84
2026-01-23T05:30:00,5.5,4,0,19.65,74.63,0.0,0.0,1.472,4.5,228.91,49.84,1,1.117,2.64,6.203,4.172,22.52
2026-01-23T05:45:00,5.75,4,0,20.85,70.41,0.0,0.0,2.161,4.5,231.38,50.12,1,1.538,2.911,6.588,4.896,23.48
2026-01-23T06:00:00,6.0,4,0,20.51,70.45,0.0,0.0,2.072,7.0,224.92,49.95,1,2.051,3.066,7.335,3.457,23.25
2026-01-23T06:15:00,6.25,4,0,21.09,70.97,56.41,0.508,2.484,7.0,233.21,50.15,1,2.742,3.727,7.401,3.284,23.85
2026-01-23T06:30:00,6.5,4,0,22.49,66.62,127.93,1.151,2.568,7.0,224.6,50.16,1,3.111,3.719,8.153,3.757,24.55
2026-01-23T06:45:00,6.75,4,0,22.77,72.31,180.05,1.62,2.728,7.0,229.7,49.87,1,3.661,3.97,7.631,3.571,25.29
2026-01-23T07:00:00,7.0,4,0,23.24,69.03,220.44,1.984,3.167,7.0,230.89,49.99,1,4.681,4.584,7.549,2.573,26.65
2026-01-23T07:15:00,7.25,4,0,22.79,74.61,312.2,2.81,3.725,7.0,225.71,49.88,1,4.61,5.039,7.455,2.787,25.45
2026-01-23T07:30:00,7.5,4,0,24.49,66.99,343.93,3.095,3.657,7.0,228.33,49.87,1,4.886,4.834,8.224,3.048,27.87
2026-01-23T07:45:00,7.75,4,0,22.58,65.66,392.0,3.528,4.093,7.0,232.87,50.1,1,5.56,4.668,8.031,2.912,25.16
2026-01-23T08:00:00,8.0,4,0,22.36,68.8,486.28,4.377,4.304,7.0,225.29,50.06,1,5.81,5.108,7.904,1.863,24.54
2026-01-23T08:15:00,8.25,4,0,25.3,63.98,519.28,4.674,5.218,7.0,237.33,50.17,1,6.41,4.816,7.784,3.22,28.4
2026-01-23T08:30:00,8.5,4,0,24.11,65.08,558.68,5.028,4.914,7.0,226.8,50.01,1,6.49,4.782,8.012,3.158,26.41
2026-01-23T08:45:00,8.75,4,0,25.08,60.13,613.06,5.518,4.988,7.0,235.52,50.11,1,6.803,4.786,8.378,1.756,27.96
2026-01-23T09:00:00,9.0,4,0,27.83,55.01,644.74,5.803,4.916,7.0,234.74,50.1,1,7.221,3.656,8.064,2.481,30.67
2026-01-23T09:15:00,9.25,4,0,28.38,56.8,694.75,6.253,4.896,7.0,226.62,49.97,1,7.545,3.451,7.33,2.652,30.06
2026-01-23T09:30:00,9.5,4,0,27.95,66.48,727.46,6.547,4.692,7.0,236.79,49.98,1,7.915,3.571,7.746,1.99,31.09
2026-01-23T09:45:00,9.75,4,0,29.69,51.11,765.95,6.894,4.537,7.0,231.2,50.04,1,7.957,2.81,7.366,1.827,32.49
2026-01-23T10:00:00,10.0,4,0,27.81,58.34,796.35,7.167,3.686,7.0,228.39,50.28,1,8.162,2.812,7.018,2.464,30.33
2026-01-23T10:15:00,10.25,4,0,28.97,53.42,844.89,7.604,3.502,7.0,234.89,50.03,1,8.053,2.657,6.629,2.433,31.52
2026-01-23T10:30:00,10.5,4,0,30.01,49.76,845.85,7.613,3.68,7.0,229.02,49.89,0,8.348,2.221,6.385,1.084,32.79
2026-01-23T10:45:00,10.75,4,0,30.26,50.36,870.96,7.839,3.004,7.0,223.53,50.09,1,8.264,2.28,5.715,2.487,33.22
2026-01-23T11:00:00,11.0,4,0,29.44,49.52,882.21,7.94,2.629,7.0,229.63,49.9,1,8.308,2.33,7.102,3.022,32.12
2026-01-23T11:15:00,11.25,4,0,31.37,50.95,904.25,8.138,2.795,7.0,236.67,49.97,1,8.021,2.476,5.226,1.491,34.03
2026-01-23T11:30:00,11.5,4,0,31.83,46.89,918.03,8.262,2.395,7.0,229.26,50.21,1,8.094,2.759,4.669,1.878,34.72
2026-01-23T11:45:00,11.75,4,0,30.66,54.26,912.43,8.212,2.185,7.0,225.04,49.99,1,8.168,2.103,4.579,3.361,33.71
2026-01-23T12:00:00,12.0,4,0,31.2,49.95,915.12,8.236,2.08,7.0,228.86,50.0,1,7.819,1.702,4.418,2.363,33.47
2026-01-23T12:15:00,12.25,4,0,31.28,53.82,901.0,8.109,2.622,7.0,228.0,49.85,1,7.84,3.129,4.24,3.48,33.96
2026-01-23T12:30:00,12.5,4,0,33.54,44.54,893.38,8.04,2.888,7.0,230.26,49.99,1,7.654,2.112,2.467,3.956,36.2
2026-01-23T12:45:00,12.75,4,0,33.85,48.23,909.17,8.183,2.043,7.0,237.4,49.99,1,7.44,2.415,2.701,3.279,36.06
2026-01-23T13:00:00,13.0,4,0,31.42,52.56,875.08,7.876,2.006,7.0,228.55,50.13,1,7.28,2.384,1.367,3.84,34.24
2026-01-23T13:15:00,13.25,4,0,33.08,45.58,868.32,7.815,2.527,7.0,236.18,50.13,1,6.989,2.476,2.13,3.997,36.23
2026-01-23T13:30:00,13.5,4,0,31.14,51.11,822.95,7.407,2.083,7.0,228.8,49.91,1,6.276,1.433,0.667,3.349,33.59
2026-01-23T13:45:00,13.75,4,0,33.66,42.93,823.56,7.412,2.293,7.0,230.67,50.04,1,6.035,2.947,0.372,4.008,35.54
2026-01-23T14:00:00,14.0,4,0,33.89,47.46,802.18,7.22,2.369,7.0,229.28,49.98,1,6.262,2.361,1.079,4.488,35.99
2026-01-23T14:15:00,14.25,4,0,32.45,50.52,765.61,6.891,2.477,7.0,231.59,50.06,1,5.465,1.881,0.0,5.019,34.52
2026-01-23T14:30:00,14.5,4,0,32.6,46.96,706.8,6.361,1.657,7.0,227.06,49.95,1,4.79,2.047,0.045,5.193,34.05
2026-01-23T14:45:00,14.75,4,0,33.04,46.83,685.5,6.17,2.703,7.0,231.78,50.0,1,4.668,3.343,0.0,5.673,35.62
2026-01-23T15:00:00,15.0,4,0,33.03,43.13,688.59,6.197,2.656,7.0,234.63,49.96,1,4.071,2.184,0.222,5.677,36.18
2026-01-23T15:15:00,15.25,4,0,32.14,51.22,619.83,5.578,2.309,7.0,226.85,50.05,1,3.752,3.39,0.0,6.185,34.2
2026-01-23T15:30:00,15.5,4,0,33.33,53.52,560.85,5.048,2.434,7.0,223.95,49.98,1,2.897,3.303,0.074,5.448,34.94
2026-01-23T15:45:00,15.75,4,0,33.34,51.7,509.24,4.583,3.313,7.0,228.99,49.9,1,2.969,3.585,0.062,5.964,36.22
2026-01-23T16:00:00,16.0,4,0,29.97,57.09,445.63,4.011,2.424,7.0,227.59,50.01,1,2.073,4.07,0.102,5.701,32.78
2026-01-23T16:15:00,16.25,4,0,34.17,48.23,406.12,3.655,3.075,7.0,234.5,49.94,1,1.782,4.176,0.0,6.691,36.26
2026-01-23T16:30:00,16.5,4,0,31.98,48.63,339.67,3.057,3.0,7.0,230.92,49.91,0,1.238,3.416,0.251,5.833,34.68
2026-01-23T16:45:00,16.75,4,0,29.85,56.5,315.02,2.835,3.426,7.0,230.26,50.04,1,0.31,3.945,0.015,6.566,32.49
2026-01-23T17:00:00,17.0,4,0,31.2,48.9,236.29,2.127,3.876,7.0,229.33,49.85,1,0.361,4.375,0.0,5.37,33.7
2026-01-23T17:15:00,17.25,4,0,31.07,52.67,202.66,1.824,3.89,7.0,223.74,49.94,1,0.0,5.093,0.761,5.459,33.77
2026-01-23T17:30:00,17.5,4,0,28.58,54.29,131.4,1.183,3.336,7.0,236.77,50.1,1,0.086,5.475,0.0,4.346,31.25
2026-01-23T17:45:00,17.75,4,0,28.19,56.85,40.53,0.365,4.05,7.0,231.52,49.99,1,0.0,5.977,0.0,4.487,31.21
2026-01-23T18:00:00,18.0,4,0,28.42,56.81,30.25,0.272,4.328,11.5,234.24,49.71,1,0.0,6.022,0.029,4.294,31.52
2026-01-23T18:15:00,18.25,4,0,27.66,58.23,0.0,0.0,5.115,11.5,232.71,50.14,1,0.167,5.516,0.0,3.114,30.1
2026-01-23T18:30:00,18.5,4,0,29.45,51.29,0.0,0.0,5.694,11.5,227.02,50.03,1,0.295,6.216,0.0,3.695,31.06
2026-01-23T18:45:00,18.75,4,0,29.8,57.09,0.0,0.0,6.151,11.5,227.17,50.01,1,0.0,5.871,0.0,3.461,32.14
2026-01-23T19:00:00,19.0,4,0,28.67,52.58,0.0,0.0,5.984,11.5,226.47,49.97,1,0.113,6.297,0.04,2.783,30.82
2026-01-23T19:15:00,19.25,4,0,26.04,59.9,0.0,0.0,5.821,11.5,221.19,50.01,1,0.0,5.995,0.116,2.458,28.81
2026-01-23T19:30:00,19.5,4,0,24.82,61.47,0.0,0.0,5.831,11.5,236.01,50.13,1,0.0,5.642,0.175,2.537,27.04
2026-01-23T19:45:00,19.75,4,0,27.31,61.33,0.0,0.0,5.629,11.5,229.09,49.98,1,0.0,5.986,0.079,2.734,30.38
2026-01-23T20:00:00,20.0,4,0,25.8,60.01,0.0,0.0,6.108,11.5,230.74,49.89,1,0.0,5.666,0.0,1.227,27.62
2026-01-23T20:15:00,20.25,4,0,24.04,68.56,0.0,0.0,6.189,11.5,229.9,49.96,1,0.0,5.414,0.0,1.325,26.83
2026-01-23T20:30:00,20.5,4,0,26.42,66.44,0.0,0.0,5.932,11.5,228.3,50.16,1,0.072,4.585,0.158,2.217,28.78
2026-01-23T20:45:00,20.75,4,0,23.34,65.74,0.0,0.0,5.884,11.5,232.02,50.11,1,0.067,4.11,0.689,1.584,25.55
2026-01-23T21:00:00,21.0,4,0,20.32,71.2,0.0,0.0,5.681,11.5,225.68,49.92,1,0.0,4.11,0.299,1.832,23.87
2026-01-23T21:15:00,21.25,4,0,22.3,66.1,0.0,0.0,5.399,11.5,233.51,50.18,1,0.186,3.867,0.334,1.761,25.83
2026-01-23T21:30:00,21.5,4,0,22.69,67.67,0.0,0.0,4.566,11.5,231.07,49.98,1,0.0,3.101,0.0,1.425,25.5
2026-01-23T21:45:00,21.75,4,0,23.48,67.71,0.0,0.0,4.322,11.5,231.54,49.89,1,0.079,3.214,0.117,0.644,25.74
2026-01-23T22:00:00,22.0,4,0,20.1,70.9,0.0,0.0,4.204,4.5,238.02,50.09,1,0.055,2.353,0.325,0.959,22.66
2026-01-23T22:15:00,22.25,4,0,19.99,77.54,0.0,0.0,3.788,4.5,236.49,50.03,1,0.0,2.153,0.0,1.847,22.04
2026-01-23T22:30:00,22.5,4,0,21.54,66.39,0.0,0.0,3.168,4.5,237.5,49.98,1,0.032,2.68,0.128,1.529,23.52
2026-01-23T22:45:00,22.75,4,0,18.69,74.67,0.0,0.0,3.402,4.5,232.07,50.02,1,0.0,1.651,0.0,1.445,20.82
2026-01-23T23:00:00,23.0,4,0,21.81,69.72,0.0,0.0,2.635,4.5,224.99,49.86,1,0.031,1.083,0.0,0.91,24.92
2026-01-23T23:15:00,23.25,4,0,18.28,71.6,0.0,0.0,2.369,4.5,232.04,50.06,1,0.0,0.87,0.224,2.098,21.16
2026-01-23T23:30:00,23.5,4,0,18.79,79.65,0.0,0.0,2.276,4.5,230.0,50.01,1,0.044,2.379,0.0,1.252,21.32
2026-01-23T23:45:00,23.75,4,0,17.34,75.32,0.0,0.0,1.793,4.5,239.28,50.1,0,0.0,1.159,0.0,1.28,20.52
2026-01-24T00:00:00,0.0,5,1,18.47,76.49,0.0,0.0,1.441,4.5,232.45,49.82,1,0.081,1.018,0.421,1.682,21.2
2026-01-24T00:15:00,0.25,5,1,16.93,76.95,0.0,0.0,1.053,4.5,234.81,50.14,1,0.0,1.556,0.372,1.588,19.8
2026-01-24T00:30:00,0.5,5,1,15.31,83.23,0.0,0.0,1.904,4.5,230.04,50.12,1,0.009,1.844,0.465,1.54,17.43
2026-01-24T00:45:00,0.75,5,1,18.55,74.34,0.0,0.0,1.64,4.5,226.58,49.94,1,0.35,1.088,0.36,1.909,20.53
2026-01-24T01:00:00,1.0,5,1,15.58,76.82,0.0,0.0,1.506,4.5,229.0,49.76,1,0.105,0.997,0.0,2.0,17.66
2026-01-24T01:15:00,1.25,5,1,16.66,76.21,0.0,0.0,1.714,4.5,225.49,50.16,1,0.224,1.237,0.0,2.589,19.43
2026-01-24T01:30:00,1.5,5,1,18.27,69.56,0.0,0.0,1.812,4.5,224.97,49.99,1,0.0,1.761,0.0,2.045,19.33
2026-01-24T01:45:00,1.75,5,1,17.89,73.93,0.0,0.0,1.358,4.5,231.91,50.05,1,0.04,1.437,0.434,2.542,20.13
2026-01-24T02:00:00,2.0,5,1,16.58,77.98,0.0,0.0,1.263,4.5,224.68,49.98,1,0.115,1.247,0.115,2.232,18.74
2026-01-24T02:15:00,2.25,5,1,15.3,83.44,0.0,0.0,1.465,4.5,230.76,50.0,1,0.0,1.803,1.091,2.553,17.52
2026-01-24T02:30:00,2.5,5,1,16.81,78.22,0.0,0.0,1.517,4.5,237.07,50.07,1,0.085,2.097,1.182,3.473,20.17
2026-01-24T02:45:00,2.75,5,1,16.13,82.14,0.0,0.0,1.425,4.5,229.62,50.08,1,0.134,1.723,0.801,3.72,18.65
2026-01-24T03:00:00,3.0,5,1,17.65,72.72,0.0,0.0,1.323,4.5,228.5,49.97,1,0.137,1.723,1.429,3.564,19.56
2026-01-24T03:15:00,3.25,5,1,18.28,73.63,0.0,0.0,1.929,4.5,225.29,49.99,1,0.0,2.003,1.57,3.481,21.18
2026-01-24T03:30:00,3.5,5,1,20.24,67.19,0.0,0.0,2.092,4.5,227.36,50.04,1,0.064,1.997,3.08,4.582,22.3
2026-01-24T03:45:00,3.75,5,1,18.14,80.79,0.0,0.0,1.426,4.5,228.29,49.99,1,0.03,1.726,2.458,4.621,20.4
2026-01-24T04:00:00,4.0,5,1,16.68,75.21,0.0,0.0,1.518,4.5,231.8,49.87,1,0.162,1.172,2.633,4.795,19.54
2026-01-24T04:15:00,4.25,5,1,20.14,68.07,0.0,0.0,2.03,4.5,234.25,49.94,1,0.0,2.407,2.837,3.876,22.95
2026-01-24T04:30:00,4.5,5,1,18.85,70.67,0.0,0.0,1.89,4.5,234.4,49.74,1,0.099,2.694,3.581,4.405,21.49
2026-01-24T04:45:00,4.75,5,1,18.77,80.19,0.0,0.0,1.54,4.5,227.92,50.09,1,0.112,2.542,3.863,5.142,21.4
2026-01-24T05:00:00,5.0,5,1,19.36,74.76,0.0,0.0,1.492,4.5,234.82,49.92,1,0.033,2.139,4.332,6.493,21.27
2026-01-24T05:15:00,5.25,5,1,18.9,71.83,0.0,0.0,2.077,4.5,229.01,50.04,1,0.196,3.056,4.199,5.063,21.36
2026-01-24T05:30:00,5.5,5,1,19.41,69.09,0.0,0.0,2.282,4.5,229.54,49.85,1,0.67,2.709,5.099,4.973,22.55
2026-01-24T05:45:00,5.75,5,1,20.99,75.68,0.0,0.0,2.427,4.5,222.86,50.02,1,1.232,3.293,5.081,4.197,23.76
2026-01-24T06:00:00,6.0,5,1,21.86,67.63,1.63,0.015,2.017,7.0,225.4,49.89,1,1.333,3.64,4.896,3.336,24.05
2026-01-24T06:15:00,6.25,5,1,21.23,72.01,26.47,0.238,3.17,7.0,229.82,49.95,1,1.951,4.27,4.95,4.222,23.8
2026-01-24T06:30:00,6.5,5,1,21.51,72.73,70.94,0.638,2.93,7.0,230.03,49.99,1,2.302,5.131,5.512,3.273,24.55
2026-01-24T06:45:00,6.75,5,1,22.58,66.98,121.63,1.095,3.154,7.0,223.98,50.09,1,2.722,5.246,5.663,2.382,24.9
2026-01-24T07:00:00,7.0,5,1,22.27,69.52,164.99,1.485,3.785,7.0,226.85,49.96,1,2.672,5.661,5.516,3.401,25.25
2026-01-24T07:15:00,7.25,5,1,24.36,67.76,210.26,1.892,4.239,7.0,231.03,50.1,1,2.894,4.609,6.194,3.235,27.02
2026-01-24T07:30:00,7.5,5,1,24.3,66.16,252.26,2.27,4.789,7.0,229.77,50.0,1,3.515,5.363,5.82,3.48,27.39
2026-01-24T07:45:00,7.75,5,1,26.57,57.41,274.93,2.474,5.016,7.0,224.48,50.14,1,3.752,4.77,5.88,2.529,28.53
2026-01-24T08:00:00,8.0,5,1,27.63,61.31,291.87,2.627,5.128,7.0,231.53,49.98,1,3.82,5.802,6.183,2.421,29.83
2026-01-24T08:15:00,8.25,5,1,26.18,59.09,356.39,3.208,4.613,7.0,230.71,50.13,1,4.523,4.923,5.378,1.802,29.25
2026-01-24T08:30:00,8.5,5,1,24.82,63.98,383.49,3.451,5.215,7.0,235.92,50.07,1,4.361,4.433,5.298,1.913,28.13
2026-01-24T08:45:00,8.75,5,1,26.01,64.73,417.25,3.755,4.998,7.0,231.31,50.04,1,4.743,4.333,5.116,3.897,28.67
2026-01-24T09:00:00,9.0,5,1,28.86,59.12,448.76,4.039,5.99,7.0,230.93,49.92,1,4.377,2.992,5.482,2.946,30.77
2026-01-24T09:15:00,9.25,5,1,27.99,59.97,470.77,4.237,5.189,7.0,234.0,50.22,1,5.004,3.385,4.766,2.792,30.28
2026-01-24T09:30:00,9.5,5,1,27.89,60.5,499.92,4.499,4.56,7.0,234.99,49.96,1,5.117,3.775,5.381,2.454,30.55
2026-01-24T09:45:00,9.75,5,1,29.3,53.42,529.25,4.763,4.496,7.0,227.8,49.76,1,5.261,3.105,4.77,2.13,32.21
2026-01-24T10:00:00,10.0,5,1,27.67,60.25,506.39,4.558,3.551,7.0,232.77,50.02,1,5.079,3.636,4.707,2.939,30.36
2026-01-24T10:15:00,10.25,5,1,28.59,60.62,565.18,5.087,3.582,7.0,231.88,50.05,1,5.6,2.701,4.058,1.822,31.4
2026-01-24T10:30:00,10.5,5,1,30.32,58.3,565.29,5.088,3.806,7.0,230.45,49.93,1,5.425,3.093,4.927,3.663,32.9
2026-01-24T10:45:00,10.75,5,1,28.29,61.3,610.81,5.497,2.808,7.0,228.15,50.1,1,5.625,2.427,3.91,2.762,30.02
2026-01-24T11:00:00,11.0,5,1,32.98,47.8,573.38,5.16,3.606,7.0,228.28,50.17,1,5.565,2.127,3.911,2.151,36.07
2026-01-24T11:15:00,11.25,5,1,32.28,45.38,605.69,5.451,2.84,7.0,237.11,49.98,1,5.554,2.161,3.571,1.941,34.55
2026-01-24T11:30:00,11.5,5,1,33.16,45.8,637.01,5.733,3.401,7.0,231.7,50.13,1,5.498,2.521,3.474,3.394,35.95
2026-01-24T11:45:00,11.75,5,1,30.86,52.88,614.13,5.527,2.809,7.0,231.11,50.02,1,5.675,3.108,2.987,3.015,32.96
2026-01-24T12:00:00,12.0,5,1,31.59,47.18,620.97,5.589,2.333,7.0,234.85,50.05,1,5.539,2.47,3.144,2.851,33.85
2026-01-24T12:15:00,12.25,5,1,32.63,53.7,611.56,5.504,2.523,7.0,234.84,50.01,1,5.024,2.441,2.662,3.082,35.2
2026-01-24T12:30:00,12.5,5,1,31.05,56.99,614.8,5.533,2.274,7.0,236.25,49.92,1,4.722,2.717,1.29,3.278,33.26
2026-01-24T12:45:00,12.75,5,1,35.19,46.72,595.25,5.357,3.365,7.0,227.23,50.04,1,5.0,2.576,1.85,3.748,37.34
2026-01-24T13:00:00,13.0,5,1,32.28,52.81,598.58,5.387,2.581,7.0,227.11,50.0,1,4.716,2.715,1.649,4.576,35.41
2026-01-24T13:15:00,13.25,5,1,31.99,55.47,569.53,5.126,2.449,7.0,228.77,50.08,1,4.443,2.743,1.648,3.765,34.0
2026-01-24T13:30:00,13.5,5,1,32.86,48.23,545.79,4.912,2.523,7.0,234.24,50.1,1,4.476,3.087,0.578,4.376,35.29
2026-01-24T13:45:00,13.75,5,1,32.09,49.39,537.35,4.836,2.404,7.0,233.21,49.87,1,4.145,2.735,0.805,4.947,34.01
2026-01-24T14:00:00,14.0,5,1,33.04,46.14,534.26,4.808,2.734,7.0,230.29,50.16,1,3.708,2.088,0.171,4.835,36.45
2026-01-24T14:15:00,14.25,5,1,35.67,42.96,523.01,4.707,2.581,7.0,223.39,50.02,1,3.847,2.27,0.0,5.653,37.54
2026-01-24T14:30:00,14.5,5,1,34.29,45.63,481.71,4.335,3.06,7.0,220.1,49.85,1,3.384,3.336,0.0,4.807,36.9
2026-01-24T14:45:00,14.75,5,1,32.23,54.63,475.03,4.275,2.708,7.0,231.87,49.95,1,3.341,3.724,0.0,6.329,34.49
2026-01-24T15:00:00,15.0,5,1,31.97,51.35,414.53,3.731,2.421,7.0,223.98,49.83,1,3.084,3.263,0.607,5.767,34.75
2026-01-24T15:15:00,15.25,5,1,30.17,51.58,416.66,3.75,2.366,7.0,231.63,50.21,1,2.543,3.046,0.0,5.444,33.05
2026-01-24T15:30:00,15.5,5,1,31.75,51.7,366.67,3.3,3.346,7.0,226.49,49.99,1,1.633,2.854,0.321,6.779,33.72
2026-01-24T15:45:00,15.75,5,1,33.89,46.91,360.4,3.244,3.504,7.0,237.5,50.07,1,2.109,3.74,0.476,6.904,36.06
2026-01-24T16:00:00,16.0,5,1,32.88,48.91,324.02,2.916,3.221,7.0,233.7,50.07,1,1.409,3.914,0.0,6.51,35.26
2026-01-24T16:15:00,16.25,5,1,30.46,51.93,285.23,2.567,3.185,7.0,230.41,49.89,1,1.515,4.212,0.171,6.66,33.7
2026-01-24T16:30:00,16.5,5,1,31.17,54.49,207.1,1.864,3.284,7.0,233.45,50.02,1,0.937,5.06,0.0,6.517,34.63
2026-01-24T16:45:00,16.75,5,1,31.63,46.44,224.0,2.016,3.659,7.0,229.98,50.22,1,0.039,4.409,0.545,6.596,33.28
2026-01-24T17:00:00,17.0,5,1,30.72,60.23,156.84,1.412,4.012,7.0,232.36,50.11,1,0.0,4.944,0.312,5.567,33.34
2026-01-24T17:15:00,17.25,5,1,30.91,53.56,134.37,1.209,4.321,7.0,229.73,50.01,1,0.11,5.099,0.0,5.432,33.71
2026-01-24T17:30:00,17.5,5,1,30.22,61.32,73.8,0.664,4.735,7.0,230.54,50.03,1,0.0,5.744,0.253,6.113,32.94
2026-01-24T17:45:00,17.75,5,1,27.41,59.3,26.4,0.238,4.349,7.0,226.62,49.91,1,0.0,6.341,0.0,4.7,30.09
2026-01-24T18:00:00,18.0,5,1,27.51,57.5,0.0,0.0,4.846,11.5,237.15,49.93,1,0.144,5.85,0.0,4.043,29.56
2026-01-24T18:15:00,18.25,5,1,29.54,56.99,0.0,0.0,5.489,11.5,230.4,49.83,1,0.0,6.743,0.164,4.034,32.27
2026-01-24T18:30:00,18.5,5,1,27.74,60.3,0.0,0.0,5.553,11.5,233.57,49.93,1,0.008,6.548,0.0,3.378,29.97
2026-01-24T18:45:00,18.75,5,1,28.97,54.63,0.0,0.0,6.31,11.5,224.76,50.02,1,0.012,6.995,0.135,3.286,32.19
2026-01-24T19:00:00,19.0,5,1,26.66,59.15,0.0,0.0,5.994,11.5,226.0,49.88,1,0.051,7.204,0.153,3.519,29.6
2026-01-24T19:15:00,19.25,5,1,27.37,58.98,0.0,0.0,6.433,11.5,233.49,50.04,1,0.0,6.696,0.383,3.493,29.49
2026-01-24T19:30:00,19.5,5,1,26.0,56.66,0.0,0.0,6.785,11.5,233.27,49.95,1,0.0,6.967,0.0,2.014,29.44
2026-01-24T19:45:00,19.75,5,1,25.4,64.66,0.0,0.0,6.835,11.5,232.92,49.94,1,0.0,6.441,0.0,2.418,27.52
2026-01-24T20:00:00,20.0,5,1,24.84,61.82,0.0,0.0,6.872,11.5,230.93,49.89,1,0.0,5.768,0.0,1.477,27.32
2026-01-24T20:15:00,20.25,5,1,25.01,55.99,0.0,0.0,6.664,11.5,226.52,49.94,1,0.0,5.63,0.337,2.037,27.52
2026-01-24T20:30:00,20.5,5,1,25.31,68.81,0.0,0.0,6.79,11.5,235.18,50.15,1,0.066,5.263,0.672,1.697,28.63
2026-01-24T20:45:00,20.75,5,1,23.89,65.1,0.0,0.0,6.141,11.5,224.0,49.97,1,0.0,5.053,0.0,2.154,26.22
2026-01-24T21:00:00,21.0,5,1,21.45,66.08,0.0,0.0,5.788,11.5,236.19,49.85,1,0.121,5.084,0.0,1.462,23.95
2026-01-24T21:15:00,21.25,5,1,20.86,77.39,0.0,0.0,5.743,11.5,235.71,49.91,1,0.0,4.047,0.323,0.612,22.72
2026-01-24T21:30:00,21.5,5,1,20.14,74.51,0.0,0.0,5.434,11.5,230.13,49.92,1,0.047,3.614,0.138,1.504,22.86
2026-01-24T21:45:00,21.75,5,1,20.74,69.75,0.0,0.0,5.002,11.5,237.95,50.01,1,0.029,3.357,0.0,2.199,23.06
2026-01-24T22:00:00,22.0,5,1,22.69,61.31,0.0,0.0,4.897,4.5,222.96,49.98,1,0.0,3.277,0.0,1.83,25.7
2026-01-24T22:15:00,22.25,5,1,20.25,76.93,0.0,0.0,4.07,4.5,234.42,49.93,1,0.011,3.29,0.0,1.176,22.15
2026-01-24T22:30:00,22.5,5,1,20.39,64.32,0.0,0.0,3.525,4.5,232.49,50.09,1,0.0,2.774,0.0,1.988,21.84
2026-01-24T22:45:00,22.75,5,1,20.2,70.64,0.0,0.0,3.425,4.5,233.0,49.83,1,0.0,2.74,0.464,1.987,23.59
2026-01-24T23:00:00,23.0,5,1,18.59,74.34,0.0,0.0,3.249,4.5,233.08,49.98,1,0.0,1.124,0.0,0.952,20.9
2026-01-24T23:15:00,23.25,5,1,18.12,78.16,0.0,0.0,3.089,4.5,236.79,49.84,1,0.0,1.689,0.0,1.626,20.53
2026-01-24T23:30:00,23.5,5,1,17.79,74.98,0.0,0.0,2.642,4.5,230.02,50.03,1,0.093,1.626,0.502,0.857,20.06
2026-01-24T23:45:00,23.75,5,1,17.58,74.28,0.0,0.0,3.009,4.5,233.13,50.07,1,0.084,1.654,0.0,1.892,19.29
2026-01-25T00:00:00,0.0,6,1,17.52,75.42,0.0,0.0,1.215,4.5,227.13,49.93,1,0.0,1.751,0.043,1.939,20.75
2026-01-25T00:15:00,0.25,6,1,19.59,67.59,0.0,0.0,1.749,4.5,232.46,49.98,1,0.208,0.9,0.0,0.891,22.38
2026-01-25T00:30:00,0.5,6,1,18.16,76.18,0.0,0.0,1.722,4.5,229.54,50.03,1,0.093,1.537,0.0,2.203,20.5
2026-01-25T00:45:00,0.75,6,1,17.5,77.49,0.0,0.0,1.575,4.5,230.74,50.01,1,0.114,1.473,0.027,2.283,21.26
2026-01-25T01:00:00,1.0,6,1,17.75,77.03,0.0,0.0,1.76,4.5,227.68,50.0,1,0.182,1.557,0.228,2.077,20.7
2026-01-25T01:15:00,1.25,6,1,17.93,78.55,0.0,0.0,0.929,4.5,236.77,50.09,1,0.119,1.308,0.026,1.65,20.82
2026-01-25T01:30:00,1.5,6,1,15.16,85.54,0.0,0.0,1.32,4.5,226.95,50.04,1,0.131,1.725,0.074,1.991,17.45
2026-01-25T01:45:00,1.75,6,1,20.34,75.32,0.0,0.0,1.471,4.5,236.4,49.96,1,0.0,1.734,0.0,1.832,22.51
2026-01-25T02:00:00,2.0,6,1,16.14,73.61,0.0,0.0,1.786,4.5,229.78,49.95,1,0.0,1.966,0.0,2.255,19.14
2026-01-25T02:15:00,2.25,6,1,15.92,74.47,0.0,0.0,1.351,4.5,232.56,49.91,1,0.021,2.032,0.653,3.504,18.04
2026-01-25T02:30:00,2.5,6,1,17.1,77.13,0.0,0.0,1.626,4.5,230.84,49.93,1,0.059,1.363,0.24,3.286,19.61
2026-01-25T02:45:00,2.75,6,1,17.35,76.6,0.0,0.0,1.777,4.5,228.91,49.91,1,0.0,1.234,1.603,3.839,19.47
2026-01-25T03:00:00,3.0,6,1,16.97,76.26,0.0,0.0,1.499,4.5,234.76,49.97,1,0.0,1.476,1.793,2.96,20.04
2026-01-25T03:15:00,3.25,6,1,18.06,74.77,0.0,0.0,1.831,4.5,231.99,50.05,1,0.11,1.677,2.017,4.772,20.29
2026-01-25T03:30:00,3.5,6,1,18.98,74.55,0.0,0.0,1.583,4.5,226.38,50.03,1,0.0,1.582,2.104,5.154,22.03
2026-01-25T03:45:00,3.75,6,1,18.33,78.28,0.0,0.0,1.238,4.5,226.51,49.97,1,0.012,1.607,2.673,4.532,21.04
2026-01-25T04:00:00,4.0,6,1,19.12,77.44,0.0,0.0,1.885,4.5,226.67,49.76,1,0.181,1.884,3.299,5.199,22.75
2026-01-25T04:15:00,4.25,6,1,19.21,75.27,0.0,0.0,1.521,4.5,231.7,49.91,1,0.0,2.463,3.468,5.644,22.28
2026-01-25T04:30:00,4.5,6,1,17.91,74.12,0.0,0.0,1.721,4.5,232.66,50.04,1,0.208,2.209,4.047,4.936,20.3
2026-01-25T04:45:00,4.75,6,1,18.84,72.7,0.0,0.0,1.678,4.5,226.67,49.84,1,0.271,2.351,4.526,4.953,20.85
2026-01-25T05:00:00,5.0,6,1,19.43,73.22,0.0,0.0,1.819,4.5,234.15,49.98,1,0.257,2.587,4.185,5.361,21.57
2026-01-25T05:15:00,5.25,6,1,17.81,79.93,0.0,0.0,2.237,4.5,229.48,49.98,1,0.218,2.288,4.148,4.388,20.56
2026-01-25T05:30:00,5.5,6,1,19.81,67.93,0.0,0.0,2.172,4.5,231.11,50.14,1,0.466,3.2,4.966,5.676,22.41
2026-01-25T05:45:00,5.75,6,1,20.43,73.18,0.0,0.0,2.084,4.5,232.17,49.91,1,1.254,3.287,5.364,4.121,22.12
2026-01-25T06:00:00,6.0,6,1,20.99,74.51,18.49,0.166,2.673,7.0,228.63,50.1,1,1.375,3.168,5.297,4.09,23.06
2026-01-25T06:15:00,6.25,6,1,21.2,68.06,38.58,0.347,2.89,7.0,232.3,49.89,1,2.154,4.588,5.637,4.279,23.79
2026-01-25T06:30:00,6.5,6,1,21.74,69.1,77.53,0.698,3.184,7.0,229.47,49.88,1,2.486,4.572,6.088,4.287,24.38
2026-01-25T06:45:00,6.75,6,1,22.82,68.88,153.4,1.381,3.523,7.0,231.97,49.88,1,2.909,4.712,6.216,3.133,24.5
2026-01-25T07:00:00,7.0,6,1,21.99,66.39,169.88,1.529,3.32,7.0,236.04,50.06,1,3.379,5.115,6.387,3.085,24.24
2026-01-25T07:15:00,7.25,6,1,23.23,68.95,220.99,1.989,4.502,7.0,229.56,50.04,0,3.777,5.14,5.833,2.918,26.11
2026-01-25T07:30:00,7.5,6,1,22.23,70.03,285.74,2.572,4.861,7.0,236.46,49.98,1,3.434,5.112,6.387,2.913,25.14
2026-01-25T07:45:00,7.75,6,1,26.8,65.37,311.77,2.806,4.529,7.0,228.71,49.94,1,4.077,4.586,5.852,2.69,28.86
2026-01-25T08:00:00,8.0,6,1,24.21,54.93,345.22,3.107,5.262,7.0,234.53,50.17,1,4.314,5.505,6.367,3.084,27.0
2026-01-25T08:15:00,8.25,6,1,26.54,60.24,387.03,3.483,5.067,7.0,224.66,50.17,1,4.499,4.892,5.586,3.457,28.75
2026-01-25T08:30:00,8.5,6,1,27.14,61.31,415.32,3.738,4.954,7.0,231.34,49.88,1,5.198,5.123,7.046,2.165,30.51
2026-01-25T08:45:00,8.75,6,1,25.13,60.71,493.21,4.439,4.614,7.0,231.09,50.14,1,5.081,4.688,6.614,2.276,28.14
2026-01-25T09:00:00,9.0,6,1,27.37,58.32,492.42,4.432,5.351,7.0,235.36,50.01,1,5.648,3.779,5.422,2.05,29.69
2026-01-25T09:15:00,9.25,6,1,26.89,61.51,519.89,4.679,4.768,7.0,226.95,49.99,1,5.717,4.035,6.417,3.07,29.84
2026-01-25T09:30:00,9.5,6,1,28.11,54.21,577.69,5.199,5.363,7.0,227.76,49.98,1,5.715,3.914,6.272,3.046,30.6
2026-01-25T09:45:00,9.75,6,1,27.07,53.51,578.98,5.211,4.354,7.0,221.49,49.95,1,6.136,3.154,6.052,2.765,29.17
2026-01-25T10:00:00,10.0,6,1,29.52,56.89,611.67,5.505,4.386,7.0,232.78,49.85,1,6.455,2.994,5.65,2.697,32.24
2026-01-25T10:15:00,10.25,6,1,31.26,57.12,635.69,5.721,4.007,7.0,228.74,49.92,1,6.0,2.991,5.834,2.458,34.27
2026-01-25T10:30:00,10.5,6,1,32.15,47.48,653.83,5.884,3.985,7.0,230.85,50.23,1,6.528,2.208,4.995,3.801,35.0
2026-01-25T10:45:00,10.75,6,1,31.6,50.57,667.67,6.009,3.134,7.0,228.37,49.94,1,6.146,2.503,4.783,2.743,34.6
2026-01-25T11:00:00,11.0,6,1,30.14,54.23,701.45,6.313,3.214,7.0,234.23,50.12,1,6.542,3.078,3.885,2.49,33.49
2026-01-25T11:15:00,11.25,6,1,32.91,51.55,686.8,6.181,2.851,7.0,230.32,49.97,1,6.113,2.893,4.457,2.629,34.84
2026-01-25T11:30:00,11.5,6,1,29.27,54.97,711.11,6.4,2.446,7.0,230.7,50.0,1,6.382,2.277,4.636,3.163,31.31
2026-01-25T11:45:00,11.75,6,1,30.64,55.74,676.63,6.09,2.61,7.0,229.85,49.95,1,6.264,2.625,4.43,2.799,33.0
2026-01-25T12:00:00,12.0,6,1,32.55,44.45,708.68,6.378,2.725,7.0,233.01,49.98,1,5.706,2.288,2.917,2.793,35.92
2026-01-25T12:15:00,12.25,6,1,32.91,45.94,676.83,6.091,3.092,7.0,228.18,49.75,1,6.044,2.639,2.866,3.486,35.63
2026-01-25T12:30:00,12.5,6,1,31.3,46.87,710.54,6.395,2.212,7.0,230.37,50.01,1,5.996,2.624,2.387,3.656,34.56
2026-01-25T12:45:00,12.75,6,1,32.02,48.61,706.54,6.359,2.372,7.0,223.23,50.13,1,5.7,2.463,2.09,4.227,34.71
2026-01-25T13:00:00,13.0,6,1,32.3,51.15,655.08,5.896,1.961,7.0,231.24,49.81,1,5.688,2.527,1.356,3.562,35.28
2026-01-25T13:15:00,13.25,6,1,32.9,45.76,654.99,5.895,2.644,7.0,222.04,49.95,1,4.955,2.798,1.361,4.182,34.59
2026-01-25T13:30:00,13.5,6,1,32.44,49.61,650.68,5.856,2.838,7.0,235.2,50.03,1,5.332,3.634,0.902,5.63,34.86
2026-01-25T13:45:00,13.75,6,1,33.17,49.31,627.7,5.649,2.482,7.0,230.18,50.15,1,4.66,2.494,0.898,5.234,35.02
2026-01-25T14:00:00,14.0,6,1,32.05,53.5,648.7,5.838,2.647,7.0,229.01,49.87,1,4.634,2.258,0.525,5.338,34.15
2026-01-25T14:15:00,14.25,6,1,31.5,51.01,565.92,5.093,2.444,7.0,232.45,50.01,1,4.237,2.445,0.0,4.127,34.97
2026-01-25T14:30:00,14.5,6,1,35.04,44.1,578.42,5.206,3.647,7.0,225.79,49.93,1,3.919,3.013,0.03,5.589,37.91
2026-01-25T14:45:00,14.75,6,1,31.01,52.74,538.18,4.844,2.617,7.0,222.7,49.97,1,3.601,2.837,0.0,5.811,33.16
2026-01-25T15:00:00,15.0,6,1,32.24,54.65,505.35,4.548,2.555,7.0,228.11,50.07,1,3.283,3.072,0.0,7.247,35.21
2026-01-25T15:15:00,15.25,6,1,31.68,49.2,481.65,4.335,2.563,7.0,220.7,50.05,1,2.993,3.303,0.256,6.748,34.21
2026-01-25T15:30:00,15.5,6,1,32.44,48.25,421.72,3.796,2.962,7.0,226.17,50.04,1,2.502,3.262,0.0,5.909,33.75
2026-01-25T15:45:00,15.75,6,1,32.77,49.01,405.36,3.648,2.986,7.0,232.18,49.99,1,1.67,3.897,0.0,6.097,35.23
2026-01-25T16:00:00,16.0,6,1,33.59,51.43,364.46,3.28,3.296,7.0,229.78,50.15,1,1.954,3.394,0.0,7.107,35.5
2026-01-25T16:15:00,16.25,6,1,32.3,50.96,322.69,2.904,3.257,7.0,220.91,49.95,1,1.421,3.937,0.0,6.784,34.3
2026-01-25T16:30:00,16.5,6,1,29.75,47.71,268.09,2.413,3.188,7.0,229.36,49.97,1,0.825,5.095,0.018,6.324,32.2
2026-01-25T16:45:00,16.75,6,1,31.11,49.18,201.91,1.817,3.692,7.0,233.24,49.89,1,0.248,5.521,0.0,6.079,33.31
2026-01-25T17:00:00,17.0,6,1,29.08,54.1,194.28,1.749,3.326,7.0,228.44,49.99,1,0.225,5.715,0.745,6.297,31.01
2026-01-25T17:15:00,17.25,6,1,28.92,58.76,150.02,1.35,3.837,7.0,226.81,49.99,1,0.213,4.868,0.086,5.073,31.58
2026-01-25T17:30:00,17.5,6,1,33.3,49.72,91.57,0.824,5.15,7.0,230.97,50.04,1,0.0,5.977,0.127,5.306,35.64
2026-01-25T17:45:00,17.75,6,1,32.37,52.84,33.07,0.298,5.432,7.0,229.24,50.13,1,0.109,5.758,0.0,4.878,34.33
2026-01-25T18:00:00,18.0,6,1,29.88,56.34,9.66,0.087,5.311,11.5,229.98,49.78,1,0.0,6.747,0.0,5.074,32.31
2026-01-25T18:15:00,18.25,6,1,27.72,52.17,0.0,0.0,5.186,11.5,227.33,50.02,1,0.016,6.101,0.0,4.217,30.44
2026-01-25T18:30:00,18.5,6,1,30.22,49.96,0.0,0.0,5.91,11.5,234.05,49.91,1,0.126,6.164,0.0,4.387,33.17
2026-01-25T18:45:00,18.75,6,1,26.87,56.47,0.0,0.0,5.874,11.5,226.42,50.07,1,0.0,6.133,0.812,3.53,29.68
2026-01-25T19:00:00,19.0,6,1,27.46,61.24,0.0,0.0,6.942,11.5,231.58,49.96,1,0.0,6.848,0.0,3.019,29.89
2026-01-25T19:15:00,19.25,6,1,26.9,53.95,0.0,0.0,6.365,11.5,232.07,49.77,1,0.0,6.735,0.0,2.385,29.14
2026-01-25T19:30:00,19.5,6,1,27.03,58.61,0.0,0.0,6.223,11.5,232.82,49.94,1,0.0,6.765,0.101,2.577,29.87
2026-01-25T19:45:00,19.75,6,1,26.39,59.32,0.0,0.0,6.278,11.5,227.05,50.13,1,0.186,6.408,0.0,2.625,29.18
2026-01-25T20:00:00,20.0,6,1,26.47,68.22,0.0,0.0,7.009,11.5,230.22,49.97,1,0.0,5.898,0.0,1.221,28.6
2026-01-25T20:15:00,20.25,6,1,25.53,58.69,0.0,0.0,6.572,11.5,231.54,50.08,1,0.067,5.699,0.0,0.73,28.02
2026-01-25T20:30:00,20.5,6,1,23.94,62.36,0.0,0.0,6.514,11.5,232.77,50.02,1,0.0,5.474,0.0,0.585,26.8
2026-01-25T20:45:00,20.75,6,1,23.24,67.98,0.0,0.0,6.391,11.5,226.33,50.05,1,0.0,5.15,0.045,1.578,25.95
2026-01-25T21:00:00,21.0,6,1,24.89,57.65,0.0,0.0,6.159,11.5,227.15,50.11,1,0.0,4.722,0.159,1.175,26.72
2026-01-25T21:15:00,21.25,6,1,22.32,66.03,0.0,0.0,5.536,11.5,235.32,49.93,1,0.0,3.965,0.336,0.739,24.36
2026-01-25T21:30:00,21.5,6,1,21.65,62.51,0.0,0.0,5.283,11.5,231.09,50.04,1,0.036,3.621,0.519,0.646,23.36
2026-01-25T21:45:00,21.75,6,1,20.17,73.8,0.0,0.0,5.099,11.5,227.06,49.93,1,0.0,3.825,0.085,1.37,21.69
2026-01-25T22:00:00,22.0,6,1,22.2,73.78,0.0,0.0,4.941,4.5,225.62,49.93,1,0.289,3.075,0.0,1.369,24.28
2026-01-25T22:15:00,22.25,6,1,21.24,70.74,0.0,0.0,3.969,4.5,239.16,49.81,1,0.0,2.834,0.098,1.823,23.89
2026-01-25T22:30:00,22.5,6,1,19.71,78.64,0.0,0.0,4.053,4.5,227.6,50.06,1,0.0,2.839,0.0,1.075,22.08
2026-01-25T22:45:00,22.75,6,1,19.94,69.69,0.0,0.0,3.718,4.5,226.24,50.06,1,0.153,2.621,0.763,0.527,23.48
2026-01-25T23:00:00,23.0,6,1,18.62,74.15,0.0,0.0,2.941,4.5,235.42,49.91,1,0.0,1.201,0.154,0.4,20.93
2026-01-25T23:15:00,23.25,6,1,18.9,76.81,0.0,0.0,2.796,4.5,234.7,50.01,1,0.12,0.932,0.186,1.163,21.68
2026-01-25T23:30:00,23.5,6,1,20.36,70.74,0.0,0.0,2.59,4.5,227.75,50.0,1,0.112,1.009,0.0,1.228,22.88
2026-01-25T23:45:00,23.75,6,1,16.28,76.28,0.0,0.0,2.435,4.5,231.66,50.12,1,0.0,1.227,0.808,0.949,18.8
2026-01-26T00:00:00,0.0,0,0,18.12,73.78,0.0,0.0,1.581,4.5,232.3,49.98,0,0.19,0.709,0.0,0.972,20.98
2026-01-26T00:15:00,0.25,0,0,17.76,79.34,0.0,0.0,1.094,4.5,228.89,50.1,1,0.141,0.629,0.0,0.4,19.82
2026-01-26T00:30:00,0.5,0,0,17.06,73.61,0.0,0.0,1.026,4.5,231.53,50.08,1,0.0,0.871,0.0,1.861,17.94
2026-01-26T00:45:00,0.75,0,0,16.69,82.07,0.0,0.0,1.306,4.5,232.42,49.95,1,0.0,1.436,0.0,2.791,19.84
2026-01-26T01:00:00,1.0,0,0,18.3,71.6,0.0,0.0,0.975,4.5,222.7,50.0,1,0.049,1.575,0.138,2.239,20.64
2026-01-26T01:15:00,1.25,0,0,18.81,74.34,0.0,0.0,0.962,4.5,228.71,49.92,1,0.006,1.468,0.169,1.416,21.73
2026-01-26T01:30:00,1.5,0,0,17.39,77.56,0.0,0.0,1.086,4.5,230.36,50.1,1,0.21,1.589,0.157,2.365,19.01
2026-01-26T01:45:00,1.75,0,0,18.49,70.97,0.0,0.0,1.287,4.5,228.32,50.02,1,0.214,0.958,0.366,1.529,20.74
2026-01-26T02:00:00,2.0,0,0,19.57,70.78,0.0,0.0,1.685,4.5,228.97,50.08,1,0.123,0.872,0.0,2.256,21.77
2026-01-26T02:15:00,2.25,0,0,19.95,74.06,0.0,0.0,1.655,4.5,237.38,49.98,1,0.079,0.982,0.513,2.595,22.78
2026-01-26T02:30:00,2.5,0,0,16.39,83.41,0.0,0.0,1.171,4.5,227.45,49.85,1,0.101,1.309,0.887,2.141,18.06
2026-01-26T02:45:00,2.75,0,0,16.41,82.81,0.0,0.0,1.076,4.5,228.27,49.82,1,0.0,0.695,1.353,3.59,18.75
2026-01-26T03:00:00,3.0,0,0,18.17,77.52,0.0,0.0,0.929,4.5,229.73,50.08,1,0.0,1.387,2.394,3.157,21.16
2026-01-26T03:15:00,3.25,0,0,17.6,73.16,0.0,0.0,1.065,4.5,227.34,49.85,1,0.446,1.089,2.502,3.222,20.39
2026-01-26T03:30:00,3.5,0,0,18.74,70.72,0.0,0.0,1.469,4.5,233.82,50.05,1,0.215,1.117,2.322,4.747,20.95
2026-01-26T03:45:00,3.75,0,0,19.29,75.94,0.0,0.0,1.057,4.5,228.67,49.74,1,0.376,1.776,3.144,4.33,22.13
2026-01-26T04:00:00,4.0,0,0,17.55,72.03,0.0,0.0,1.212,4.5,233.79,50.1,1,0.0,1.878,3.305,4.682,19.67
2026-01-26T04:15:00,4.25,0,0,21.77,70.89,0.0,0.0,1.034,4.5,227.33,49.97,1,0.011,1.34,4.055,3.706,24.86
2026-01-26T04:30:00,4.5,0,0,18.06,82.41,0.0,0.0,1.308,4.5,230.44,49.85,1,0.0,1.76,4.156,4.99,20.44
2026-01-26T04:45:00,4.75,0,0,19.59,72.71,0.0,0.0,1.428,4.5,231.31,50.11,1,0.153,2.012,4.915,5.205,21.66
2026-01-26T05:00:00,5.0,0,0,21.0,69.03,0.0,0.0,1.917,4.5,230.2,50.23,1,0.113,2.139,4.913,4.382,23.69
2026-01-26T05:15:00,5.25,0,0,19.25,73.46,0.0,0.0,1.758,4.5,226.64,49.84,1,0.723,2.51,5.576,4.465,21.73
2026-01-26T05:30:00,5.5,0,0,21.54,70.67,0.0,0.0,1.803,4.5,231.97,49.96,1,0.838,2.495,5.77,5.168,23.23
2026-01-26T05:45:00,5.75,0,0,21.81,69.9,0.0,0.0,1.643,4.5,224.61,50.14,1,1.371,3.613,5.952,3.975,24.03
2026-01-26T06:00:00,6.0,0,0,23.17,63.13,0.0,0.0,2.183,7.0,231.22,50.03,1,2.052,3.372,5.914,3.129,24.84
2026-01-26T06:15:00,6.25,0,0,24.14,58.06,65.47,0.589,2.444,7.0,230.67,49.99,1,2.742,3.606,7.446,3.451,26.95
2026-01-26T06:30:00,6.5,0,0,19.76,77.14,111.4,1.003,2.791,7.0,227.8,49.98,1,3.003,4.771,6.377,3.28,22.46
2026-01-26T06:45:00,6.75,0,0,21.46,71.54,155.02,1.395,3.315,7.0,228.05,50.1,1,3.488,4.512,7.123,3.338,24.1
2026-01-26T07:00:00,7.0,0,0,23.47,65.95,217.87,1.961,3.368,7.0,227.35,49.84,1,3.635,4.276,6.62,3.476,26.71
2026-01-26T07:15:00,7.25,0,0,23.52,66.09,268.42,2.416,3.373,7.0,234.06,50.04,1,3.932,4.186,7.917,2.839,24.7
2026-01-26T07:30:00,7.5,0,0,22.53,70.65,322.32,2.901,4.481,7.0,224.9,50.04,1,4.585,4.409,7.714,2.678,25.63
2026-01-26T07:45:00,7.75,0,0,22.25,67.62,360.58,3.245,4.411,7.0,239.79,49.97,1,4.713,4.642,7.354,2.286,25.08
2026-01-26T08:00:00,8.0,0,0,23.37,67.51,397.48,3.577,4.237,7.0,232.36,50.21,1,4.979,4.523,7.401,2.303,25.3
2026-01-26T08:15:00,8.25,0,0,25.92,61.99,450.21,4.052,4.341,7.0,229.47,49.9,1,5.838,4.694,6.79,1.821,28.49
2026-01-26T08:30:00,8.5,0,0,27.24,54.68,524.51,4.721,4.655,7.0,228.04,50.01,1,5.719,4.592,7.224,2.857,28.98
2026-01-26T08:45:00,8.75,0,0,24.1,68.04,547.88,4.931,4.576,7.0,228.04,50.21,1,6.157,4.043,7.559,2.128,26.75
2026-01-26T09:00:00,9.0,0,0,27.1,66.04,562.01,5.058,4.57,7.0,240.78,49.95,1,6.626,3.825,7.117,1.793,30.02
2026-01-26T09:15:00,9.25,0,0,26.35,60.0,650.61,5.855,4.504,7.0,227.69,50.01,1,6.726,3.553,7.532,2.99,28.42
2026-01-26T09:30:00,9.5,0,0,30.82,56.6,654.55,5.891,4.619,7.0,233.32,49.89,1,6.766,3.55,6.359,1.925,32.7
2026-01-26T09:45:00,9.75,0,0,27.65,60.52,700.66,6.306,3.888,7.0,240.18,49.94,1,6.923,2.36,7.001,2.54,30.13
2026-01-26T10:00:00,10.0,0,0,31.19,53.83,728.94,6.56,3.81,7.0,231.04,50.18,1,7.473,2.972,6.118,2.587,33.75
2026-01-26T10:15:00,10.25,0,0,29.88,55.97,744.35,6.699,3.158,7.0,225.43,49.89,1,7.23,2.835,6.311,1.838,32.77
2026-01-26T10:30:00,10.5,0,0,29.59,54.08,741.91,6.677,3.302,7.0,232.47,50.18,1,7.112,2.749,5.688,1.988,32.06
2026-01-26T10:45:00,10.75,0,0,30.29,52.8,782.98,7.047,2.738,7.0,228.04,49.88,1,7.199,2.088,5.682,3.042,32.08
2026-01-26T11:00:00,11.0,0,0,32.59,55.78,818.62,7.368,2.765,7.0,229.49,50.12,1,7.517,2.805,5.911,2.408,35.13
2026-01-26T11:15:00,11.25,0,0,28.23,53.03,818.04,7.362,2.769,7.0,226.9,50.09,1,7.249,2.77,4.142,2.171,29.65
2026-01-26T11:30:00,11.5,0,0,32.8,48.08,808.13,7.273,2.399,7.0,225.51,50.06,1,7.296,2.693,4.881,2.18,35.92
2026-01-26T11:45:00,11.75,0,0,31.45,48.2,826.28,7.436,2.241,7.0,225.33,50.04,1,7.45,2.319,4.099,2.789,33.93
2026-01-26T12:00:00,12.0,0,0,33.03,49.1,850.94,7.658,2.531,7.0,231.59,49.8,1,7.026,2.255,3.509,2.526,34.87
2026-01-26T12:15:00,12.25,0,0,33.9,44.25,809.22,7.283,2.635,7.0,224.34,49.74,1,7.217,2.603,3.72,2.545,36.6
2026-01-26T12:30:00,12.5,0,0,32.18,49.68,810.99,7.299,2.527,7.0,227.6,49.84,1,6.724,2.379,3.284,2.831,35.53
2026-01-26T12:45:00,12.75,0,0,32.16,56.11,806.21,7.256,2.456,7.0,233.03,50.08,1,6.532,2.519,1.581,3.24,34.32
2026-01-26T13:00:00,13.0,0,0,31.81,48.32,787.64,7.089,2.036,7.0,231.07,50.02,1,6.159,2.061,1.324,3.891,34.4
2026-01-26T13:15:00,13.25,0,0,35.24,46.6,793.09,7.138,2.686,7.0,233.76,50.15,1,6.108,1.815,1.551,4.172,37.74
2026-01-26T13:30:00,13.5,0,0,31.75,45.59,749.45,6.745,2.437,7.0,234.0,49.9,1,5.825,2.064,1.145,5.192,34.66
2026-01-26T13:45:00,13.75,0,0,34.34,48.83,743.54,6.692,2.718,7.0,229.54,49.92,1,5.493,2.472,0.246,4.098,37.14
2026-01-26T14:00:00,14.0,0,0,32.78,51.23,709.33,6.384,2.534,7.0,231.12,49.93,1,5.368,1.837,0.349,4.331,35.66
2026-01-26T14:15:00,14.25,0,0,30.58,55.35,679.29,6.114,1.824,7.0,234.24,50.27,1,4.937,2.197,0.008,5.211,33.38
2026-01-26T14:30:00,14.5,0,0,33.67,42.36,653.51,5.882,2.061,7.0,219.94,49.87,1,4.435,2.533,0.0,4.367,36.33
2026-01-26T14:45:00,14.75,0,0,32.33,53.55,617.43,5.557,2.322,7.0,230.75,49.87,1,3.975,2.846,0.175,4.676,34.97
2026-01-26T15:00:00,15.0,0,0,31.56,44.95,578.85,5.21,2.129,7.0,231.0,49.97,1,3.891,2.554,0.034,6.53,34.29
2026-01-26T15:15:00,15.25,0,0,31.96,51.78,558.23,5.024,2.43,7.0,222.61,49.92,1,3.283,3.301,0.419,5.52,34.7
2026-01-26T15:30:00,15.5,0,0,33.77,45.92,528.24,4.754,2.635,7.0,232.43,50.05,1,2.863,3.085,0.18,6.812,35.51
2026-01-26T15:45:00,15.75,0,0,33.14,47.96,459.45,4.135,2.902,7.0,229.14,50.08,1,2.489,3.499,0.002,5.374,36.1
2026-01-26T16:00:00,16.0,0,0,30.72,47.13,413.51,3.722,2.717,7.0,236.51,49.91,1,1.958,3.65,0.0,6.393,32.41
2026-01-26T16:15:00,16.25,0,0,31.08,54.07,367.07,3.304,3.061,7.0,231.01,49.87,1,1.814,3.728,0.0,6.499,33.48
2026-01-26T16:30:00,16.5,0,0,31.6,57.27,329.88,2.969,3.194,7.0,230.83,50.07,1,0.722,4.435,0.0,5.745,34.59
2026-01-26T16:45:00,16.75,0,0,31.79,48.25,276.86,2.492,3.606,7.0,224.84,49.94,1,0.82,3.922,0.0,5.928,33.58
2026-01-26T17:00:00,17.0,0,0,31.05,50.53,211.32,1.902,3.384,7.0,233.21,49.9,1,0.0,4.707,0.483,5.661,33.11
2026-01-26T17:15:00,17.25,0,0,31.08,57.05,170.89,1.538,3.89,7.0,237.19,49.88,1,0.0,5.147,0.18,5.382,34.15
2026-01-26T17:30:00,17.5,0,0,29.75,59.3,78.48,0.706,4.558,7.0,229.16,50.19,1,0.0,5.023,0.0,5.27,32.3
2026-01-26T17:45:00,17.75,0,0,27.91,59.71,74.37,0.669,4.112,7.0,228.94,49.92,1,0.063,5.059,0.151,4.694,30.71
2026-01-26T18:00:00,18.0,0,0,27.06,58.37,0.0,0.0,4.459,11.5,229.37,50.06,1,0.0,5.757,0.0,3.97,29.5
2026-01-26T18:15:00,18.25,0,0,29.46,54.06,0.0,0.0,5.02,11.5,227.42,50.02,1,0.242,5.963,0.346,3.876,32.17
2026-01-26T18:30:00,18.5,0,0,28.88,59.75,0.0,0.0,4.758,11.5,229.08,49.97,1,0.0,5.985,0.0,3.804,32.29
2026-01-26T18:45:00,18.75,0,0,25.28,58.79,0.0,0.0,4.994,11.5,231.33,50.2,1,0.196,5.818,0.132,2.91,27.36
2026-01-26T19:00:00,19.0,0,0,25.53,64.33,0.0,0.0,5.678,11.5,224.64,49.98,1,0.0,6.438,0.371,1.599,28.55
2026-01-26T19:15:00,19.25,0,0,24.95,63.55,0.0,0.0,6.237,11.5,230.71,49.86,1,0.054,6.334,0.0,2.692,27.24
2026-01-26T19:30:00,19.5,0,0,25.53,59.73,0.0,0.0,5.989,11.5,227.19,50.1,1,0.102,6.159,0.0,2.384,27.54
2026-01-26T19:45:00,19.75,0,0,23.69,64.26,0.0,0.0,5.926,11.5,228.51,50.14,1,0.0,6.115,0.465,1.229,26.2
2026-01-26T20:00:00,20.0,0,0,23.29,63.51,0.0,0.0,6.477,11.5,224.7,49.96,1,0.067,5.674,0.299,0.74,25.77
2026-01-26T20:15:00,20.25,0,0,23.39,62.86,0.0,0.0,6.075,11.5,231.58,50.13,1,0.068,4.921,0.14,1.809,25.84
2026-01-26T20:30:00,20.5,0,0,23.41,64.12,0.0,0.0,5.952,11.5,228.97,49.94,1,0.085,5.296,0.068,0.926,25.58
2026-01-26T20:45:00,20.75,0,0,21.56,68.25,0.0,0.0,5.932,11.5,235.9,50.0,1,0.0,4.518,0.0,0.729,23.47
2026-01-26T21:00:00,21.0,0,0,23.59,67.25,0.0,0.0,5.56,11.5,228.64,50.0,1,0.024,3.833,0.252,1.337,26.79
2026-01-26T21:15:00,21.25,0,0,25.72,60.79,0.0,0.0,5.255,11.5,228.4,49.97,1,0.112,4.386,0.0,1.15,28.31
2026-01-26T21:30:00,21.5,0,0,20.84,68.61,0.0,0.0,5.15,11.5,233.67,49.95,1,0.0,3.671,0.121,1.899,24.65
2026-01-26T21:45:00,21.75,0,0,19.47,80.55,0.0,0.0,4.574,11.5,230.32,50.02,1,0.0,3.044,0.0,0.65,21.67
2026-01-26T22:00:00,22.0,0,0,22.05,64.63,0.0,0.0,3.959,4.5,226.02,50.06,1,0.119,2.417,0.043,0.855,23.63
2026-01-26T22:15:00,22.25,0,0,19.9,74.69,0.0,0.0,4.307,4.5,221.85,49.98,1,0.153,2.627,0.0,1.92,22.49
2026-01-26T22:30:00,22.5,0,0,20.58,73.86,0.0,0.0,3.768,4.5,236.45,50.04,1,0.0,1.989,0.312,1.333,23.55
2026-01-26T22:45:00,22.75,0,0,19.72,73.54,0.0,0.0,2.808,4.5,230.73,50.17,1,0.0,1.216,0.0,2.092,22.05
2026-01-26T23:00:00,23.0,0,0,20.39,74.15,0.0,0.0,2.399,4.5,232.66,50.0,1,0.0,0.903,0.082,1.793,23.56
2026-01-26T23:15:00,23.25,0,0,20.07,70.2,0.0,0.0,2.461,4.5,234.38,50.11,1,0.157,1.019,0.0,0.881,23.08
2026-01-26T23:30:00,23.5,0,0,18.98,77.22,0.0,0.0,2.13,4.5,224.0,50.11,1,0.265,1.488,0.0,1.577,21.46
2026-01-26T23:45:00,23.75,0,0,18.99,77.72,0.0,0.0,1.431,4.5,230.13,49.99,1,0.0,1.437,0.016,0.884,20.85
2026-01-27T00:00:00,0.0,1,0,16.61,78.34,0.0,0.0,0.832,4.5,229.38,50.06,1,0.0,1.018,0.0,1.266,18.84
2026-01-27T00:15:00,0.25,1,0,16.56,77.78,0.0,0.0,1.353,4.5,232.46,49.8,1,0.267,1.333,0.0,0.834,19.29
2026-01-27T00:30:00,0.5,1,0,17.14,76.62,0.0,0.0,1.339,4.5,231.49,49.89,1,0.094,1.524,0.0,1.568,19.51
2026-01-27T00:45:00,0.75,1,0,15.04,83.02,0.0,0.0,1.326,4.5,223.83,49.91,1,0.0,1.093,0.0,0.566,17.43
2026-01-27T01:00:00,1.0,1,0,18.51,76.72,0.0,0.0,1.137,4.5,226.21,49.96,1,0.0,0.901,0.174,1.399,20.48
2026-01-27T01:15:00,1.25,1,0,18.67,76.88,0.0,0.0,1.479,4.5,233.0,49.99,1,0.0,1.187,0.015,1.34,20.71
2026-01-27T01:30:00,1.5,1,0,18.28,79.19,0.0,0.0,1.186,4.5,234.68,50.12,1,0.028,1.701,0.0,1.629,20.07
2026-01-27T01:45:00,1.75,1,0,19.78,69.15,0.0,0.0,1.162,4.5,226.91,50.08,1,0.253,1.609,0.19,1.761,22.92
2026-01-27T02:00:00,2.0,1,0,18.35,75.48,0.0,0.0,1.108,4.5,226.43,50.09,1,0.043,1.889,0.103,2.214,20.99
2026-01-27T02:15:00,2.25,1,0,16.84,77.76,0.0,0.0,1.522,4.5,230.2,49.85,1,0.0,1.973,0.526,2.727,18.94
2026-01-27T02:30:00,2.5,1,0,17.28,78.42,0.0,0.0,1.557,4.5,235.96,50.08,1,0.022,1.874,0.406,2.417,20.29
2026-01-27T02:45:00,2.75,1,0,17.25,74.21,0.0,0.0,1.872,4.5,230.7,49.85,1,0.187,0.88,0.378,3.241,19.35
2026-01-27T03:00:00,3.0,1,0,15.93,82.92,0.0,0.0,1.601,4.5,237.96,49.88,1,0.0,1.026,1.648,3.727,18.88
2026-01-27T03:15:00,3.25,1,0,17.73,76.85,0.0,0.0,1.782,4.5,231.98,50.03,1,0.005,0.963,2.059,3.316,20.67
2026-01-27T03:30:00,3.5,1,0,17.69,79.55,0.0,0.0,1.508,4.5,229.27,50.04,1,0.243,1.614,2.137,3.717,20.33
2026-01-27T03:45:00,3.75,1,0,17.91,74.32,0.0,0.0,1.135,4.5,231.17,50.08,1,0.0,0.843,2.545,4.358,19.6
2026-01-27T04:00:00,4.0,1,0,15.43,76.05,0.0,0.0,1.108,4.5,227.84,49.94,1,0.257,1.837,2.754,3.8,16.76
2026-01-27T04:15:00,4.25,1,0,19.13,73.25,0.0,0.0,1.082,4.5,230.41,49.8,1,0.149,1.757,3.048,4.641,21.14
2026-01-27T04:30:00,4.5,1,0,16.36,83.47,0.0,0.0,1.318,4.5,234.25,49.95,1,0.129,1.677,3.88,4.735,19.37
2026-01-27T04:45:00,4.75,1,0,19.01,67.06,0.0,0.0,0.874,4.5,230.93,50.01,1,0.0,2.091,4.131,4.728,21.69
2026-01-27T05:00:00,5.0,1,0,19.57,73.38,0.0,0.0,1.619,4.5,230.99,50.03,1,0.0,2.404,3.814,4.614,21.72
2026-01-27T05:15:00,5.25,1,0,19.36,72.82,0.0,0.0,1.508,4.5,226.36,50.05,1,0.162,1.733,4.458,4.492,21.64
2026-01-27T05:30:00,5.5,1,0,17.28,81.47,0.0,0.0,1.747,4.5,226.34,49.82,1,0.808,2.518,4.359,4.506,19.71
2026-01-27T05:45:00,5.75,1,0,20.26,63.26,0.0,0.0,1.616,4.5,233.07,50.17,1,1.027,2.887,4.458,3.925,22.25
2026-01-27T06:00:00,6.0,1,0,21.87,70.42,0.0,0.0,2.314,7.0,228.47,50.05,1,1.168,3.657,4.82,3.506,24.81
2026-01-27T06:15:00,6.25,1,0,21.41,70.87,37.18,0.335,2.17,7.0,230.49,50.16,1,1.997,3.654,4.824,2.841,23.67
2026-01-27T06:30:00,6.5,1,0,23.45,66.48,66.55,0.599,2.662,7.0,227.18,49.94,1,2.166,3.994,5.925,3.791,25.2
2026-01-27T06:45:00,6.75,1,0,21.62,68.27,109.79,0.988,2.851,7.0,221.2,50.05,1,2.513,3.954,5.33,2.97,23.59
2026-01-27T07:00:00,7.0,1,0,23.26,70.38,142.14,1.279,3.281,7.0,230.42,50.03,1,3.196,3.956,5.513,2.421,25.52
2026-01-27T07:15:00,7.25,1,0,23.55,67.71,195.14,1.756,3.715,7.0,235.49,50.04,1,3.285,4.366,5.624,2.93,25.66
2026-01-27T07:30:00,7.5,1,0,24.79,63.24,245.82,2.212,4.1,7.0,231.71,50.14,1,3.338,4.736,5.841,1.873,27.24
2026-01-27T07:45:00,7.75,1,0,23.89,60.98,273.87,2.465,4.201,7.0,232.63,49.8,1,3.888,4.433,5.739,2.784,26.64
2026-01-27T08:00:00,8.0,1,0,25.21,61.71,313.39,2.82,4.068,7.0,229.84,50.05,1,3.947,4.665,5.706,2.811,27.71
2026-01-27T08:15:00,8.25,1,0,24.98,61.89,366.15,3.295,4.424,7.0,231.24,50.08,1,4.262,4.605,5.598,1.815,26.92
2026-01-27T08:30:00,8.5,1,0,25.36,57.7,408.78,3.679,4.896,7.0,235.8,50.05,1,4.513,4.101,5.679,1.512,28.06
2026-01-27T08:45:00,8.75,1,0,26.48,59.11,434.66,3.912,4.587,7.0,229.65,50.07,1,4.702,4.345,5.774,2.514,27.72
2026-01-27T09:00:00,9.0,1,0,28.64,52.66,425.72,3.831,4.679,7.0,228.04,49.97,1,4.8,3.609,6.057,2.915,31.36
2026-01-27T09:15:00,9.25,1,0,27.34,61.87,457.88,4.121,4.721,7.0,235.34,50.04,1,5.076,3.425,5.829,1.916,30.17
2026-01-27T09:30:00,9.5,1,0,28.48,57.8,502.42,4.522,4.108,7.0,225.08,49.99,1,5.07,3.777,4.651,2.678,30.66
2026-01-27T09:45:00,9.75,1,0,27.86,57.49,510.35,4.593,4.059,7.0,231.99,49.91,1,5.384,3.291,4.861,2.269,30.17
2026-01-27T10:00:00,10.0,1,0,28.34,56.68,552.43,4.972,3.617,7.0,233.63,49.92,1,5.302,2.583,4.797,3.043,31.57
2026-01-27T10:15:00,10.25,1,0,27.38,58.66,550.66,4.956,3.302,7.0,223.64,50.02,1,5.621,2.98,4.36,2.602,29.04
2026-01-27T10:30:00,10.5,1,0,31.75,51.56,598.22,5.384,3.793,7.0,226.23,50.07,1,5.386,2.026,4.418,1.438,34.57
2026-01-27T10:45:00,10.75,1,0,31.08,54.99,599.08,5.392,3.077,7.0,223.77,50.0,1,5.787,2.316,4.463,2.624,33.62
2026-01-27T11:00:00,11.0,1,0,29.25,59.89,603.2,5.429,2.426,7.0,231.79,50.13,1,5.528,2.107,4.974,2.046,31.72
2026-01-27T11:15:00,11.25,1,0,31.53,49.75,639.86,5.759,3.103,7.0,224.73,50.1,1,5.368,1.828,4.286,3.027,34.04
2026-01-27T11:30:00,11.5,1,0,30.33,57.27,622.08,5.599,1.977,7.0,225.76,50.13,1,5.399,2.053,2.955,2.993,32.84
2026-01-27T11:45:00,11.75,1,0,31.52,47.3,633.7,5.703,2.408,7.0,225.46,50.08,1,5.389,2.481,2.95,2.417,34.19
2026-01-27T12:00:00,12.0,1,0,32.43,51.47,619.29,5.574,2.316,7.0,232.07,49.67,1,5.381,2.504,2.642,3.457,34.5
2026-01-27T12:15:00,12.25,1,0,32.02,49.12,612.21,5.51,1.902,7.0,230.9,50.13,1,5.349,2.423,2.392,2.644,34.07
2026-01-27T12:30:00,12.5,1,0,30.28,48.94,596.95,5.373,1.708,7.0,235.26,49.93,1,5.006,2.701,2.129,3.593,32.33
2026-01-27T12:45:00,12.75,1,0,33.53,46.17,612.91,5.516,2.54,7.0,232.76,49.86,1,5.243,2.482,1.479,3.061,35.55
2026-01-27T13:00:00,13.0,1,0,32.4,47.72,619.15,5.572,2.184,7.0,226.52,49.96,1,5.218,2.83,0.708,2.883,35.09
2026-01-27T13:15:00,13.25,1,0,34.04,44.45,567.38,5.106,2.324,7.0,227.67,49.81,1,4.888,2.656,0.997,4.383,36.29
2026-01-27T13:30:00,13.5,1,0,34.47,45.77,578.71,5.208,2.651,7.0,229.03,50.0,1,4.809,2.093,1.056,3.669,36.93
2026-01-27T13:45:00,13.75,1,0,33.96,46.48,578.67,5.208,2.389,7.0,230.5,49.84,1,4.015,2.724,0.0,4.788,36.65
2026-01-27T14:00:00,14.0,1,0,34.87,43.21,556.62,5.01,2.848,7.0,230.26,49.94,1,4.025,2.307,0.0,4.408,37.13
2026-01-27T14:15:00,14.25,1,0,34.65,44.95,523.44,4.711,2.443,7.0,232.12,50.04,1,4.029,2.488,0.0,4.768,37.03
2026-01-27T14:30:00,14.5,1,0,32.68,51.66,501.54,4.514,1.924,7.0,228.93,49.9,1,3.612,2.496,0.0,5.386,34.83
2026-01-27T14:45:00,14.75,1,0,33.04,49.41,442.79,3.985,2.676,7.0,232.3,50.09,1,2.833,2.112,0.09,4.878,34.78
2026-01-27T15:00:00,15.0,1,0,31.93,55.21,443.44,3.991,2.29,7.0,224.75,50.14,1,2.68,3.253,0.0,6.387,34.56
2026-01-27T15:15:00,15.25,1,0,33.42,46.06,441.98,3.978,2.758,7.0,233.22,49.9,1,2.222,2.691,0.604,6.138,36.63
2026-01-27T15:30:00,15.5,1,0,32.72,50.76,403.85,3.635,2.313,7.0,236.83,49.91,1,2.45,3.115,0.176,6.865,35.45
2026-01-27T15:45:00,15.75,1,0,32.23,44.88,348.32,3.135,1.974,7.0,229.1,49.86,1,1.771,3.203,0.0,6.637,34.51
2026-01-27T16:00:00,16.0,1,0,33.2,49.62,311.94,2.807,3.116,7.0,226.78,49.96,1,1.065,3.195,0.39,6.064,35.89
2026-01-27T16:15:00,16.25,1,0,31.65,51.67,258.24,2.324,2.851,7.0,230.47,50.0,1,1.085,3.797,0.596,6.302,34.07
2026-01-27T16:30:00,16.5,1,0,31.91,54.55,258.86,2.33,3.315,7.0,236.95,49.99,1,0.771,3.968,0.0,5.946,34.87
2026-01-27T16:45:00,16.75,1,0,29.67,45.59,215.93,1.943,2.918,7.0,228.85,50.08,1,0.145,4.636,0.393,5.762,32.33
2026-01-27T17:00:00,17.0,1,0,29.42,52.32,159.44,1.435,3.337,7.0,228.96,49.86,1,0.0,4.882,0.316,6.719,31.97
2026-01-27T17:15:00,17.25,1,0,30.48,48.51,108.13,0.973,3.79,7.0,229.84,50.03,1,0.143,4.951,0.0,5.913,33.03
2026-01-27T17:30:00,17.5,1,0,31.39,56.52,78.93,0.71,4.326,7.0,232.69,50.07,1,0.082,4.645,0.446,5.056,33.64
2026-01-27T17:45:00,17.75,1,0,29.69,50.8,36.19,0.326,4.532,7.0,227.9,49.94,1,0.179,5.561,0.0,4.636,32.55
2026-01-27T18:00:00,18.0,1,0,29.38,53.7,0.0,0.0,4.622,11.5,216.72,50.05,1,0.0,5.66,0.0,4.037,31.99
2026-01-27T18:15:00,18.25,1,0,30.22,51.99,0.0,0.0,5.305,11.5,235.01,50.11,1,0.018,5.817,0.212,4.129,32.46
2026-01-27T18:30:00,18.5,1,0,26.81,62.81,0.0,0.0,4.769,11.5,228.93,50.02,1,0.07,6.762,0.0,2.705,28.93
2026-01-27T18:45:00,18.75,1,0,27.71,60.8,0.0,0.0,5.457,11.5,230.28,50.16,1,0.0,6.402,0.362,3.2,29.89
2026-01-27T19:00:00,19.0,1,0,26.38,57.95,0.0,0.0,5.92,11.5,228.36,50.03,1,0.0,6.551,0.0,2.961,28.79
2026-01-27T19:15:00,19.25,1,0,26.09,62.77,0.0,0.0,5.883,11.5,227.25,50.1,1,0.0,6.172,0.0,2.227,28.18
2026-01-27T19:30:00,19.5,1,0,27.11,56.73,0.0,0.0,6.703,11.5,233.96,49.92,1,0.0,5.813,0.874,2.501,29.41
2026-01-27T19:45:00,19.75,1,0,22.96,64.55,0.0,0.0,6.102,11.5,226.4,50.0,1,0.0,6.035,0.483,1.499,25.77
2026-01-27T20:00:00,20.0,1,0,23.5,68.55,0.0,0.0,6.334,11.5,234.83,50.19,1,0.0,5.883,0.0,2.291,24.79
2026-01-27T20:15:00,20.25,1,0,26.71,57.22,0.0,0.0,6.216,11.5,227.29,50.04,1,0.089,5.842,0.0,1.427,28.19
2026-01-27T20:30:00,20.5,1,0,25.31,60.86,0.0,0.0,5.848,11.5,229.41,50.22,1,0.0,5.226,0.293,0.936,28.85
2026-01-27T20:45:00,20.75,1,0,23.69,65.07,0.0,0.0,5.719,11.5,227.97,50.09,1,0.0,4.791,0.149,1.699,26.62
2026-01-27T21:00:00,21.0,1,0,22.72,66.11,0.0,0.0,6.182,11.5,226.97,49.97,1,0.058,4.329,0.0,1.476,26.4
2026-01-27T21:15:00,21.25,1,0,22.1,69.92,0.0,0.0,5.586,11.5,226.58,49.93,1,0.0,3.745,0.0,1.166,24.49
2026-01-27T21:30:00,21.5,1,0,20.56,69.76,0.0,0.0,5.152,11.5,230.93,49.99,1,0.006,3.764,0.0,0.485,23.12
2026-01-27T21:45:00,21.75,1,0,22.18,65.27,0.0,0.0,4.638,11.5,230.45,50.03,1,0.204,3.272,0.0,1.659,24.58
2026-01-27T22:00:00,22.0,1,0,21.47,69.4,0.0,0.0,4.002,4.5,232.23,49.86,1,0.0,3.026,0.0,2.117,23.56
2026-01-27T22:15:00,22.25,1,0,21.86,70.85,0.0,0.0,3.9,4.5,229.01,50.09,1,0.003,2.866,0.0,1.239,24.79
2026-01-27T22:30:00,22.5,1,0,22.3,63.31,0.0,0.0,3.722,4.5,234.6,49.98,1,0.0,2.478,0.0,0.968,25.36
2026-01-27T22:45:00,22.75,1,0,20.95,73.8,0.0,0.0,3.44,4.5,231.58,49.96,1,0.0,2.027,0.106,0.985,23.5
2026-01-27T23:00:00,23.0,1,0,18.23,73.48,0.0,0.0,2.974,4.5,235.1,49.96,1,0.0,1.289,0.449,2.28,21.18
2026-01-27T23:15:00,23.25,1,0,19.54,70.13,0.0,0.0,2.683,4.5,220.84,50.11,1,0.0,1.476,0.0,1.701,21.95
2026-01-27T23:30:00,23.5,1,0,18.42,70.51,0.0,0.0,2.593,4.5,227.7,49.92,1,0.074,1.205,0.0,1.446,20.69
2026-01-27T23:45:00,23.75,1,0,18.14,75.15,0.0,0.0,1.924,4.5,233.87,50.03,1,0.0,1.582,0.589,1.492,20.27
2026-01-28T00:00:00,0.0,2,0,19.41,70.86,0.0,0.0,1.289,4.5,235.91,49.78,1,0.0,1.427,0.254,0.868,21.42
2026-01-28T00:15:00,0.25,2,0,17.85,76.76,0.0,0.0,1.209,4.5,227.42,50.03,1,0.0,0.83,0.0,1.442,20.54
2026-01-28T00:30:00,0.5,2,0,17.01,80.15,0.0,0.0,1.057,4.5,231.31,49.93,1,0.0,0.902,0.42,1.951,19.62
2026-01-28T00:45:00,0.75,2,0,18.03,73.26,0.0,0.0,1.098,4.5,230.56,50.01,1,0.262,1.443,0.0,1.279,20.65
2026-01-28T01:00:00,1.0,2,0,17.24,79.13,0.0,0.0,1.325,4.5,231.21,49.98,1,0.26,1.289,0.354,2.034,19.07
2026-01-28T01:15:00,1.25,2,0,16.55,76.94,0.0,0.0,0.955,4.5,227.33,49.87,1,0.0,1.557,0.0,1.241,18.87
2026-01-28T01:30:00,1.5,2,0,18.35,75.27,0.0,0.0,0.908,4.5,228.95,49.99,1,0.0,0.964,0.789,2.219,21.09
2026-01-28T01:45:00,1.75,2,0,16.88,77.72,0.0,0.0,1.459,4.5,231.79,49.91,1,0.0,1.21,0.01,1.873,19.69
2026-01-28T02:00:00,2.0,2,0,17.11,75.07,0.0,0.0,1.268,4.5,239.17,49.98,1,0.0,1.606,0.032,2.113,19.31
2026-01-28T02:15:00,2.25,2,0,16.49,80.66,0.0,0.0,1.186,4.5,229.69,50.04,1,0.017,1.236,0.41,3.413,18.72
2026-01-28T02:30:00,2.5,2,0,18.97,78.78,0.0,0.0,0.898,4.5,221.52,49.99,1,0.0,1.112,0.969,2.721,21.69
2026-01-28T02:45:00,2.75,2,0,18.01,70.62,0.0,0.0,1.194,4.5,231.25,49.95,1,0.0,1.293,2.219,2.505,20.1
2026-01-28T03:00:00,3.0,2,0,17.17,81.19,0.0,0.0,1.23,4.5,232.9,49.91,1,0.169,1.213,1.962,4.083,19.88
2026-01-28T03:15:00,3.25,2,0,18.4,70.03,0.0,0.0,1.399,4.5,233.85,49.94,1,0.077,1.266,2.58,3.701,21.54
2026-01-28T03:30:00,3.5,2,0,16.63,76.3,0.0,0.0,1.165,4.5,227.25,49.95,1,0.137,1.732,2.93,4.46,18.64
2026-01-28T03:45:00,3.75,2,0,18.6,72.46,0.0,0.0,1.135,4.5,226.67,50.04,1,0.014,1.709,2.428,4.694,20.37
2026-01-28T04:00:00,4.0,2,0,17.51,77.13,0.0,0.0,1.277,4.5,236.06,50.14,1,0.0,1.269,3.493,4.798,19.6
2026-01-28T04:15:00,4.25,2,0,17.96,73.08,0.0,0.0,1.265,4.5,231.86,49.88,1,0.05,1.471,3.949,5.093,20.74
2026-01-28T04:30:00,4.5,2,0,17.72,69.87,0.0,0.0,1.428,4.5,230.41,50.1,1,0.112,2.169,3.569,5.222,20.94
2026-01-28T04:45:00,4.75,2,0,17.06,79.22,0.0,0.0,1.353,4.5,230.3,50.1,1,0.0,2.015,3.969,5.355,20.42
2026-01-28T05:00:00,5.0,2,0,17.66,73.76,0.0,0.0,1.483,4.5,227.74,49.77,1,0.062,2.15,4.301,4.834,20.15
2026-01-28T05:15:00,5.25,2,0,19.01,77.45,0.0,0.0,1.751,4.5,238.17,50.08,1,0.696,2.846,4.911,4.791,22.51
2026-01-28T05:30:00,5.5,2,0,20.73,71.55,0.0,0.0,2.106,4.5,233.96,50.05,1,0.626,2.811,4.57,4.281,22.3
2026-01-28T05:45:00,5.75,2,0,19.29,71.69,0.0,0.0,1.737,4.5,231.47,50.28,1,1.332,2.87,4.685,3.73,21.69
2026-01-28T06:00:00,6.0,2,0,20.11,72.77,0.0,0.0,2.057,7.0,236.19,49.94,1,1.253,3.212,5.815,3.373,22.65
2026-01-28T06:15:00,6.25,2,0,19.51,76.8,55.67,0.501,2.457,7.0,234.97,49.97,1,2.258,3.918,5.414,4.289,20.91
2026-01-28T06:30:00,6.5,2,0,23.58,67.67,72.31,0.651,2.927,7.0,229.17,50.09,1,2.509,3.291,5.569,4.124,25.57
2026-01-28T06:45:00,6.75,2,0,23.39,69.66,171.83,1.546,2.86,7.0,235.76,50.09,1,2.114,4.359,6.558,3.057,25.51
2026-01-28T07:00:00,7.0,2,0,21.74,62.19,154.74,1.393,3.556,7.0,232.81,50.17,1,3.086,4.877,5.664,2.914,24.41
2026-01-28T07:15:00,7.25,2,0,22.12,68.63,211.12,1.9,4.061,7.0,226.17,49.95,1,3.304,4.949,6.451,3.08,24.67
2026-01-28T07:30:00,7.5,2,0,25.12,66.52,274.32,2.469,3.962,7.0,221.42,49.99,1,3.64,4.747,6.867,2.563,28.04
2026-01-28T07:45:00,7.75,2,0,24.88,62.52,289.82,2.608,4.359,7.0,238.28,50.07,1,4.556,5.279,6.347,2.512,27.84
2026-01-28T08:00:00,8.0,2,0,26.65,55.87,339.64,3.057,4.866,7.0,229.92,49.89,1,4.187,4.931,6.477,1.697,28.41
2026-01-28T08:15:00,8.25,2,0,24.78,59.4,389.52,3.506,4.933,7.0,236.6,50.0,1,4.767,4.592,6.78,3.459,26.93
2026-01-28T08:30:00,8.5,2,0,25.31,59.7,403.02,3.627,4.724,7.0,231.23,50.05,1,5.006,4.232,6.024,2.571,27.48
2026-01-28T08:45:00,8.75,2,0,25.99,60.2,474.39,4.269,5.108,7.0,229.37,49.72,1,5.096,3.43,6.62,2.683,28.58
2026-01-28T09:00:00,9.0,2,0,27.07,65.25,485.09,4.366,4.759,7.0,227.43,50.03,1,5.688,3.183,6.753,2.548,28.78
2026-01-28T09:15:00,9.25,2,0,28.38,60.31,538.79,4.849,4.684,7.0,223.87,49.89,1,5.818,3.742,5.898,2.245,30.87
2026-01-28T09:30:00,9.5,2,0,28.78,58.9,544.22,4.898,4.079,7.0,237.07,50.11,1,5.649,3.679,6.211,2.407,31.8
2026-01-28T09:45:00,9.75,2,0,27.71,57.17,567.39,5.107,3.644,7.0,229.75,50.06,1,6.339,3.191,5.798,2.366,30.87
2026-01-28T10:00:00,10.0,2,0,27.87,64.55,618.92,5.57,3.273,7.0,225.97,50.21,1,5.849,2.968,5.023,1.964,29.97
2026-01-28T10:15:00,10.25,2,0,30.82,49.78,631.79,5.686,3.779,7.0,223.06,50.06,1,6.02,3.018,5.259,1.883,34.69
2026-01-28T10:30:00,10.5,2,0,30.59,47.97,623.58,5.612,3.721,7.0,227.15,50.04,1,6.656,2.267,4.61,2.499,32.58
2026-01-28T10:45:00,10.75,2,0,31.14,45.61,673.97,6.066,3.191,7.0,235.69,49.94,1,6.334,2.295,5.86,2.198,32.78
2026-01-28T11:00:00,11.0,2,0,29.3,59.25,672.4,6.052,2.723,7.0,232.34,50.03,1,6.695,2.04,4.799,2.038,31.66
2026-01-28T11:15:00,11.25,2,0,31.28,43.66,676.27,6.086,3.056,7.0,229.98,50.18,1,6.513,1.97,4.116,1.567,34.14
2026-01-28T11:30:00,11.5,2,0,31.48,45.83,729.9,6.569,2.755,7.0,225.79,50.13,1,5.963,2.304,4.583,3.284,34.41
2026-01-28T11:45:00,11.75,2,0,31.96,51.7,700.81,6.307,2.389,7.0,226.9,49.9,1,6.179,2.47,3.507,2.907,34.8
2026-01-28T12:00:00,12.0,2,0,30.04,54.34,725.79,6.532,2.047,7.0,230.98,50.0,1,6.183,2.063,3.376,2.655,32.06
2026-01-28T12:15:00,12.25,2,0,32.86,48.97,727.12,6.544,2.155,7.0,235.43,49.89,1,5.92,1.671,3.579,2.966,36.13
2026-01-28T12:30:00,12.5,2,0,32.48,49.71,692.3,6.231,2.272,7.0,230.36,49.89,1,5.866,2.243,2.403,3.432,34.81
2026-01-28T12:45:00,12.75,2,0,32.98,45.43,691.8,6.226,2.295,7.0,227.82,50.02,1,5.759,1.896,2.366,3.774,36.31
2026-01-28T13:00:00,13.0,2,0,31.89,50.47,690.58,6.215,2.068,7.0,227.11,50.05,1,5.388,2.043,2.194,3.414,34.34
2026-01-28T13:15:00,13.25,2,0,31.51,53.42,662.92,5.966,1.707,7.0,233.78,49.94,1,5.332,2.463,0.795,3.28,35.18
2026-01-28T13:30:00,13.5,2,0,33.01,48.25,669.37,6.024,2.389,7.0,226.24,49.82,1,5.179,3.206,1.465,4.137,35.44
2026-01-28T13:45:00,13.75,2,0,34.31,45.04,631.55,5.684,2.269,7.0,229.95,49.91,1,5.179,2.403,0.495,3.736,36.33
2026-01-28T14:00:00,14.0,2,0,33.25,49.1,581.89,5.237,1.996,7.0,231.88,50.09,1,4.706,1.817,0.361,5.46,35.65
2026-01-28T14:15:00,14.25,2,0,33.21,46.4,586.49,5.278,2.163,7.0,228.18,50.02,1,4.284,2.564,0.075,4.939,35.42
2026-01-28T14:30:00,14.5,2,0,35.06,45.76,548.97,4.941,2.963,7.0,222.98,49.87,1,4.027,2.729,0.296,5.528,38.15
2026-01-28T14:45:00,14.75,2,0,33.22,52.92,558.48,5.026,2.584,7.0,228.29,49.96,1,3.405,3.116,0.607,4.612,37.04
2026-01-28T15:00:00,15.0,2,0,30.56,53.13,508.53,4.577,2.105,7.0,233.04,50.1,1,3.146,2.122,0.0,5.746,32.77
2026-01-28T15:15:00,15.25,2,0,31.33,55.61,486.97,4.383,2.352,7.0,228.92,50.06,1,2.872,2.79,0.433,5.397,33.87
2026-01-28T15:30:00,15.5,2,0,33.81,51.97,458.74,4.129,2.735,7.0,225.46,50.05,1,2.305,3.212,0.158,5.971,36.67
2026-01-28T15:45:00,15.75,2,0,32.98,52.73,399.79,3.598,3.216,7.0,228.61,49.95,1,1.895,3.207,0.0,6.312,35.68
2026-01-28T16:00:00,16.0,2,0,30.04,55.32,325.63,2.931,2.219,7.0,232.58,49.99,1,2.027,3.502,0.0,6.602,30.91
2026-01-28T16:15:00,16.25,2,0,31.77,55.91,324.84,2.924,2.965,7.0,230.87,50.02,1,1.038,3.709,0.0,6.325,33.59
2026-01-28T16:30:00,16.5,2,0,32.1,48.78,262.7,2.364,3.152,7.0,235.91,50.01,1,0.963,4.049,0.0,6.221,34.88
2026-01-28T16:45:00,16.75,2,0,31.22,52.57,218.49,1.966,3.225,7.0,230.71,50.21,1,0.477,3.714,0.0,5.2,33.79
2026-01-28T17:00:00,17.0,2,0,31.29,51.07,217.37,1.956,3.569,7.0,225.83,50.04,1,0.279,5.242,0.492,5.896,33.58
2026-01-28T17:15:00,17.25,2,0,31.83,46.77,122.56,1.103,3.779,7.0,225.64,49.96,1,0.11,5.148,0.0,5.325,34.05
2026-01-28T17:30:00,17.5,2,0,29.78,52.92,105.95,0.954,4.086,7.0,235.25,50.15,1,0.091,5.62,0.0,5.769,32.21
2026-01-28T17:45:00,17.75,2,0,29.72,57.95,52.67,0.474,3.999,7.0,228.81,49.87,1,0.0,5.023,0.0,4.852,31.98
2026-01-28T18:00:00,18.0,2,0,29.15,54.61,11.57,0.104,5.464,11.5,236.23,49.93,1,0.024,5.964,0.0,4.481,31.79
2026-01-28T18:15:00,18.25,2,0,29.25,58.36,0.0,0.0,5.206,11.5,229.73,50.04,1,0.14,5.151,0.038,3.602,32.95
2026-01-28T18:30:00,18.5,2,0,30.34,49.05,0.0,0.0,5.61,11.5,234.83,50.13,1,0.0,6.186,0.147,3.784,32.97
2026-01-28T18:45:00,18.75,2,0,26.6,59.42,0.0,0.0,5.044,11.5,230.67,49.97,1,0.25,6.579,0.0,3.447,28.39
2026-01-28T19:00:00,19.0,2,0,26.09,56.82,0.0,0.0,5.926,11.5,229.18,50.34,1,0.0,6.669,0.427,2.074,28.04
2026-01-28T19:15:00,19.25,2,0,23.95,67.41,0.0,0.0,5.273,11.5,231.21,49.93,1,0.059,5.745,0.277,2.767,26.56
2026-01-28T19:30:00,19.5,2,0,28.26,58.51,0.0,0.0,6.232,11.5,232.4,50.0,1,0.0,6.178,0.434,1.449,31.43
2026-01-28T19:45:00,19.75,2,0,27.3,55.59,0.0,0.0,6.544,11.5,229.74,49.95,1,0.0,5.948,0.0,2.227,29.91
2026-01-28T20:00:00,20.0,2,0,23.96,67.44,0.0,0.0,6.445,11.5,229.15,50.02,1,0.058,6.119,0.176,1.53,26.77
2026-01-28T20:15:00,20.25,2,0,24.11,65.0,0.0,0.0,5.952,11.5,231.17,50.21,1,0.051,5.251,0.04,1.066,27.37
2026-01-28T20:30:00,20.5,2,0,25.76,58.18,0.0,0.0,6.189,11.5,229.85,49.99,1,0.201,5.291,0.0,1.358,28.38
2026-01-28T20:45:00,20.75,2,0,24.94,67.77,0.0,0.0,6.017,11.5,227.81,49.93,1,0.041,4.581,0.041,0.977,27.26
2026-01-28T21:00:00,21.0,2,0,19.51,74.27,0.0,0.0,5.769,11.5,229.57,50.02,1,0.136,4.121,0.0,1.661,21.73
2026-01-28T21:15:00,21.25,2,0,22.86,65.81,0.0,0.0,5.295,11.5,237.17,49.96,1,0.427,3.846,0.028,1.561,25.36
2026-01-28T21:30:00,21.5,2,0,21.89,71.08,0.0,0.0,5.39,11.5,230.66,49.89,1,0.073,3.591,0.247,1.267,24.39
2026-01-28T21:45:00,21.75,2,0,22.43,61.88,0.0,0.0,4.357,11.5,236.62,50.07,1,0.307,3.201,0.219,1.905,23.97
2026-01-28T22:00:00,22.0,2,0,20.49,73.7,0.0,0.0,3.947,4.5,233.16,50.08,1,0.0,2.922,0.0,1.984,22.79
2026-01-28T22:15:00,22.25,2,0,21.59,70.17,0.0,0.0,3.885,4.5,232.44,50.08,1,0.002,2.728,0.0,0.672,24.26
2026-01-28T22:30:00,22.5,2,0,19.98,71.6,0.0,0.0,3.615,4.5,232.41,49.95,1,0.023,2.366,0.458,1.321,23.17
2026-01-28T22:45:00,22.75,2,0,19.54,73.13,0.0,0.0,3.245,4.5,228.95,50.16,1,0.0,2.245,0.0,1.221,22.29
2026-01-28T23:00:00,23.0,2,0,20.71,64.09,0.0,0.0,2.698,4.5,229.37,49.99,1,0.309,1.843,0.0,0.76,22.59
2026-01-28T23:15:00,23.25,2,0,19.85,75.5,0.0,0.0,2.919,4.5,230.83,49.99,1,0.019,1.402,0.0,1.118,21.46
2026-01-28T23:30:00,23.5,2,0,20.25,77.63,0.0,0.0,2.136,4.5,233.83,50.16,1,0.0,1.089,0.371,0.4,23.56
2026-01-28T23:45:00,23.75,2,0,16.25,81.49,0.0,0.0,2.416,4.5,236.33,49.91,1,0.217,1.519,0.0,0.726,18.22
2026-01-29T00:00:00,0.0,3,0,19.17,71.48,0.0,0.0,1.67,4.5,221.22,49.77,1,0.114,1.25,0.614,1.879,22.23
2026-01-29T00:15:00,0.25,3,0,18.52,69.38,0.0,0.0,1.411,4.5,219.34,50.12,1,0.0,1.287,0.0,0.585,22.0
2026-01-29T00:30:00,0.5,3,0,19.33,72.94,0.0,0.0,1.114,4.5,233.05,50.05,1,0.132,0.92,0.0,0.765,22.25
2026-01-29T00:45:00,0.75,3,0,17.65,76.44,0.0,0.0,1.454,4.5,233.8,49.83,1,0.0,1.443,0.0,1.333,20.5
2026-01-29T01:00:00,1.0,3,0,16.37,77.38,0.0,0.0,1.217,4.5,234.07,49.82,1,0.0,1.094,0.055,1.056,18.23
2026-01-29T01:15:00,1.25,3,0,17.63,78.94,0.0,0.0,1.448,4.5,231.54,50.16,1,0.0,0.636,0.0,0.694,20.19
2026-01-29T01:30:00,1.5,3,0,16.5,77.25,0.0,0.0,0.995,4.5,239.21,49.95,1,0.077,1.376,0.0,2.102,19.16
2026-01-29T01:45:00,1.75,3,0,16.25,81.34,0.0,0.0,1.454,4.5,231.34,49.94,1,0.0,1.159,0.0,1.523,18.71
2026-01-29T02:00:00,2.0,3,0,15.66,74.92,0.0,0.0,1.036,4.5,234.49,49.91,1,0.0,1.283,0.0,2.026,18.52
2026-01-29T02:15:00,2.25,3,0,17.29,81.65,0.0,0.0,0.619,4.5,227.51,50.08,1,0.141,1.375,0.464,1.277,19.33
2026-01-29T02:30:00,2.5,3,0,16.77,79.6,0.0,0.0,1.272,4.5,230.5,49.89,1,0.0,0.784,0.574,2.76,19.15
2026-01-29T02:45:00,2.75,3,0,16.49,84.07,0.0,0.0,1.209,4.5,229.4,50.12,1,0.0,0.985,1.187,2.641,18.85
2026-01-29T03:00:00,3.0,3,0,17.17,75.51,0.0,0.0,1.153,4.5,228.65,49.96,1,0.0,1.325,2.346,3.296,19.54
2026-01-29T03:15:00,3.25,3,0,18.32,71.46,0.0,0.0,1.366,4.5,231.26,50.17,1,0.208,0.926,1.495,3.65,20.81
2026-01-29T03:30:00,3.5,3,0,17.94,75.51,0.0,0.0,0.99,4.5,243.41,49.97,1,0.083,1.048,2.417,4.377,21.28
2026-01-29T03:45:00,3.75,3,0,18.61,76.93,0.0,0.0,0.949,4.5,236.8,49.84,1,0.0,1.162,3.143,3.851,21.19
2026-01-29T04:00:00,4.0,3,0,20.87,74.17,0.0,0.0,1.464,4.5,235.34,49.92,1,0.0,1.28,3.075,4.774,23.34
2026-01-29T04:15:00,4.25,3,0,19.51,76.31,0.0,0.0,1.42,4.5,233.61,49.91,1,0.08,1.162,4.63,4.084,22.38
2026-01-29T04:30:00,4.5,3,0,18.33,71.61,0.0,0.0,1.161,4.5,231.27,50.17,1,0.0,2.021,4.477,4.976,21.04
2026-01-29T04:45:00,4.75,3,0,17.07,76.11,0.0,0.0,1.255,4.5,236.63,49.84,1,0.078,2.065,4.601,5.454,19.43
2026-01-29T05:00:00,5.0,3,0,20.81,64.92,0.0,0.0,1.592,4.5,228.16,50.15,1,0.304,2.159,4.168,4.654,22.31
2026-01-29T05:15:00,5.25,3,0,20.57,72.31,0.0,0.0,1.296,4.5,227.76,49.89,1,0.504,1.724,5.304,4.28,23.05
2026-01-29T05:30:00,5.5,3,0,21.65,65.88,0.0,0.0,1.952,4.5,231.56,49.93,1,0.689,2.735,5.776,4.14,24.33
2026-01-29T05:45:00,5.75,3,0,21.96,72.37,0.0,0.0,1.921,4.5,229.06,50.13,1,1.555,3.211,5.167,4.681,26.03
2026-01-29T06:00:00,6.0,3,0,19.78,75.15,0.0,0.0,2.007,7.0,229.53,49.96,1,1.689,3.069,5.776,3.575,22.6
2026-01-29T06:15:00,6.25,3,0,19.68,71.37,38.67,0.348,1.765,7.0,231.6,50.24,1,1.904,4.191,6.473,2.884,21.55
2026-01-29T06:30:00,6.5,3,0,21.39,71.63,96.34,0.867,2.716,7.0,224.94,50.05,1,2.627,3.789,6.528,3.171,24.34
2026-01-29T06:45:00,6.75,3,0,22.79,66.56,158.09,1.423,3.211,7.0,231.93,50.06,1,3.162,4.555,6.687,2.777,25.43
2026-01-29T07:00:00,7.0,3,0,22.54,66.71,196.15,1.765,3.323,7.0,234.06,49.97,1,3.383,4.141,6.352,2.067,24.83
2026-01-29T07:15:00,7.25,3,0,22.55,67.37,210.42,1.894,4.161,7.0,227.96,50.12,1,4.003,4.867,6.913,2.608,24.25
2026-01-29T07:30:00,7.5,3,0,25.36,65.24,292.47,2.632,3.663,7.0,229.08,50.08,1,4.107,4.993,7.194,2.463,27.4
2026-01-29T07:45:00,7.75,3,0,23.7,64.28,327.98,2.952,4.149,7.0,236.18,50.07,1,4.342,4.716,6.748,2.338,25.98
2026-01-29T08:00:00,8.0,3,0,24.96,59.98,380.87,3.428,4.289,7.0,232.93,49.93,1,4.416,4.791,7.308,2.726,27.11
2026-01-29T08:15:00,8.25,3,0,26.9,59.6,412.66,3.714,4.577,7.0,229.24,49.98,1,5.087,4.2,7.076,2.789,29.41
2026-01-29T08:30:00,8.5,3,0,25.15,64.79,453.58,4.082,5.052,7.0,224.69,49.82,1,5.694,3.848,6.673,2.437,26.65
2026-01-29T08:45:00,8.75,3,0,27.95,54.57,485.14,4.366,4.77,7.0,231.02,50.06,1,5.784,4.739,7.351,2.417,30.21
2026-01-29T09:00:00,9.0,3,0,26.26,64.03,531.33,4.782,4.748,7.0,230.58,50.08,1,5.833,4.016,7.493,2.691,30.09
2026-01-29T09:15:00,9.25,3,0,26.12,57.6,561.39,5.052,4.391,7.0,221.35,49.98,1,6.122,3.363,5.975,1.908,28.15
2026-01-29T09:30:00,9.5,3,0,27.8,58.85,623.87,5.615,4.014,7.0,231.72,49.88,1,6.057,3.109,6.338,3.016,30.66
2026-01-29T09:45:00,9.75,3,0,28.81,59.0,615.26,5.537,4.374,7.0,238.08,50.08,1,6.502,3.012,5.702,2.544,32.14
2026-01-29T10:00:00,10.0,3,0,28.01,49.43,653.16,5.878,4.034,7.0,237.81,50.21,1,6.238,2.659,6.027,2.291,30.91
2026-01-29T10:15:00,10.25,3,0,28.23,55.36,673.65,6.063,3.25,7.0,231.37,50.01,1,6.917,2.926,5.983,2.571,31.24
2026-01-29T10:30:00,10.5,3,0,29.69,53.02,679.31,6.114,2.936,7.0,225.05,50.05,1,6.48,2.804,4.926,1.715,31.75
2026-01-29T10:45:00,10.75,3,0,30.56,53.3,721.52,6.494,3.075,7.0,220.0,50.02,1,6.519,2.281,4.847,3.114,33.58
2026-01-29T11:00:00,11.0,3,0,29.36,55.55,724.17,6.518,2.54,7.0,231.61,50.09,1,6.812,1.833,5.194,2.523,31.76
2026-01-29T11:15:00,11.25,3,0,31.79,50.92,757.59,6.818,2.763,7.0,230.43,50.21,1,6.605,2.184,4.263,2.259,34.67
2026-01-29T11:30:00,11.5,3,0,32.94,51.77,744.51,6.701,2.483,7.0,226.99,49.95,1,6.699,2.529,4.941,2.55,35.76
2026-01-29T11:45:00,11.75,3,0,31.91,51.4,743.25,6.689,2.276,7.0,232.34,49.97,1,6.434,2.047,3.546,3.043,33.68
2026-01-29T12:00:00,12.0,3,0,32.49,50.44,768.47,6.916,1.945,7.0,226.57,50.23,1,6.685,2.638,2.853,2.956,33.84
2026-01-29T12:15:00,12.25,3,0,32.86,48.92,749.36,6.744,2.361,7.0,232.68,49.99,1,6.375,2.439,4.045,2.069,36.1
2026-01-29T12:30:00,12.5,3,0,31.29,51.11,733.45,6.601,2.359,7.0,234.12,50.13,1,6.579,2.409,3.158,3.519,33.6
2026-01-29T12:45:00,12.75,3,0,32.27,52.79,737.41,6.637,2.299,7.0,227.4,50.07,1,6.329,2.393,2.061,3.144,34.9
2026-01-29T13:00:00,13.0,3,0,34.24,43.91,720.58,6.485,2.465,7.0,231.64,49.8,1,5.908,2.186,1.552,3.277,36.9
2026-01-29T13:15:00,13.25,3,0,32.2,49.82,709.96,6.39,2.643,7.0,227.09,49.9,1,5.708,3.346,1.031,3.339,35.34
2026-01-29T13:30:00,13.5,3,0,32.82,48.54,713.62,6.423,2.471,7.0,230.65,49.91,1,5.181,2.323,0.994,3.7,34.81
2026-01-29T13:45:00,13.75,3,0,32.82,54.14,682.41,6.142,2.496,7.0,225.73,49.94,1,5.427,2.632,0.767,4.362,36.14
2026-01-29T14:00:00,14.0,3,0,30.95,51.51,669.75,6.028,2.368,7.0,229.91,50.11,1,5.073,2.314,0.0,4.957,33.92
2026-01-29T14:15:00,14.25,3,0,34.83,43.02,646.21,5.816,3.125,7.0,228.91,49.84,1,4.612,2.571,0.0,4.245,37.34
2026-01-29T14:30:00,14.5,3,0,31.28,48.91,613.23,5.519,2.066,7.0,232.67,49.82,1,4.185,2.471,0.268,5.734,32.56
2026-01-29T14:45:00,14.75,3,0,34.89,47.61,576.83,5.191,2.405,7.0,230.69,50.06,1,3.92,2.442,0.036,5.738,36.98
2026-01-29T15:00:00,15.0,3,0,32.27,55.96,555.13,4.996,2.368,7.0,233.69,50.03,1,3.315,3.319,0.311,6.108,34.74
2026-01-29T15:15:00,15.25,3,0,33.28,49.41,501.53,4.514,2.761,7.0,231.19,50.11,1,2.929,2.265,1.022,5.648,35.71
2026-01-29T15:30:00,15.5,3,0,32.28,50.63,471.26,4.241,2.211,7.0,229.56,50.06,1,2.519,3.4,0.0,6.59,34.51
2026-01-29T15:45:00,15.75,3,0,31.91,49.12,429.26,3.863,2.806,7.0,228.76,49.89,1,2.073,3.382,0.0,6.087,34.76
2026-01-29T16:00:00,16.0,3,0,32.73,47.08,375.18,3.377,2.895,7.0,223.48,50.06,1,1.847,3.267,0.417,6.954,35.37
2026-01-29T16:15:00,16.25,3,0,29.01,57.67,337.16,3.034,2.453,7.0,233.62,49.99,1,1.218,3.676,0.0,5.732,31.5
2026-01-29T16:30:00,16.5,3,0,30.58,49.97,285.56,2.57,3.219,7.0,233.04,49.95,1,0.757,3.753,0.0,6.635,32.72
2026-01-29T16:45:00,16.75,3,0,32.85,49.73,229.9,2.069,3.624,7.0,224.43,49.95,1,0.225,4.478,0.0,5.407,35.28
2026-01-29T17:00:00,17.0,3,0,30.77,56.97,212.33,1.911,3.403,7.0,231.32,50.04,1,0.14,4.656,0.0,5.644,33.76
2026-01-29T17:15:00,17.25,3,0,31.45,50.52,158.24,1.424,3.611,7.0,226.56,49.97,1,0.217,4.94,0.253,5.835,33.93
2026-01-29T17:30:00,17.5,3,0,28.89,52.25,105.05,0.945,3.811,7.0,223.01,49.96,1,0.012,5.479,0.087,4.724,32.09
2026-01-29T17:45:00,17.75,3,0,29.83,57.61,34.41,0.31,4.457,7.0,232.2,49.91,1,0.0,5.868,0.266,4.742,32.72
2026-01-29T18:00:00,18.0,3,0,27.57,64.23,1.61,0.015,4.597,11.5,227.66,49.99,1,0.0,6.76,0.0,4.292,30.08
2026-01-29T18:15:00,18.25,3,0,28.45,63.72,0.0,0.0,4.726,11.5,235.3,50.04,1,0.0,5.938,0.0,2.553,30.85
2026-01-29T18:30:00,18.5,3,0,26.09,55.82,0.0,0.0,5.264,11.5,236.0,50.05,1,0.0,6.355,0.073,3.498,27.97
2026-01-29T18:45:00,18.75,3,0,29.4,58.33,0.0,0.0,5.639,11.5,234.8,49.92,1,0.0,5.802,0.0,3.49,31.84
2026-01-29T19:00:00,19.0,3,0,27.82,59.29,0.0,0.0,6.392,11.5,229.35,49.95,1,0.066,6.617,0.991,2.735,30.5
2026-01-29T19:15:00,19.25,3,0,26.87,49.92,0.0,0.0,5.854,11.5,233.26,50.0,1,0.162,5.575,0.0,3.174,29.11
2026-01-29T19:30:00,19.5,3,0,25.42,55.36,0.0,0.0,6.445,11.5,229.66,50.14,1,0.144,6.486,0.0,2.356,28.58
2026-01-29T19:45:00,19.75,3,0,26.2,62.01,0.0,0.0,6.107,11.5,236.76,49.98,0,0.0,6.004,0.555,1.707,29.48
2026-01-29T20:00:00,20.0,3,0,26.12,63.35,0.0,0.0,6.474,11.5,229.13,49.97,1,0.134,5.552,0.529,1.676,28.71
2026-01-29T20:15:00,20.25,3,0,23.87,63.97,0.0,0.0,5.904,11.5,231.7,50.04,1,0.232,5.127,0.0,1.396,26.73
2026-01-29T20:30:00,20.5,3,0,23.22,62.77,0.0,0.0,6.171,11.5,228.25,50.08,1,0.0,4.867,0.0,1.377,25.34
2026-01-29T20:45:00,20.75,3,0,24.58,66.29,0.0,0.0,6.116,11.5,227.29,49.78,1,0.0,4.077,0.278,1.27,26.68
2026-01-29T21:00:00,21.0,3,0,21.64,71.54,0.0,0.0,5.348,11.5,230.34,49.97,1,0.0,4.407,0.057,1.48,24.31
2026-01-29T21:15:00,21.25,3,0,24.12,63.77,0.0,0.0,5.643,11.5,227.12,50.01,1,0.0,3.891,0.213,1.749,25.49
2026-01-29T21:30:00,21.5,3,0,21.54,67.17,0.0,0.0,4.942,11.5,229.69,49.97,1,0.22,3.163,0.048,1.735,24.25
2026-01-29T21:45:00,21.75,3,0,20.55,73.91,0.0,0.0,4.302,11.5,233.7,49.95,1,0.0,3.487,0.0,1.087,23.16
2026-01-29T22:00:00,22.0,3,0,19.12,71.85,0.0,0.0,4.297,4.5,228.69,49.9,1,0.049,3.397,0.0,1.119,22.24
2026-01-29T22:15:00,22.25,3,0,20.29,70.84,0.0,0.0,3.446,4.5,232.14,50.03,1,0.0,2.526,0.0,1.438,23.13
2026-01-29T22:30:00,22.5,3,0,19.78,70.61,0.0,0.0,3.338,4.5,220.29,49.91,1,0.0,2.163,0.709,0.763,22.6
2026-01-29T22:45:00,22.75,3,0,19.29,72.98,0.0,0.0,3.559,4.5,226.14,49.85,1,0.064,1.818,0.0,1.949,21.17
2026-01-29T23:00:00,23.0,3,0,20.0,72.92,0.0,0.0,3.088,4.5,229.92,49.92,1,0.065,1.719,0.284,0.564,22.22
2026-01-29T23:15:00,23.25,3,0,19.03,74.35,0.0,0.0,2.374,4.5,236.09,49.89,1,0.038,1.371,0.0,1.531,21.3
2026-01-29T23:30:00,23.5,3,0,18.63,73.86,0.0,0.0,2.531,4.5,224.76,50.06,1,0.0,1.244,0.106,0.71,20.78
2026-01-29T23:45:00,23.75,3,0,15.97,76.58,0.0,0.0,2.205,4.5,239.38,49.92,1,0.0,1.313,0.582,1.766,19.15
2026-01-30T00:00:00,0.0,4,0,18.96,69.3,0.0,0.0,1.618,4.5,220.01,49.92,1,0.0,1.412,0.0,1.826,20.34
2026-01-30T00:15:00,0.25,4,0,17.78,75.72,0.0,0.0,1.538,4.5,226.39,50.11,1,0.0,1.399,0.0,0.4,20.68
2026-01-30T00:30:00,0.5,4,0,18.25,74.27,0.0,0.0,1.058,4.5,233.07,50.18,1,0.0,1.446,0.346,1.249,20.8
2026-01-30T00:45:00,0.75,4,0,18.38,77.33,0.0,0.0,1.258,4.5,228.94,49.88,1,0.033,1.174,0.0,0.554,20.79
2026-01-30T01:00:00,1.0,4,0,15.32,79.57,0.0,0.0,1.248,4.5,232.7,49.81,1,0.204,1.011,0.0,1.383,17.27
2026-01-30T01:15:00,1.25,4,0,17.89,78.72,0.0,0.0,1.265,4.5,224.55,49.83,1,0.0,0.869,0.179,0.843,21.05
2026-01-30T01:30:00,1.5,4,0,15.99,75.31,0.0,0.0,1.448,4.5,231.83,50.26,1,0.01,0.963,0.0,0.755,18.4
2026-01-30T01:45:00,1.75,4,0,17.8,72.41,0.0,0.0,0.922,4.5,239.13,50.0,1,0.056,1.306,0.0,1.524,19.89
2026-01-30T02:00:00,2.0,4,0,15.47,84.64,0.0,0.0,0.937,4.5,230.6,50.09,1,0.0,1.801,0.019,1.816,17.38
2026-01-30T02:15:00,2.25,4,0,16.45,80.87,0.0,0.0,1.081,4.5,227.52,50.07,1,0.0,1.186,0.0,2.452,19.01
2026-01-30T02:30:00,2.5,4,0,16.33,79.65,0.0,0.0,0.922,4.5,230.58,50.05,1,0.026,1.173,0.589,3.307,19.46
2026-01-30T02:45:00,2.75,4,0,15.39,78.23,0.0,0.0,1.374,4.5,227.12,49.99,1,0.055,1.698,1.312,3.465,17.97
2026-01-30T03:00:00,3.0,4,0,17.61,74.28,0.0,0.0,1.665,4.5,232.09,50.02,1,0.0,1.614,1.775,3.572,20.81
2026-01-30T03:15:00,3.25,4,0,16.49,76.01,0.0,0.0,1.366,4.5,232.04,49.99,1,0.101,0.753,2.015,4.272,19.88
2026-01-30T03:30:00,3.5,4,0,18.29,75.35,0.0,0.0,1.039,4.5,231.83,50.09,1,0.228,1.059,2.567,2.955,20.56
2026-01-30T03:45:00,3.75,4,0,17.04,74.79,0.0,0.0,1.651,4.5,231.74,49.89,1,0.087,0.959,2.568,4.66,19.35
2026-01-30T04:00:00,4.0,4,0,18.55,70.22,0.0,0.0,1.438,4.5,227.17,49.93,1,0.0,1.607,2.467,4.277,21.38
2026-01-30T04:15:00,4.25,4,0,17.41,75.41,0.0,0.0,0.971,4.5,230.79,50.05,1,0.0,1.133,3.538,4.673,20.72
2026-01-30T04:30:00,4.5,4,0,18.9,69.71,0.0,0.0,1.116,4.5,227.82,50.01,1,0.0,1.59,4.056,5.091,21.93
2026-01-30T04:45:00,4.75,4,0,18.47,79.11,0.0,0.0,1.229,4.5,236.83,49.99,1,0.251,1.888,3.014,4.82,21.62
2026-01-30T05:00:00,5.0,4,0,17.19,77.09,0.0,0.0,1.444,4.5,223.69,49.99,1,0.082,2.226,3.765,5.023,19.83
2026-01-30T05:15:00,5.25,4,0,20.56,69.2,0.0,0.0,1.324,4.5,229.32,50.17,1,0.199,2.369,3.859,4.383,23.41
2026-01-30T05:30:00,5.5,4,0,22.04,67.53,0.0,0.0,1.517,4.5,232.62,50.2,1,0.148,2.803,4.015,3.208,24.14
2026-01-30T05:45:00,5.75,4,0,21.9,69.62,0.0,0.0,1.933,4.5,231.89,49.88,1,1.36,3.078,4.452,4.797,24.32
2026-01-30T06:00:00,6.0,4,0,19.44,70.46,0.85,0.008,2.103,7.0,226.91,50.0,1,1.441,3.839,4.471,3.849,21.27
2026-01-30T06:15:00,6.25,4,0,21.85,73.73,42.27,0.38,2.46,7.0,229.92,50.07,1,2.368,3.704,5.035,3.546,23.23
2026-01-30T06:30:00,6.5,4,0,22.32,66.55,60.48,0.544,2.962,7.0,227.27,50.1,1,2.12,3.771,4.786,3.156,24.85
2026-01-30T06:45:00,6.75,4,0,23.34,68.21,113.05,1.017,2.907,7.0,231.45,49.99,1,2.089,5.0,5.0,2.622,26.3
2026-01-30T07:00:00,7.0,4,0,22.52,66.18,162.11,1.459,3.446,7.0,226.32,49.96,1,2.752,4.582,4.766,3.164,24.74
2026-01-30T07:15:00,7.25,4,0,22.84,70.15,234.25,2.108,3.574,7.0,230.02,49.89,1,3.045,4.488,4.843,3.265,25.77
2026-01-30T07:30:00,7.5,4,0,23.36,67.57,265.26,2.387,3.956,7.0,223.74,50.05,1,3.567,5.39,5.925,1.991,24.62
2026-01-30T07:45:00,7.75,4,0,24.33,66.71,256.6,2.309,4.737,7.0,231.41,49.96,1,3.893,4.469,5.283,2.339,27.36
2026-01-30T08:00:00,8.0,4,0,25.86,58.65,289.31,2.604,4.33,7.0,228.78,50.05,1,4.089,4.722,5.754,2.155,28.29
2026-01-30T08:15:00,8.25,4,0,24.63,59.15,339.58,3.056,4.634,7.0,228.72,50.05,1,4.087,4.304,5.623,2.399,27.07
2026-01-30T08:30:00,8.5,4,0,28.34,55.26,377.58,3.398,5.026,7.0,226.03,50.06,1,4.376,4.206,5.448,2.277,30.15
2026-01-30T08:45:00,8.75,4,0,24.31,61.57,415.49,3.739,4.599,7.0,228.01,50.02,1,4.768,4.392,5.768,3.015,26.9
2026-01-30T09:00:00,9.0,4,0,27.32,55.99,445.13,4.006,4.576,7.0,233.27,50.05,1,4.608,3.406,5.361,1.636,30.74
2026-01-30T09:15:00,9.25,4,0,28.42,55.6,447.96,4.032,4.501,7.0,230.11,50.15,1,4.94,3.822,5.43,1.776,29.94
2026-01-30T09:30:00,9.5,4,0,28.05,60.19,514.13,4.627,4.068,7.0,229.39,49.89,1,5.493,3.011,4.716,1.753,29.9
2026-01-30T09:45:00,9.75,4,0,30.31,56.15,509.46,4.585,4.45,7.0,228.4,49.94,1,5.388,3.132,5.014,3.177,34.14
2026-01-30T10:00:00,10.0,4,0,28.61,53.07,513.61,4.623,3.612,7.0,235.38,49.8,1,4.899,2.836,5.565,2.644,29.98
2026-01-30T10:15:00,10.25,4,0,30.43,57.28,537.77,4.84,3.654,7.0,232.08,49.9,1,5.441,3.072,4.98,1.528,33.0
2026-01-30T10:30:00,10.5,4,0,28.0,58.07,593.17,5.338,3.203,7.0,225.55,49.91,1,5.64,1.776,4.269,2.293,30.06
2026-01-30T10:45:00,10.75,4,0,32.2,48.55,587.78,5.29,2.935,7.0,231.71,49.98,1,5.478,2.593,4.228,1.89,35.78
2026-01-30T11:00:00,11.0,4,0,30.74,52.9,580.32,5.223,3.053,7.0,230.99,50.14,1,5.514,2.553,4.405,2.22,32.98
2026-01-30T11:15:00,11.25,4,0,31.23,51.95,592.27,5.33,2.728,7.0,235.19,49.97,1,5.436,1.58,2.804,2.599,33.74
2026-01-30T11:30:00,11.5,4,0,28.91,50.46,629.83,5.668,1.975,7.0,226.45,50.01,1,5.196,1.648,4.151,1.934,31.37
2026-01-30T11:45:00,11.75,4,0,30.82,52.09,598.03,5.382,2.398,7.0,228.21,50.0,1,5.227,2.322,3.065,2.497,34.24
2026-01-30T12:00:00,12.0,4,0,32.7,44.66,620.65,5.586,2.413,7.0,237.61,49.85,1,5.097,1.876,3.377,3.391,36.23
2026-01-30T12:15:00,12.25,4,0,32.89,46.84,622.39,5.602,1.652,7.0,228.62,50.08,1,5.743,1.762,2.636,2.19,35.54
2026-01-30T12:30:00,12.5,4,0,33.59,51.41,590.48,5.314,1.943,7.0,233.78,50.0,1,5.309,2.269,2.019,2.528,36.0
2026-01-30T12:45:00,12.75,4,0,32.82,46.8,608.13,5.473,2.36,7.0,228.57,49.98,1,5.198,3.117,2.359,4.136,35.25
2026-01-30T13:00:00,13.0,4,0,31.22,52.86,613.8,5.524,2.059,7.0,223.15,49.95,1,4.914,2.453,1.85,3.514,34.12
2026-01-30T13:15:00,13.25,4,0,30.91,48.95,621.33,5.592,1.966,7.0,227.35,50.04,1,4.58,1.987,1.394,4.293,33.6
2026-01-30T13:30:00,13.5,4,0,32.61,49.78,586.92,5.282,2.448,7.0,228.38,50.0,1,4.269,2.35,1.08,4.732,35.76
2026-01-30T13:45:00,13.75,4,0,34.58,40.96,555.53,5.0,3.072,7.0,225.99,50.07,1,4.127,2.215,0.034,4.199,37.64
2026-01-30T14:00:00,14.0,4,0,34.48,43.13,552.01,4.968,2.612,7.0,224.33,49.85,1,4.234,2.34,0.0,4.296,36.83
2026-01-30T14:15:00,14.25,4,0,33.7,47.62,538.18,4.844,2.145,7.0,233.1,50.0,1,3.482,2.661,0.213,5.051,36.25
2026-01-30T14:30:00,14.5,4,0,33.7,44.29,480.9,4.328,2.337,7.0,232.94,50.1,1,3.526,2.879,0.0,5.585,36.26
2026-01-30T14:45:00,14.75,4,0,33.56,49.82,464.16,4.177,2.345,7.0,225.57,49.78,1,3.182,3.142,0.699,5.548,36.25
2026-01-30T15:00:00,15.0,4,0,31.6,47.09,458.96,4.131,2.187,7.0,222.97,49.85,1,2.881,3.281,0.507,5.438,33.81
2026-01-30T15:15:00,15.25,4,0,31.85,52.69,385.6,3.47,2.609,7.0,229.39,50.12,1,2.525,2.552,0.291,6.258,35.22
2026-01-30T15:30:00,15.5,4,0,31.57,53.55,393.41,3.541,2.539,7.0,227.68,49.96,1,2.183,2.8,0.0,5.561,34.68
2026-01-30T15:45:00,15.75,4,0,33.42,45.37,348.1,3.133,3.006,7.0,236.08,50.03,1,2.022,3.74,0.0,6.071,35.94
2026-01-30T16:00:00,16.0,4,0,31.76,47.75,315.34,2.838,3.408,7.0,233.1,49.77,1,1.552,3.275,0.123,5.58,34.6
2026-01-30T16:15:00,16.25,4,0,29.97,52.32,288.24,2.594,2.619,7.0,241.66,50.06,1,1.292,3.649,0.0,6.707,31.87
2026-01-30T16:30:00,16.5,4,0,30.42,55.8,238.91,2.15,2.817,7.0,226.31,50.17,1,0.671,3.779,0.0,6.215,32.98
2026-01-30T16:45:00,16.75,4,0,30.68,52.16,195.8,1.762,3.518,7.0,228.99,49.89,1,0.536,4.127,0.0,5.822,33.53
2026-01-30T17:00:00,17.0,4,0,31.89,49.29,177.91,1.601,3.642,7.0,235.23,49.96,1,0.0,4.607,0.088,6.208,34.01
2026-01-30T17:15:00,17.25,4,0,31.87,53.98,137.69,1.239,3.605,7.0,224.21,49.95,1,0.0,4.718,0.0,5.14,34.66
2026-01-30T17:30:00,17.5,4,0,30.38,57.57,82.79,0.745,3.891,7.0,224.68,49.98,1,0.06,5.579,0.0,5.773,32.51
2026-01-30T17:45:00,17.75,4,0,29.22,54.54,38.22,0.344,3.926,7.0,232.73,50.05,1,0.0,5.717,0.186,4.525,31.13
2026-01-30T18:00:00,18.0,4,0,28.35,55.79,0.0,0.0,4.358,11.5,234.95,49.87,1,0.0,5.456,0.462,5.085,30.5
2026-01-30T18:15:00,18.25,4,0,30.14,52.87,0.0,0.0,4.807,11.5,231.34,49.9,1,0.237,5.797,0.0,3.931,32.42
2026-01-30T18:30:00,18.5,4,0,27.2,57.14,0.0,0.0,5.453,11.5,223.07,50.02,1,0.288,5.448,0.0,3.811,29.36
2026-01-30T18:45:00,18.75,4,0,28.81,59.38,0.0,0.0,5.876,11.5,224.85,49.81,1,0.0,6.106,0.211,3.667,32.37
2026-01-30T19:00:00,19.0,4,0,27.93,56.61,0.0,0.0,5.52,11.5,226.82,49.88,1,0.151,6.294,0.0,3.249,31.06
2026-01-30T19:15:00,19.25,4,0,27.57,60.55,0.0,0.0,5.892,11.5,228.58,50.04,1,0.0,6.274,0.05,2.706,29.34
2026-01-30T19:30:00,19.5,4,0,26.53,58.26,0.0,0.0,5.644,11.5,230.68,49.91,1,0.331,6.077,0.0,2.333,28.8
2026-01-30T19:45:00,19.75,4,0,23.98,66.5,0.0,0.0,6.025,11.5,236.83,50.21,1,0.181,5.466,0.243,1.559,26.99
2026-01-30T20:00:00,20.0,4,0,26.01,62.56,0.0,0.0,6.286,11.5,232.64,50.07,1,0.139,5.498,0.339,1.997,28.51
2026-01-30T20:15:00,20.25,4,0,22.95,74.79,0.0,0.0,6.07,11.5,230.45,50.05,1,0.0,5.796,0.401,2.197,25.0
2026-01-30T20:30:00,20.5,4,0,23.85,67.09,0.0,0.0,6.127,11.5,234.46,50.06,1,0.0,5.618,0.252,1.877,26.45
2026-01-30T20:45:00,20.75,4,0,23.54,64.39,0.0,0.0,5.719,11.5,228.34,50.08,1,0.0,4.723,0.0,1.968,26.8
2026-01-30T21:00:00,21.0,4,0,21.31,74.66,0.0,0.0,5.54,11.5,230.23,49.96,1,0.0,4.645,0.049,1.528,23.32
2026-01-30T21:15:00,21.25,4,0,22.7,65.76,0.0,0.0,5.294,11.5,229.62,49.95,1,0.147,3.786,0.276,2.637,25.48
2026-01-30T21:30:00,21.5,4,0,21.27,71.05,0.0,0.0,5.456,11.5,229.2,50.01,1,0.0,3.264,0.119,2.446,22.94
2026-01-30T21:45:00,21.75,4,0,20.37,69.53,0.0,0.0,4.649,11.5,230.85,50.22,1,0.0,3.481,0.012,1.804,22.91
2026-01-30T22:00:00,22.0,4,0,21.9,69.61,0.0,0.0,5.042,4.5,225.43,49.91,1,0.0,3.602,0.0,2.009,24.59
2026-01-30T22:15:00,22.25,4,0,20.51,74.25,0.0,0.0,3.573,4.5,235.39,50.11,1,0.0,2.823,0.171,1.286,23.07
2026-01-30T22:30:00,22.5,4,0,20.75,68.64,0.0,0.0,3.456,4.5,236.04,49.9,1,0.048,2.197,0.0,2.084,23.64
2026-01-30T22:45:00,22.75,4,0,19.96,72.89,0.0,0.0,3.45,4.5,233.88,50.03,1,0.0,2.375,0.089,2.163,23.2
2026-01-30T23:00:00,23.0,4,0,18.6,74.03,0.0,0.0,3.385,4.5,229.19,50.01,1,0.044,1.867,0.374,2.162,21.2
2026-01-30T23:15:00,23.25,4,0,18.5,77.21,0.0,0.0,2.708,4.5,228.44,49.96,1,0.209,2.043,0.0,1.967,21.38
2026-01-30T23:30:00,23.5,4,0,16.39,76.39,0.0,0.0,2.348,4.5,236.48,50.03,1,0.0,2.025,0.392,2.234,18.37
2026-01-30T23:45:00,23.75,4,0,17.01,81.72,0.0,0.0,1.986,4.5,232.41,49.95,1,0.156,2.141,0.0,1.965,18.91
